highlight_task_uuid,task_url,tua_uuid,article_batch_name,article_number,article_filename,article_sha256,article_text_length,destination,task_redundancy,taskrun_count,ah_taskrun_uuid,contributor_uuid,created,finish_time,elapsed_seconds,hg_tua_uuid,namespace,topic_name,case_number,highlight_count,submitted_tua
f4e1b1e2-ac88-4ff3-8130-5acadce90ac5,https://pe.goodlylabs.org/project/BETA_Semantics_Triage/task/1320,,Demo2,100000,healtharticle1.txt,ba27710859a59ea47ecc9f7223addd3ed9332a340cb6a21f820c86208c1445bf,3515,PYBOSSA,17,2,c1fa9bd9-d9da-4394-a504-3a79df7c912c,e1ae8875-a398-4dde-8f4e-4b21109784e3,2018-10-03 21:18:05.184307,2018-10-03 21:35:56.217168,1071.032861,bc70e17e-e890-488d-a581-5f03583f4fe4,Reasoning_2018_08_21,Reasoning,1,1,"[{""start"": 2419, ""case_number"": 1, ""end"": 2758, ""text"": ""I'm not sure each one of the findings is completely a surprise or new, but it does certainly validate what we think. Sometimes, the challenge with other studies, they might be much smaller, or the sample might not be selected properly, might be biased, so I think the methodology in terms of the sampling and sample size is a real strength""}]"
f4e1b1e2-ac88-4ff3-8130-5acadce90ac5,https://pe.goodlylabs.org/project/BETA_Semantics_Triage/task/1320,,Demo2,100000,healtharticle1.txt,ba27710859a59ea47ecc9f7223addd3ed9332a340cb6a21f820c86208c1445bf,3515,PYBOSSA,17,2,c1fa9bd9-d9da-4394-a504-3a79df7c912c,e1ae8875-a398-4dde-8f4e-4b21109784e3,2018-10-03 21:18:05.184307,2018-10-03 21:35:56.217168,1071.032861,b1ead0f4-a594-4766-baa9-21c2fa831aff,Reasoning_2018_08_21,Reasoning,2,1,"[{""start"": 2983, ""case_number"": 2, ""end"": 3511, ""text"": ""Gruber advises parents to stay on top of their child's sleep schedule, as teenagers are not always able to manage their own sleep and may not know when is the best time to turn out the lights.\n\n\""I think my message to parents is that it is a priority. It will make a huge difference in their children's lives and performance and mood and behavior,\"" Gruber said. \""My experience, my impression, is that it's something that we still need to prioritize as parents just like what we do with other things we know are unhealthy for kids""}]"
f4e1b1e2-ac88-4ff3-8130-5acadce90ac5,https://pe.goodlylabs.org/project/BETA_Semantics_Triage/task/1320,,Demo2,100000,healtharticle1.txt,ba27710859a59ea47ecc9f7223addd3ed9332a340cb6a21f820c86208c1445bf,3515,PYBOSSA,17,2,c1fa9bd9-d9da-4394-a504-3a79df7c912c,e1ae8875-a398-4dde-8f4e-4b21109784e3,2018-10-03 21:18:05.184307,2018-10-03 21:35:56.217168,1071.032861,6c6024bf-6080-4c50-afaa-a4b2b51398a9,Evidence_2018_08_21,Evidence,1,6,"[{""start"": 2762, ""case_number"": 1, ""end"": 2981, ""text"": ""Weaver and Gruber both note the limitations of the study include the fact that the data are self-reported by participants and that the research does not show a causal relationship between sleep and higher risk behaviors""}, {""start"": 244, ""case_number"": 1, ""end"": 360, ""text"": ""Fewer hours of sleep on an average school night [is] associated with increased odds of all selected unsafe behaviors""}, {""start"": 382, ""case_number"": 1, ""end"": 706, ""text"": ""including risk-taking while driving, such as drunken driving, potentially unsafe sexual activity, aggressive behavior and use of alcohol, tobacco and other drugs.\n\nParticipants' sleep duration was categorized as eight hours or more, seven hours, six hours or less than six hours and then measured against high-risk behaviors""}, {""start"": 786, ""case_number"": 1, ""end"": 1171, ""text"": ""the strongest associations in relation to mood and self-harm. Teens who slept for less than six hours per night\u00a0were three times more likely to report considering suicide, planning a suicide attempt or attempting suicide, compared with teens who slept eight hours or more. They were also four times more likely to have reported a suicide attempt that resulted in them needing treatment""}, {""start"": 1195, ""case_number"": 1, ""end"": 1467, ""text"": ""data from from February 2007 to May 2015 from the Youth Risk Behavior Survey, a US-based survey exploring behaviors related to health risks in youth, and found that more than 70% of high school students were getting less than\u00a0the recommended\u00a0eight hours of sleep per night""}, {""start"": 1811, ""case_number"": 1, ""end"": 2015, ""text"": ""Our study adds to this literature by using a larger updated data set over a longer study interval and by incorporating more granular sleep information and looking at a wider array of risk taking behaviors""}]"
f4e1b1e2-ac88-4ff3-8130-5acadce90ac5,https://pe.goodlylabs.org/project/BETA_Semantics_Triage/task/1320,,Demo2,100000,healtharticle1.txt,ba27710859a59ea47ecc9f7223addd3ed9332a340cb6a21f820c86208c1445bf,3515,PYBOSSA,17,2,c1fa9bd9-d9da-4394-a504-3a79df7c912c,e1ae8875-a398-4dde-8f4e-4b21109784e3,2018-10-03 21:18:05.184307,2018-10-03 21:35:56.217168,1071.032861,1bf352d3-23ae-4e04-acec-592a47aff95a,Probability_2018_09_04,Probability,1,4,"[{""start"": 146, ""case_number"": 1, ""end"": 172, ""text"": ""associated with how likely""}, {""start"": 297, ""case_number"": 1, ""end"": 327, ""text"": ""associated with increased odds""}, {""start"": 898, ""case_number"": 1, ""end"": 926, ""text"": ""were three times more likely""}, {""start"": 1074, ""case_number"": 1, ""end"": 1096, ""text"": ""four times more likely""}]"
a30899a2-ddd5-4998-8c22-f98e29a3c80e,https://pe.goodlylabs.org/project/BETA_Semantics_Triage/task/1318,,Demo2,100001,politicalarticle3.txt,d75045768087d2dc0161022e64d3dd2f2387947560e95781fd23e75780833972,1671,PYBOSSA,17,4,b14326ee-5b16-4944-9d35-1aa1b732c93b,e1ae8875-a398-4dde-8f4e-4b21109784e3,2018-10-03 21:09:22.596981,2018-10-03 21:18:05.025591,522.42861,feb58f26-c75f-4971-be04-b70956e95206,Language_2018_08_21,Language,1,4,"[{""start"": 43, ""case_number"": 1, ""end"": 60, ""text"": ""cult-like' figure""}, {""start"": 192, ""case_number"": 1, ""end"": 201, ""text"": ""cult-like""}, {""start"": 291, ""case_number"": 1, ""end"": 459, ""text"": ""He\u2019s been a cult-like, very popular figure the way that he\u2019s run the campaign, but you don\u2019t vote on cult, you don\u2019t vote on personality when you get to the U.S. Senate""}, {""start"": 747, ""case_number"": 1, ""end"": 830, ""text"": ""Texans are hostile to anybody talking about big\u00a0government programs run their lives""}]"
a30899a2-ddd5-4998-8c22-f98e29a3c80e,https://pe.goodlylabs.org/project/BETA_Semantics_Triage/task/1318,,Demo2,100001,politicalarticle3.txt,d75045768087d2dc0161022e64d3dd2f2387947560e95781fd23e75780833972,1671,PYBOSSA,17,4,b14326ee-5b16-4944-9d35-1aa1b732c93b,e1ae8875-a398-4dde-8f4e-4b21109784e3,2018-10-03 21:09:22.596981,2018-10-03 21:18:05.025591,522.42861,e223cb51-5ade-4492-87bd-f7bb7c93318d,Language_2018_08_21,Language,2,1,"[{""start"": 582, ""case_number"": 2, ""end"": 634, ""text"": ""Texas voters won't approve of \""George Soros policies""}]"
a30899a2-ddd5-4998-8c22-f98e29a3c80e,https://pe.goodlylabs.org/project/BETA_Semantics_Triage/task/1318,,Demo2,100001,politicalarticle3.txt,d75045768087d2dc0161022e64d3dd2f2387947560e95781fd23e75780833972,1671,PYBOSSA,17,4,b14326ee-5b16-4944-9d35-1aa1b732c93b,e1ae8875-a398-4dde-8f4e-4b21109784e3,2018-10-03 21:09:22.596981,2018-10-03 21:18:05.025591,522.42861,cf698574-2123-41b2-9c78-7acdcb92cda4,Language_2018_08_21,Language,3,1,"[{""start"": 670, ""case_number"": 3, ""end"": 677, ""text"": ""hostile""}]"
a30899a2-ddd5-4998-8c22-f98e29a3c80e,https://pe.goodlylabs.org/project/BETA_Semantics_Triage/task/1318,,Demo2,100001,politicalarticle3.txt,d75045768087d2dc0161022e64d3dd2f2387947560e95781fd23e75780833972,1671,PYBOSSA,17,4,b14326ee-5b16-4944-9d35-1aa1b732c93b,e1ae8875-a398-4dde-8f4e-4b21109784e3,2018-10-03 21:09:22.596981,2018-10-03 21:18:05.025591,522.42861,142c5845-9ade-47cc-b0e2-fb86890f0c9a,Language_2018_08_21,Language,4,1,"[{""start"": 815, ""case_number"": 4, ""end"": 830, ""text"": ""run their lives""}]"
a30899a2-ddd5-4998-8c22-f98e29a3c80e,https://pe.goodlylabs.org/project/BETA_Semantics_Triage/task/1318,,Demo2,100001,politicalarticle3.txt,d75045768087d2dc0161022e64d3dd2f2387947560e95781fd23e75780833972,1671,PYBOSSA,17,4,b14326ee-5b16-4944-9d35-1aa1b732c93b,e1ae8875-a398-4dde-8f4e-4b21109784e3,2018-10-03 21:09:22.596981,2018-10-03 21:18:05.025591,522.42861,30dd6db8-bc06-4b51-b8e8-a3e5e8b8fda5,Reasoning_2018_08_21,Reasoning,1,1,"[{""start"": 291, ""case_number"": 1, ""end"": 483, ""text"": ""He\u2019s been a cult-like, very popular figure the way that he\u2019s run the campaign, but you don\u2019t vote on cult, you don\u2019t vote on personality when you get to the U.S. Senate. You vote on the issues""}]"
a30899a2-ddd5-4998-8c22-f98e29a3c80e,https://pe.goodlylabs.org/project/BETA_Semantics_Triage/task/1318,,Demo2,100001,politicalarticle3.txt,d75045768087d2dc0161022e64d3dd2f2387947560e95781fd23e75780833972,1671,PYBOSSA,17,4,b14326ee-5b16-4944-9d35-1aa1b732c93b,e1ae8875-a398-4dde-8f4e-4b21109784e3,2018-10-03 21:09:22.596981,2018-10-03 21:18:05.025591,522.42861,946383bc-67c4-4d5a-b62a-f5f839f845e4,Probability_2018_09_04,Probability,1,1,"[{""start"": 834, ""case_number"": 1, ""end"": 1065, ""text"": ""Abbott likened this year's U.S. Senate race in Texas to his own campaign four years ago against Democrat\u00a0Wendy\u00a0Davis, who\u00a0he noted also gained national attention before\u00a0losing by roughly 20 percentage points in the general election""}]"
a30899a2-ddd5-4998-8c22-f98e29a3c80e,https://pe.goodlylabs.org/project/BETA_Semantics_Triage/task/1318,,Demo2,100001,politicalarticle3.txt,d75045768087d2dc0161022e64d3dd2f2387947560e95781fd23e75780833972,1671,PYBOSSA,17,4,b14326ee-5b16-4944-9d35-1aa1b732c93b,e1ae8875-a398-4dde-8f4e-4b21109784e3,2018-10-03 21:09:22.596981,2018-10-03 21:18:05.025591,522.42861,ebb93d49-3d64-40bf-8e7b-6bf70d0d010e,Probability_2018_09_04,Probability,2,1,"[{""start"": 1324, ""case_number"": 2, ""end"": 1428, ""text"": ""The\u00a0Cook Political Report, a nonpartisan election forecaster, rates the Texas Senate race as as \""toss-up""}]"
a30899a2-ddd5-4998-8c22-f98e29a3c80e,https://pe.goodlylabs.org/project/BETA_Semantics_Triage/task/1318,,Demo2,100001,politicalarticle3.txt,d75045768087d2dc0161022e64d3dd2f2387947560e95781fd23e75780833972,1671,PYBOSSA,17,4,b14326ee-5b16-4944-9d35-1aa1b732c93b,e1ae8875-a398-4dde-8f4e-4b21109784e3,2018-10-03 21:09:22.596981,2018-10-03 21:18:05.025591,522.42861,dc610021-d1cd-4033-987e-17fd8395ee2e,Probability_2018_09_04,Probability,3,1,"[{""start"": 1432, ""case_number"": 3, ""end"": 1536, ""text"": ""A RealClearPolitics\u00a0average of polls\u00a0in the race shows Cruz with a 4.5 percentage point lead in the race""}]"
a30899a2-ddd5-4998-8c22-f98e29a3c80e,https://pe.goodlylabs.org/project/BETA_Semantics_Triage/task/1318,,Demo2,100001,politicalarticle3.txt,d75045768087d2dc0161022e64d3dd2f2387947560e95781fd23e75780833972,1671,PYBOSSA,17,4,b14326ee-5b16-4944-9d35-1aa1b732c93b,e1ae8875-a398-4dde-8f4e-4b21109784e3,2018-10-03 21:09:22.596981,2018-10-03 21:18:05.025591,522.42861,5081f0d9-96cf-4e55-85a1-35cd58b6f70d,Probability_2018_09_04,Probability,4,1,"[{""start"": 1583, ""case_number"": 4, ""end"": 1669, ""text"": ""An\u00a0average of polls\u00a0show him with a sizable lead over Democratic candidate Lupe Valdez""}]"
a30899a2-ddd5-4998-8c22-f98e29a3c80e,https://pe.goodlylabs.org/project/BETA_Semantics_Triage/task/1318,,Demo2,100001,politicalarticle3.txt,d75045768087d2dc0161022e64d3dd2f2387947560e95781fd23e75780833972,1671,PYBOSSA,17,4,1e9ba6fb-5e19-465a-881a-77d0ba1f2861,e0834165-64cc-41e5-994f-9be97a16ef93,2019-06-16 00:51:38.265155,2019-06-16 00:53:12.103174,93.838019,447c3b2d-69b6-4ccf-b200-c0823c0aa530,Language_2018_08_21,Language,1,3,"[{""start"": 747, ""case_number"": 1, ""end"": 830, ""text"": ""Texans are hostile to anybody talking about big\u00a0government programs run their lives""}, {""start"": 192, ""case_number"": 1, ""end"": 205, ""text"": ""cult-like\"" in""}, {""start"": 291, ""case_number"": 1, ""end"": 483, ""text"": ""He\u2019s been a cult-like, very popular figure the way that he\u2019s run the campaign, but you don\u2019t vote on cult, you don\u2019t vote on personality when you get to the U.S. Senate. You vote on the issues""}]"
a30899a2-ddd5-4998-8c22-f98e29a3c80e,https://pe.goodlylabs.org/project/BETA_Semantics_Triage/task/1318,,Demo2,100001,politicalarticle3.txt,d75045768087d2dc0161022e64d3dd2f2387947560e95781fd23e75780833972,1671,PYBOSSA,17,4,1e9ba6fb-5e19-465a-881a-77d0ba1f2861,e0834165-64cc-41e5-994f-9be97a16ef93,2019-06-16 00:51:38.265155,2019-06-16 00:53:12.103174,93.838019,e89cea88-ba56-4c95-ba09-077e881f9275,Evidence_2018_08_21,Evidence,1,1,"[{""start"": 1432, ""case_number"": 1, ""end"": 1536, ""text"": ""A RealClearPolitics\u00a0average of polls\u00a0in the race shows Cruz with a 4.5 percentage point lead in the race""}]"
925722d8-38e8-44a9-8850-5435cb7b5222,https://pe.goodlylabs.org/project/BETA_Semantics_Triage/task/1316,,Demo2,100002,politicalarticle2.txt,1f487e5476e54e1c555e124ff5f6067bfb24ddfac1ee96a4bafaf0a6b43921fd,4280,PYBOSSA,17,3,e9761558-97e8-4921-8ba7-1b7954689692,e1ae8875-a398-4dde-8f4e-4b21109784e3,2018-10-03 21:00:41.991100,2018-10-03 21:09:22.410953,520.419853,dbf36125-24e6-4e59-8e83-267e3295e8c6,Language_2018_08_21,Language,1,7,"[{""start"": 407, ""case_number"": 1, ""end"": 415, ""text"": ""dramatic""}, {""start"": 762, ""case_number"": 1, ""end"": 785, ""text"": ""retiring Trump critic's""}, {""start"": 1832, ""case_number"": 1, ""end"": 1839, ""text"": ""slammed""}, {""start"": 1757, ""case_number"": 1, ""end"": 1764, ""text"": ""chaotic""}, {""start"": 2860, ""case_number"": 1, ""end"": 2868, ""text"": ""dramatic""}, {""start"": 3083, ""case_number"": 1, ""end"": 3091, ""text"": ""dramatic""}, {""start"": 906, ""case_number"": 1, ""end"": 943, ""text"": ""fresh off a dramatic political moment""}]"
925722d8-38e8-44a9-8850-5435cb7b5222,https://pe.goodlylabs.org/project/BETA_Semantics_Triage/task/1316,,Demo2,100002,politicalarticle2.txt,1f487e5476e54e1c555e124ff5f6067bfb24ddfac1ee96a4bafaf0a6b43921fd,4280,PYBOSSA,17,3,e9761558-97e8-4921-8ba7-1b7954689692,e1ae8875-a398-4dde-8f4e-4b21109784e3,2018-10-03 21:00:41.991100,2018-10-03 21:09:22.410953,520.419853,33ed016e-fe70-4276-9190-ecee63bb67e7,Language_2018_08_21,Language,2,4,"[{""start"": 2766, ""case_number"": 2, ""end"": 2827, ""text"": ""WEAK on borders, crime and a non-factor in Senate. He's toxic""}, {""start"": 2570, ""case_number"": 2, ""end"": 2575, ""text"": ""toxic""}, {""start"": 2582, ""case_number"": 2, ""end"": 2586, ""text"": ""WEAK""}, {""start"": 2609, ""case_number"": 2, ""end"": 2621, ""text"": ""a non-factor""}]"
925722d8-38e8-44a9-8850-5435cb7b5222,https://pe.goodlylabs.org/project/BETA_Semantics_Triage/task/1316,,Demo2,100002,politicalarticle2.txt,1f487e5476e54e1c555e124ff5f6067bfb24ddfac1ee96a4bafaf0a6b43921fd,4280,PYBOSSA,17,3,e9761558-97e8-4921-8ba7-1b7954689692,e1ae8875-a398-4dde-8f4e-4b21109784e3,2018-10-03 21:00:41.991100,2018-10-03 21:09:22.410953,520.419853,c64b4956-e795-4238-860d-fda269bb6b44,Reasoning_2018_08_21,Reasoning,1,2,"[{""start"": 1322, ""case_number"": 1, ""end"": 1487, ""text"": ""This is \u2014 the Republican Party is the president's party right now. But it won't always be. And it can't be if we're going to be a major political force in the future""}, {""start"": 1492, ""case_number"": 1, ""end"": 1663, ""text"": ""I don't see that happening in my case,\"" he said. \""I will give a speech in New Hampshire tonight. But just if nothing else, in memoriam of what a Republican Party should be""}]"
925722d8-38e8-44a9-8850-5435cb7b5222,https://pe.goodlylabs.org/project/BETA_Semantics_Triage/task/1316,,Demo2,100002,politicalarticle2.txt,1f487e5476e54e1c555e124ff5f6067bfb24ddfac1ee96a4bafaf0a6b43921fd,4280,PYBOSSA,17,3,e9761558-97e8-4921-8ba7-1b7954689692,e1ae8875-a398-4dde-8f4e-4b21109784e3,2018-10-03 21:00:41.991100,2018-10-03 21:09:22.410953,520.419853,f7a8e37c-9229-4211-a2ed-c898cf632854,Probability_2018_09_04,Probability,1,4,"[{""start"": 694, ""case_number"": 1, ""end"": 700, ""text"": ""doubts""}, {""start"": 3769, ""case_number"": 1, ""end"": 3870, ""text"": ""not a chance\"" he could have agreed to the compromise deal if he was running for re-election this year""}, {""start"": 4037, ""case_number"": 1, ""end"": 4114, ""text"": ""It has not been in my plans to run for president, but I have not ruled it out""}, {""start"": 4171, ""case_number"": 1, ""end"": 4182, ""text"": ""speculation""}]"
925722d8-38e8-44a9-8850-5435cb7b5222,https://pe.goodlylabs.org/project/BETA_Semantics_Triage/task/1316,,Demo2,100002,politicalarticle2.txt,1f487e5476e54e1c555e124ff5f6067bfb24ddfac1ee96a4bafaf0a6b43921fd,4280,PYBOSSA,17,3,a59e1365-ed5d-4ede-9bfe-e99b798c2c79,f105c673-6221-41fe-8361-c4f6f391d6a0,2018-12-10 17:18:14.211878,2018-12-10 17:18:49.300693,35.088815,ae3d99bf-70bc-4b55-b254-f5d5c9cca280,Language_2018_08_21,Language,1,1,"[{""start"": 963, ""case_number"": 1, ""end"": 1446, ""text"": ""joined Democrats and a couple other Republicans in calling for Senate leaders to delay a vote on Supreme Court nominee Brett Kavanaugh while the FBI investigates sexual misconduct accusations against the appeals court judge.\n\n\""I've said that I do hope that somebody else runs in the Republican primary,\"" Flake said at the Forbes 30 Under 30 event in Boston. \""This is \u2014 the Republican Party is the president's party right now. But it won't always be. And it can't be if we're going to""}]"
02d90b43-2812-48a9-b9d6-f59eed2346f3,https://pe.goodlylabs.org/project/BETA_Semantics_Triage/task/1319,,Demo2,100003,politicalarticle4.txt,a6fcbf8586604384bb115f91548ac28ed364a552a807849b74eca72e38ccf8be,5548,PYBOSSA,17,2,96d6bb4a-e42d-4c9e-a87d-8c5d101a8b28,e1ae8875-a398-4dde-8f4e-4b21109784e3,2018-10-03 21:15:27.234619,2018-10-03 21:31:22.000386,954.765767,27fc807c-b5d6-4402-961a-41fceca29912,Language_2018_08_21,Language,1,4,"[{""start"": 191, ""case_number"": 1, ""end"": 197, ""text"": ""unsafe""}, {""start"": 534, ""case_number"": 1, ""end"": 574, ""text"": ""in an unsafe and unprofessional maneuver""}, {""start"": 777, ""case_number"": 1, ""end"": 822, ""text"": ""a series of increasingly aggressive maneuvers""}, {""start"": 5015, ""case_number"": 1, ""end"": 5085, ""text"": ""How could you negotiate with someone when he puts a knife on your neck""}]"
02d90b43-2812-48a9-b9d6-f59eed2346f3,https://pe.goodlylabs.org/project/BETA_Semantics_Triage/task/1319,,Demo2,100003,politicalarticle4.txt,a6fcbf8586604384bb115f91548ac28ed364a552a807849b74eca72e38ccf8be,5548,PYBOSSA,17,2,96d6bb4a-e42d-4c9e-a87d-8c5d101a8b28,e1ae8875-a398-4dde-8f4e-4b21109784e3,2018-10-03 21:15:27.234619,2018-10-03 21:31:22.000386,954.765767,61d2f70c-ca31-4da2-b0a3-36aeb8f0f06b,Language_2018_08_21,Language,2,1,"[{""start"": 1316, ""case_number"": 2, ""end"": 1357, ""text"": ""very dangerous. Captains get very nervous""}]"
02d90b43-2812-48a9-b9d6-f59eed2346f3,https://pe.goodlylabs.org/project/BETA_Semantics_Triage/task/1319,,Demo2,100003,politicalarticle4.txt,a6fcbf8586604384bb115f91548ac28ed364a552a807849b74eca72e38ccf8be,5548,PYBOSSA,17,2,96d6bb4a-e42d-4c9e-a87d-8c5d101a8b28,e1ae8875-a398-4dde-8f4e-4b21109784e3,2018-10-03 21:15:27.234619,2018-10-03 21:31:22.000386,954.765767,67ed227f-6c45-40bf-9b70-7f6c1a31f991,Language_2018_08_21,Language,3,1,"[{""start"": 1940, ""case_number"": 3, ""end"": 2003, ""text"": ""part of what the US Navy calls freedom of navigation operations""}]"
02d90b43-2812-48a9-b9d6-f59eed2346f3,https://pe.goodlylabs.org/project/BETA_Semantics_Triage/task/1319,,Demo2,100003,politicalarticle4.txt,a6fcbf8586604384bb115f91548ac28ed364a552a807849b74eca72e38ccf8be,5548,PYBOSSA,17,2,96d6bb4a-e42d-4c9e-a87d-8c5d101a8b28,e1ae8875-a398-4dde-8f4e-4b21109784e3,2018-10-03 21:15:27.234619,2018-10-03 21:31:22.000386,954.765767,4a81b32e-8a0b-4f22-afc2-823bacfbef8f,Language_2018_08_21,Language,4,1,"[{""start"": 2191, ""case_number"": 4, ""end"": 2200, ""text"": ""sensitive""}]"
02d90b43-2812-48a9-b9d6-f59eed2346f3,https://pe.goodlylabs.org/project/BETA_Semantics_Triage/task/1319,,Demo2,100003,politicalarticle4.txt,a6fcbf8586604384bb115f91548ac28ed364a552a807849b74eca72e38ccf8be,5548,PYBOSSA,17,2,96d6bb4a-e42d-4c9e-a87d-8c5d101a8b28,e1ae8875-a398-4dde-8f4e-4b21109784e3,2018-10-03 21:15:27.234619,2018-10-03 21:31:22.000386,954.765767,88d6cd40-8560-45b2-a770-317ba61a9d1b,Language_2018_08_21,Language,5,2,"[{""start"": 2364, ""case_number"": 5, ""end"": 2532, ""text"": ""The US has been repeatedly sending warships to the islands and the adjacent waters in the South China Sea, which has seriously threatened China's sovereignty and safety""}, {""start"": 2594, ""case_number"": 5, ""end"": 2767, ""text"": ""The Chinese military will resolutely perform its defense duties and continue to take all necessary measures to safeguard our sovereignty and the regional peace and stability""}]"
02d90b43-2812-48a9-b9d6-f59eed2346f3,https://pe.goodlylabs.org/project/BETA_Semantics_Triage/task/1319,,Demo2,100003,politicalarticle4.txt,a6fcbf8586604384bb115f91548ac28ed364a552a807849b74eca72e38ccf8be,5548,PYBOSSA,17,2,96d6bb4a-e42d-4c9e-a87d-8c5d101a8b28,e1ae8875-a398-4dde-8f4e-4b21109784e3,2018-10-03 21:15:27.234619,2018-10-03 21:31:22.000386,954.765767,1faa8126-aa45-4e28-b8f3-898aa800a676,Language_2018_08_21,Language,6,1,"[{""start"": 3849, ""case_number"": 6, ""end"": 3875, ""text"": ""often-mentioned friendship""}]"
02d90b43-2812-48a9-b9d6-f59eed2346f3,https://pe.goodlylabs.org/project/BETA_Semantics_Triage/task/1319,,Demo2,100003,politicalarticle4.txt,a6fcbf8586604384bb115f91548ac28ed364a552a807849b74eca72e38ccf8be,5548,PYBOSSA,17,2,96d6bb4a-e42d-4c9e-a87d-8c5d101a8b28,e1ae8875-a398-4dde-8f4e-4b21109784e3,2018-10-03 21:15:27.234619,2018-10-03 21:31:22.000386,954.765767,bb38b2cb-7700-4dc9-92c4-a2ba743213e1,Language_2018_08_21,Language,7,1,"[{""start"": 3933, ""case_number"": 7, ""end"": 4021, ""text"": ""He may not be a friend of mine anymore. But I think he probably respects me,\"" Trump said""}]"
02d90b43-2812-48a9-b9d6-f59eed2346f3,https://pe.goodlylabs.org/project/BETA_Semantics_Triage/task/1319,,Demo2,100003,politicalarticle4.txt,a6fcbf8586604384bb115f91548ac28ed364a552a807849b74eca72e38ccf8be,5548,PYBOSSA,17,2,96d6bb4a-e42d-4c9e-a87d-8c5d101a8b28,e1ae8875-a398-4dde-8f4e-4b21109784e3,2018-10-03 21:15:27.234619,2018-10-03 21:31:22.000386,954.765767,fa337d4d-8cf9-4f82-9ed0-c6f31cd8ae15,Language_2018_08_21,Language,8,3,"[{""start"": 4056, ""case_number"": 8, ""end"": 4063, ""text"": ""accused""}, {""start"": 4073, ""case_number"": 8, ""end"": 4081, ""text"": ""meddling""}, {""start"": 4209, ""case_number"": 8, ""end"": 4232, ""text"": ""attempting to interfere""}]"
02d90b43-2812-48a9-b9d6-f59eed2346f3,https://pe.goodlylabs.org/project/BETA_Semantics_Triage/task/1319,,Demo2,100003,politicalarticle4.txt,a6fcbf8586604384bb115f91548ac28ed364a552a807849b74eca72e38ccf8be,5548,PYBOSSA,17,2,96d6bb4a-e42d-4c9e-a87d-8c5d101a8b28,e1ae8875-a398-4dde-8f4e-4b21109784e3,2018-10-03 21:15:27.234619,2018-10-03 21:31:22.000386,954.765767,9dc0dd47-d385-46ee-87fc-31ecafe9856a,Reasoning_2018_08_21,Reasoning,1,7,"[{""start"": 168, ""case_number"": 1, ""end"": 627, ""text"": ""A US Navy ship had an \""unsafe\"" interaction with a Chinese warship Sunday while the US vessel was conducting a freedom of navigation operation near the disputed Spratly Islands in the South China Sea, causing the US ship to maneuver \""to prevent a collision,\"" according to US defense officials.\n\n\""A (People's Republic of China) Luyang destroyer approached USS Decatur in an unsafe and unprofessional maneuver in the vicinity of Gaven Reef in the South China Sea""}, {""start"": 746, ""case_number"": 1, ""end"": 881, ""text"": ""the Chinese warship \""conducted a series of increasingly aggressive maneuvers accompanied by warnings for the Decatur to depart the area""}, {""start"": 898, ""case_number"": 1, ""end"": 1036, ""text"": ""the Chinese destroyer \""approached within 45 yards\"" of the front of the US ship, adding that the Decatur \""maneuvered to prevent a collision""}, {""start"": 1043, ""case_number"": 1, ""end"": 1126, ""text"": ""Our forces will continue to fly, sail and operate anywhere international law allows""}, {""start"": 2364, ""case_number"": 1, ""end"": 2777, ""text"": ""The US has been repeatedly sending warships to the islands and the adjacent waters in the South China Sea, which has seriously threatened China's sovereignty and safety,\"" Chinese Defense Ministry spokesman Wu Qian said Tuesday.\n\n\""The Chinese military will resolutely perform its defense duties and continue to take all necessary measures to safeguard our sovereignty and the regional peace and stability,\"" Wu said""}, {""start"": 2780, ""case_number"": 1, ""end"": 2975, ""text"": ""Schuster said China seems to be adopting \""a more aggressive response policy\"" to US ships, emboldened in part by last year's collisions between US destroyers and merchant ships in the Asia-Pacific""}, {""start"": 2978, ""case_number"": 1, ""end"": 3153, ""text"": ""Naval academics theorize the collisions that killed 16 US sailors have the Chinese navy doubting US seamanship skills and giving it confidence to \""intimidate\"" US ship captains""}]"
02d90b43-2812-48a9-b9d6-f59eed2346f3,https://pe.goodlylabs.org/project/BETA_Semantics_Triage/task/1319,,Demo2,100003,politicalarticle4.txt,a6fcbf8586604384bb115f91548ac28ed364a552a807849b74eca72e38ccf8be,5548,PYBOSSA,17,2,96d6bb4a-e42d-4c9e-a87d-8c5d101a8b28,e1ae8875-a398-4dde-8f4e-4b21109784e3,2018-10-03 21:15:27.234619,2018-10-03 21:31:22.000386,954.765767,9f058ad6-5b95-47da-a304-133bb7a71111,Reasoning_2018_08_21,Reasoning,2,1,"[{""start"": 4302, ""case_number"": 2, ""end"": 4395, ""text"": ""Trump is right that China uses its media to influence foreign opinion, but so does Washington""}]"
02d90b43-2812-48a9-b9d6-f59eed2346f3,https://pe.goodlylabs.org/project/BETA_Semantics_Triage/task/1319,,Demo2,100003,politicalarticle4.txt,a6fcbf8586604384bb115f91548ac28ed364a552a807849b74eca72e38ccf8be,5548,PYBOSSA,17,2,96d6bb4a-e42d-4c9e-a87d-8c5d101a8b28,e1ae8875-a398-4dde-8f4e-4b21109784e3,2018-10-03 21:15:27.234619,2018-10-03 21:31:22.000386,954.765767,ebe9ccac-c4c3-4f31-af89-dfb9ce6afeaf,Reasoning_2018_08_21,Reasoning,3,2,"[{""start"": 4398, ""case_number"": 3, ""end"": 4634, ""text"": ""They do not want me or us to win because I am the first president ever to challenge China on trade,\"" Trump said. \""We are winning on trade. We are winning at every level. We don't want them to meddle or interfere in our upcoming election""}, {""start"": 4638, ""case_number"": 3, ""end"": 4876, ""text"": ""The Trump administration imposed 10% tariffs on $200 billion in Chinese goods on September 24, in addition to the trade measures already in place. The Chinese government responded in kind, with 5% to 10% tariffs on $60 billion in US goods""}]"
02d90b43-2812-48a9-b9d6-f59eed2346f3,https://pe.goodlylabs.org/project/BETA_Semantics_Triage/task/1319,,Demo2,100003,politicalarticle4.txt,a6fcbf8586604384bb115f91548ac28ed364a552a807849b74eca72e38ccf8be,5548,PYBOSSA,17,2,96d6bb4a-e42d-4c9e-a87d-8c5d101a8b28,e1ae8875-a398-4dde-8f4e-4b21109784e3,2018-10-03 21:15:27.234619,2018-10-03 21:31:22.000386,954.765767,61374908-f902-410a-b5ff-e5433b2fe953,Evidence_2018_08_21,Evidence,1,2,"[{""start"": 898, ""case_number"": 1, ""end"": 1036, ""text"": ""the Chinese destroyer \""approached within 45 yards\"" of the front of the US ship, adding that the Decatur \""maneuvered to prevent a collision""}, {""start"": 1138, ""case_number"": 1, ""end"": 1303, ""text"": ""The close encounter would give the ship's captains just seconds to react to any course change, said Carl Schuster, a former US Navy captain who spent 12 years at sea""}]"
02d90b43-2812-48a9-b9d6-f59eed2346f3,https://pe.goodlylabs.org/project/BETA_Semantics_Triage/task/1319,,Demo2,100003,politicalarticle4.txt,a6fcbf8586604384bb115f91548ac28ed364a552a807849b74eca72e38ccf8be,5548,PYBOSSA,17,2,96d6bb4a-e42d-4c9e-a87d-8c5d101a8b28,e1ae8875-a398-4dde-8f4e-4b21109784e3,2018-10-03 21:15:27.234619,2018-10-03 21:31:22.000386,954.765767,ea8f9069-8c53-4718-9225-7848e7cfa925,Probability_2018_09_04,Probability,1,3,"[{""start"": 1539, ""case_number"": 1, ""end"": 1593, ""text"": ""even a slight miscalculation can result in a collision""}, {""start"": 3988, ""case_number"": 1, ""end"": 3996, ""text"": ""probably""}, {""start"": 3936, ""case_number"": 1, ""end"": 3939, ""text"": ""may""}]"
21019736-d601-48aa-a9b5-e0c951659459,https://pe.goodlylabs.org/project/BETA_Semantics_Triage/task/1317,,Demo2,100004,politicalarticle1.txt,2bfaa604a990c02dc2524689f6c1f067431344bb8dd6d209275c396c7017a1e0,2245,PYBOSSA,17,4,38e7ef94-c4e5-4da6-913c-af5d0a332e76,e1ae8875-a398-4dde-8f4e-4b21109784e3,2018-10-03 21:00:42.100080,2018-10-03 21:15:27.067476,884.967396,61bcb70e-ad21-424a-873c-c170c8740478,Language_2018_08_21,Language,1,3,"[{""start"": 59, ""case_number"": 1, ""end"": 101, ""text"": ""the US is no longer the world's piggy bank""}, {""start"": 636, ""case_number"": 1, ""end"": 686, ""text"": ""the U.S. won't be the world's \""piggy bank\"" anymore""}, {""start"": 1069, ""case_number"": 1, ""end"": 1117, ""text"": ""we will no longer be the piggy bank of the world""}]"
21019736-d601-48aa-a9b5-e0c951659459,https://pe.goodlylabs.org/project/BETA_Semantics_Triage/task/1317,,Demo2,100004,politicalarticle1.txt,2bfaa604a990c02dc2524689f6c1f067431344bb8dd6d209275c396c7017a1e0,2245,PYBOSSA,17,4,38e7ef94-c4e5-4da6-913c-af5d0a332e76,e1ae8875-a398-4dde-8f4e-4b21109784e3,2018-10-03 21:00:42.100080,2018-10-03 21:15:27.067476,884.967396,36b34077-eca9-49e5-a509-a05bd93c68a8,Language_2018_08_21,Language,2,1,"[{""start"": 689, ""case_number"": 2, ""end"": 757, ""text"": ""It's a bullish day for America. It's a bullish day for North America""}]"
21019736-d601-48aa-a9b5-e0c951659459,https://pe.goodlylabs.org/project/BETA_Semantics_Triage/task/1317,,Demo2,100004,politicalarticle1.txt,2bfaa604a990c02dc2524689f6c1f067431344bb8dd6d209275c396c7017a1e0,2245,PYBOSSA,17,4,38e7ef94-c4e5-4da6-913c-af5d0a332e76,e1ae8875-a398-4dde-8f4e-4b21109784e3,2018-10-03 21:00:42.100080,2018-10-03 21:15:27.067476,884.967396,406cb9e9-b928-483f-9ae2-023850625a2c,Language_2018_08_21,Language,3,2,"[{""start"": 1337, ""case_number"": 3, ""end"": 1346, ""text"": ""visionary""}, {""start"": 1461, ""case_number"": 3, ""end"": 1474, ""text"": ""congratulated""}]"
21019736-d601-48aa-a9b5-e0c951659459,https://pe.goodlylabs.org/project/BETA_Semantics_Triage/task/1317,,Demo2,100004,politicalarticle1.txt,2bfaa604a990c02dc2524689f6c1f067431344bb8dd6d209275c396c7017a1e0,2245,PYBOSSA,17,4,38e7ef94-c4e5-4da6-913c-af5d0a332e76,e1ae8875-a398-4dde-8f4e-4b21109784e3,2018-10-03 21:00:42.100080,2018-10-03 21:15:27.067476,884.967396,adbe7f99-49c5-4b55-92fd-cc758dee247b,Language_2018_08_21,Language,4,1,"[{""start"": 1698, ""case_number"": 4, ""end"": 1709, ""text"": ""as left out""}]"
21019736-d601-48aa-a9b5-e0c951659459,https://pe.goodlylabs.org/project/BETA_Semantics_Triage/task/1317,,Demo2,100004,politicalarticle1.txt,2bfaa604a990c02dc2524689f6c1f067431344bb8dd6d209275c396c7017a1e0,2245,PYBOSSA,17,4,38e7ef94-c4e5-4da6-913c-af5d0a332e76,e1ae8875-a398-4dde-8f4e-4b21109784e3,2018-10-03 21:00:42.100080,2018-10-03 21:15:27.067476,884.967396,d140b516-a06e-4252-aed4-5c4d3346fe8e,Language_2018_08_21,Language,5,1,"[{""start"": 1786, ""case_number"": 5, ""end"": 1793, ""text"": ""refused""}]"
21019736-d601-48aa-a9b5-e0c951659459,https://pe.goodlylabs.org/project/BETA_Semantics_Triage/task/1317,,Demo2,100004,politicalarticle1.txt,2bfaa604a990c02dc2524689f6c1f067431344bb8dd6d209275c396c7017a1e0,2245,PYBOSSA,17,4,38e7ef94-c4e5-4da6-913c-af5d0a332e76,e1ae8875-a398-4dde-8f4e-4b21109784e3,2018-10-03 21:00:42.100080,2018-10-03 21:15:27.067476,884.967396,eee3e6b9-7eac-438e-8b39-c0dc62e5095b,Language_2018_08_21,Language,6,1,"[{""start"": 1895, ""case_number"": 6, ""end"": 1916, ""text"": ""Washingtonand\u00a0Beijing""}]"
21019736-d601-48aa-a9b5-e0c951659459,https://pe.goodlylabs.org/project/BETA_Semantics_Triage/task/1317,,Demo2,100004,politicalarticle1.txt,2bfaa604a990c02dc2524689f6c1f067431344bb8dd6d209275c396c7017a1e0,2245,PYBOSSA,17,4,38e7ef94-c4e5-4da6-913c-af5d0a332e76,e1ae8875-a398-4dde-8f4e-4b21109784e3,2018-10-03 21:00:42.100080,2018-10-03 21:15:27.067476,884.967396,23e685f3-f807-470a-8774-f0cdf4f3ba38,Language_2018_08_21,Language,7,1,"[{""start"": 1923, ""case_number"": 7, ""end"": 1930, ""text"": ""grapple""}]"
21019736-d601-48aa-a9b5-e0c951659459,https://pe.goodlylabs.org/project/BETA_Semantics_Triage/task/1317,,Demo2,100004,politicalarticle1.txt,2bfaa604a990c02dc2524689f6c1f067431344bb8dd6d209275c396c7017a1e0,2245,PYBOSSA,17,4,38e7ef94-c4e5-4da6-913c-af5d0a332e76,e1ae8875-a398-4dde-8f4e-4b21109784e3,2018-10-03 21:00:42.100080,2018-10-03 21:15:27.067476,884.967396,9b8e4922-d957-4f08-99c8-df9f4e30564c,Language_2018_08_21,Language,8,1,"[{""start"": 1952, ""case_number"": 8, ""end"": 1986, ""text"": ""that's resulted escalating tariffs""}]"
21019736-d601-48aa-a9b5-e0c951659459,https://pe.goodlylabs.org/project/BETA_Semantics_Triage/task/1317,,Demo2,100004,politicalarticle1.txt,2bfaa604a990c02dc2524689f6c1f067431344bb8dd6d209275c396c7017a1e0,2245,PYBOSSA,17,4,38e7ef94-c4e5-4da6-913c-af5d0a332e76,e1ae8875-a398-4dde-8f4e-4b21109784e3,2018-10-03 21:00:42.100080,2018-10-03 21:15:27.067476,884.967396,f522aa75-da13-4f04-9b79-9995fdb35357,Reasoning_2018_08_21,Reasoning,1,3,"[{""start"": 951, ""case_number"": 1, ""end"": 1180, ""text"": ""When countries come to the table and bargain fairly, we sign deals,\"" said Navarro. \""Trump has basically declared that we will no longer be the piggy bank of the world. We are free traders. All we seek is free and reciprocal trade""}, {""start"": 1988, ""case_number"": 1, ""end"": 2180, ""text"": ""But he did accuse China of intellectual property theft and appropriating U.S. technology by forcing American companies that want to do business there into joint ventures with Chinese companies""}, {""start"": 2182, ""case_number"": 1, ""end"": 2243, ""text"": ""China's trade practices harm the global economy, Navarro said""}]"
21019736-d601-48aa-a9b5-e0c951659459,https://pe.goodlylabs.org/project/BETA_Semantics_Triage/task/1317,,Demo2,100004,politicalarticle1.txt,2bfaa604a990c02dc2524689f6c1f067431344bb8dd6d209275c396c7017a1e0,2245,PYBOSSA,17,4,38e7ef94-c4e5-4da6-913c-af5d0a332e76,e1ae8875-a398-4dde-8f4e-4b21109784e3,2018-10-03 21:00:42.100080,2018-10-03 21:15:27.067476,884.967396,6d7aa842-56a2-4b09-9741-27605911ddec,Probability_2018_09_04,Probability,1,1,"[{""start"": 1545, ""case_number"": 1, ""end"": 1560, ""text"": ""are expected to""}]"
a502599a-86fc-4e18-9d6b-9a80d5571ed8,https://pe.goodlylabs.org/project/BETA_Semantics_Triage/task/1360,,Demo2,1712,1712SSSArticle12.txt,38428e24cdfa0392f3f5e1efda3253ffab6d7ed3051b1dee9f209f871ca91e2c,5385,PYBOSSA,17,2,5f8cfbe2-9df3-43e2-aeb9-7942632e0e36,e1ae8875-a398-4dde-8f4e-4b21109784e3,2018-10-09 21:29:48.458721,2018-10-09 21:59:34.246114,1785.787393,6b0a3596-0dfe-4e93-8e5b-7eabd1ee4fa5,Language_2018_08_21,Language,1,12,"[{""start"": 156, ""case_number"": 1, ""end"": 194, ""text"": ""unlucky patients end up getting hooked""}, {""start"": 585, ""case_number"": 1, ""end"": 603, ""text"": ""so shockingly high""}, {""start"": 484, ""case_number"": 1, ""end"": 488, ""text"": ""huge""}, {""start"": 844, ""case_number"": 1, ""end"": 858, ""text"": ""wind up hooked""}, {""start"": 2167, ""case_number"": 1, ""end"": 2173, ""text"": ""hugely""}, {""start"": 2331, ""case_number"": 1, ""end"": 2345, ""text"": ""more judicious""}, {""start"": 2408, ""case_number"": 1, ""end"": 2417, ""text"": ""doled out""}, {""start"": 763, ""case_number"": 1, ""end"": 811, ""text"": ""some minor problem like a toothache or back pain""}, {""start"": 4395, ""case_number"": 1, ""end"": 4411, ""text"": ""how much opioids""}, {""start"": 5339, ""case_number"": 1, ""end"": 5382, ""text"": ""I know how dangerous these medicines can be""}, {""start"": 1108, ""case_number"": 1, ""end"": 1117, ""text"": ""tease out""}, {""start"": 4462, ""case_number"": 1, ""end"": 4488, ""text"": ""galvanizing to change that""}]"
a502599a-86fc-4e18-9d6b-9a80d5571ed8,https://pe.goodlylabs.org/project/BETA_Semantics_Triage/task/1360,,Demo2,1712,1712SSSArticle12.txt,38428e24cdfa0392f3f5e1efda3253ffab6d7ed3051b1dee9f209f871ca91e2c,5385,PYBOSSA,17,2,5f8cfbe2-9df3-43e2-aeb9-7942632e0e36,e1ae8875-a398-4dde-8f4e-4b21109784e3,2018-10-09 21:29:48.458721,2018-10-09 21:59:34.246114,1785.787393,61c4ffb9-865a-49df-b224-b7ed2a344573,Reasoning_2018_08_21,Reasoning,1,2,"[{""start"": 641, ""case_number"": 1, ""end"": 656, ""text"": ""A common belief""}, {""start"": 2331, ""case_number"": 1, ""end"": 2345, ""text"": ""more judicious""}]"
a502599a-86fc-4e18-9d6b-9a80d5571ed8,https://pe.goodlylabs.org/project/BETA_Semantics_Triage/task/1360,,Demo2,1712,1712SSSArticle12.txt,38428e24cdfa0392f3f5e1efda3253ffab6d7ed3051b1dee9f209f871ca91e2c,5385,PYBOSSA,17,2,5f8cfbe2-9df3-43e2-aeb9-7942632e0e36,e1ae8875-a398-4dde-8f4e-4b21109784e3,2018-10-09 21:29:48.458721,2018-10-09 21:59:34.246114,1785.787393,e1213ad3-8376-460b-bb6c-5272b1b0ab26,Evidence_2018_08_21,Evidence,1,10,"[{""start"": 1364, ""case_number"": 1, ""end"": 1576, ""text"": ""375,000 Medicare patients who turned up in an emergency department for common reasons \u2014 such as falls, chest pain, ankle sprain, or back pain \u2014 and hadn\u2019t used opioids in the six months before their hospital stay""}, {""start"": 1602, ""case_number"": 1, ""end"": 1743, ""text"": ""split the group into patients who happened to be assigned to doctors who prescribed a lot of opioids, and patients who met doctors who didn\u2019t""}, {""start"": 1992, ""case_number"": 1, ""end"": 2120, ""text"": ""In the study, \u201clong-term use\u201d was described as six or more months of daily opioids in the 12-month period following the ER visit""}, {""start"": 2175, ""case_number"": 1, ""end"": 2826, ""text"": ""The patients who saw the heavy opioid prescribers were three times more likely to receive a prescription for opioids compared with the patients who saw the more judicious opioid prescribers at the same hospital. The high prescribers doled out opioids to a quarter of their patients, while the more conservative prescribers only treated 7 percent with opioids on average, a variation the researchers thought was likely the result of inappropriate prescribing.\n\n\n\u201cIf our results represent a causal relationship, for every 48 patients prescribed a new opioid in the emergency department who might not otherwise use opioids, 1 will become a long-term user""}, {""start"": 2866, ""case_number"": 1, ""end"": 3264, ""text"": ""the patients who, by chance, saw a doctor who more frequently prescribed the drugs were 30 percent more likely to become long-term users of painkillers. So the higher the chances of getting opioids at a single doctor visit, the higher the risk of becoming a regular user. These patients also had higher rates of opioid-related health complications like falls, fractures, constipation, and overdoses""}, {""start"": 1133, ""case_number"": 1, ""end"": 1255, ""text"": ""they found doctors\u2019 prescribing habits \u2014 whether they give out opioids at a higher rate versus a lower rate \u2014 matter a lot""}, {""start"": 3799, ""case_number"": 1, ""end"": 3990, ""text"": ""He and his co-authors tried to figure out what caused some doctors to prescribe more than others, looking at details like age, gender, and where the doctor trained \u2014 but they didn\u2019t find much""}, {""start"": 4491, ""case_number"": 1, ""end"": 4567, ""text"": ""The findings were specific to emergency room doctors and Medicare recipients""}, {""start"": 4875, ""case_number"": 1, ""end"": 5000, ""text"": ""So the researchers can't say how the trend they found might be different for younger patients or those who see non-ER doctors""}, {""start"": 3267, ""case_number"": 1, ""end"": 3492, ""text"": ""In a separate analysis, the researchers looked at doctors who gave out high doses versus low doses of painkillers when they prescribe, and found the same effect: 30 percent higher use when patients saw higher dose prescribers""}]"
a502599a-86fc-4e18-9d6b-9a80d5571ed8,https://pe.goodlylabs.org/project/BETA_Semantics_Triage/task/1360,,Demo2,1712,1712SSSArticle12.txt,38428e24cdfa0392f3f5e1efda3253ffab6d7ed3051b1dee9f209f871ca91e2c,5385,PYBOSSA,17,2,5f8cfbe2-9df3-43e2-aeb9-7942632e0e36,e1ae8875-a398-4dde-8f4e-4b21109784e3,2018-10-09 21:29:48.458721,2018-10-09 21:59:34.246114,1785.787393,8bc7fda4-bd4f-4045-9d66-956bc658b925,Probability_2018_09_04,Probability,1,7,"[{""start"": 2586, ""case_number"": 1, ""end"": 2592, ""text"": ""likely""}, {""start"": 2637, ""case_number"": 1, ""end"": 2826, ""text"": ""If our results represent a causal relationship, for every 48 patients prescribed a new opioid in the emergency department who might not otherwise use opioids, 1 will become a long-term user""}, {""start"": 1636, ""case_number"": 1, ""end"": 1650, ""text"": ""happened to be""}, {""start"": 2884, ""case_number"": 1, ""end"": 3264, ""text"": ""by chance, saw a doctor who more frequently prescribed the drugs were 30 percent more likely to become long-term users of painkillers. So the higher the chances of getting opioids at a single doctor visit, the higher the risk of becoming a regular user. These patients also had higher rates of opioid-related health complications like falls, fractures, constipation, and overdoses""}, {""start"": 3647, ""case_number"": 1, ""end"": 3656, ""text"": ""certainly""}, {""start"": 4491, ""case_number"": 1, ""end"": 4567, ""text"": ""The findings were specific to emergency room doctors and Medicare recipients""}, {""start"": 4875, ""case_number"": 1, ""end"": 5000, ""text"": ""So the researchers can't say how the trend they found might be different for younger patients or those who see non-ER doctors""}]"
e08c93b4-1ff7-4131-b9f1-78d8c5601999,https://pe.goodlylabs.org/project/BETA_Semantics_Triage/task/1532,,Election,100005,brain_science.txt,01a5a4a393ab63d644e26ee786db6ee20656a25b530832a7e0d6bcf9b8fa48b8,6324,PYBOSSA,17,2,0aaf155b-5a47-4c78-ae32-cc7e18411d32,e0834165-64cc-41e5-994f-9be97a16ef93,2018-11-06 07:24:16.687731,2018-11-06 07:41:07.067920,1010.380189,5144d14a-7621-4e32-abfd-0a1abb23c554,Language_2018_08_21,Language,1,3,"[{""start"": 2079, ""case_number"": 1, ""end"": 2086, ""text"": ""we know""}, {""start"": 6103, ""case_number"": 1, ""end"": 6114, ""text"": ""how whether""}, {""start"": 1250, ""case_number"": 1, ""end"": 1258, ""text"": ""us focus""}]"
e08c93b4-1ff7-4131-b9f1-78d8c5601999,https://pe.goodlylabs.org/project/BETA_Semantics_Triage/task/1532,,Election,100005,brain_science.txt,01a5a4a393ab63d644e26ee786db6ee20656a25b530832a7e0d6bcf9b8fa48b8,6324,PYBOSSA,17,2,0aaf155b-5a47-4c78-ae32-cc7e18411d32,e0834165-64cc-41e5-994f-9be97a16ef93,2018-11-06 07:24:16.687731,2018-11-06 07:41:07.067920,1010.380189,73e1c9fe-09b1-498e-aaf7-ee29e9cd912a,Reasoning_2018_08_21,Reasoning,1,2,"[{""start"": 47, ""case_number"": 1, ""end"": 166, ""text"": ""Ever wonder why liberals and conservatives vote the way they do? It turns out they might literally be wired differently""}, {""start"": 5377, ""case_number"": 1, ""end"": 5455, ""text"": ""conservative leaders know this, which is why they frequently emphasize threats""}]"
e08c93b4-1ff7-4131-b9f1-78d8c5601999,https://pe.goodlylabs.org/project/BETA_Semantics_Triage/task/1532,,Election,100005,brain_science.txt,01a5a4a393ab63d644e26ee786db6ee20656a25b530832a7e0d6bcf9b8fa48b8,6324,PYBOSSA,17,2,0aaf155b-5a47-4c78-ae32-cc7e18411d32,e0834165-64cc-41e5-994f-9be97a16ef93,2018-11-06 07:24:16.687731,2018-11-06 07:41:07.067920,1010.380189,faa3afab-84dd-4479-be4e-93c1d2d9ba0d,Evidence_2018_08_21,Evidence,1,3,"[{""start"": 593, ""case_number"": 1, ""end"": 668, ""text"": ""they are \u201cwired differently.\u201d\nBut it turns out that might literally be true""}, {""start"": 670, ""case_number"": 1, ""end"": 871, ""text"": ""Recent brain science suggests there are measurable differences in how liberal and conservative brains process information\u2014distinctions that could have significant impact on what happens on Election Day""}, {""start"": 522, ""case_number"": 1, ""end"": 567, ""text"": ""These two political classes are so dissimilar""}]"
e08c93b4-1ff7-4131-b9f1-78d8c5601999,https://pe.goodlylabs.org/project/BETA_Semantics_Triage/task/1532,,Election,100005,brain_science.txt,01a5a4a393ab63d644e26ee786db6ee20656a25b530832a7e0d6bcf9b8fa48b8,6324,PYBOSSA,17,2,0aaf155b-5a47-4c78-ae32-cc7e18411d32,e0834165-64cc-41e5-994f-9be97a16ef93,2018-11-06 07:24:16.687731,2018-11-06 07:41:07.067920,1010.380189,cb38f760-be67-49bb-823c-03298b0850d7,Evidence_2018_08_21,Evidence,3,1,"[{""start"": 3846, ""case_number"": 3, ""end"": 4223, ""text"": ""This chemical difference can also help explain why liberals tend to be more politically engaged than conservatives. A 2017 study conducted by the Public Religion Research Institute found that liberals were more likely than conservatives to express political opinions on social media, contact elected officials, donate money to a political campaign, and attend a political rally""}]"
e08c93b4-1ff7-4131-b9f1-78d8c5601999,https://pe.goodlylabs.org/project/BETA_Semantics_Triage/task/1532,,Election,100005,brain_science.txt,01a5a4a393ab63d644e26ee786db6ee20656a25b530832a7e0d6bcf9b8fa48b8,6324,PYBOSSA,17,2,0aaf155b-5a47-4c78-ae32-cc7e18411d32,e0834165-64cc-41e5-994f-9be97a16ef93,2018-11-06 07:24:16.687731,2018-11-06 07:41:07.067920,1010.380189,31b7f240-da47-483b-8229-c6ba4b0ac9ca,Evidence_2018_08_21,Evidence,4,3,"[{""start"": 4507, ""case_number"": 4, ""end"": 5174, ""text"": ""conservative brains, chemically inclined toward preserving the here and now, are more sensitive to threats that might undermine their current way of life. When a group of volunteers were divided by political affiliation, researchers found that, compared to liberals, conservatives had a stronger physiological reaction to frightening images, such as a spider crawling on a man\u2019s face. Also, when presented with a selection of positive and negative images, conservatives spent more time gazing at the negative images\u2014pictures that represented a threat.\nThis neuroscience suggests that the current confrontational political climate may be helping the conservative cause""}, {""start"": 4353, ""case_number"": 4, ""end"": 4506, ""text"": ""even though under ordinary circumstances liberals are more engaged in the political process, liberals don\u2019t always have the enthusiasm edge. Why? Because""}, {""start"": 5176, ""case_number"": 4, ""end"": 5367, ""text"": ""News articles that describe public harassment by activists, for example, trigger threat circuits in the brain and can turn the ordinarily complacent conservative into an enthusiastic partisan""}]"
e08c93b4-1ff7-4131-b9f1-78d8c5601999,https://pe.goodlylabs.org/project/BETA_Semantics_Triage/task/1532,,Election,100005,brain_science.txt,01a5a4a393ab63d644e26ee786db6ee20656a25b530832a7e0d6bcf9b8fa48b8,6324,PYBOSSA,17,2,0aaf155b-5a47-4c78-ae32-cc7e18411d32,e0834165-64cc-41e5-994f-9be97a16ef93,2018-11-06 07:24:16.687731,2018-11-06 07:41:07.067920,1010.380189,830afff5-7c9f-4615-b94e-125123cab430,Evidence_2018_08_21,Evidence,5,3,"[{""start"": 2075, ""case_number"": 5, ""end"": 2362, ""text"": ""And we know that dopamine activity isn\u2019t purely situational. Some people are born with genes that naturally make their dopamine circuits more active. These people are more likely than others to pursue creative endeavors. Often, they end up as actors, academics, entrepreneurs and writers""}, {""start"": 2509, ""case_number"": 5, ""end"": 2939, ""text"": ""we might expect to see progressive ideology in people with more active dopamine circuits. And that\u2019s just what we do find. Researchers from the University of California discovered that people who inherit particularly active dopamine receptor genes are more likely to subscribe to a liberal ideology. (They also tend to get bored easily and seek novelty, and can be impulsive, exploratory, excitable, quick-tempered and extravagant""}, {""start"": 3031, ""case_number"": 5, ""end"": 3095, ""text"": ""Dopamine may be driving both their creativity and their politics""}]"
e08c93b4-1ff7-4131-b9f1-78d8c5601999,https://pe.goodlylabs.org/project/BETA_Semantics_Triage/task/1532,,Election,100005,brain_science.txt,01a5a4a393ab63d644e26ee786db6ee20656a25b530832a7e0d6bcf9b8fa48b8,6324,PYBOSSA,17,2,0aaf155b-5a47-4c78-ae32-cc7e18411d32,e0834165-64cc-41e5-994f-9be97a16ef93,2018-11-06 07:24:16.687731,2018-11-06 07:41:07.067920,1010.380189,c45f6dd7-7270-4ba2-b510-47b9787369f6,Evidence_2018_08_21,Evidence,6,2,"[{""start"": 3097, ""case_number"": 6, ""end"": 3483, ""text"": ""Similarly, people with lower levels of dopamine and higher levels of the \u201cHere & Now\u201d brain chemicals are more likely to take their enjoyment from the appreciation of things they already have. They value tradition. They take more satisfaction from the here and now enjoyment of, say, watching a football game with friends rather than the future-focused promises of a presidential debate""}, {""start"": 3485, ""case_number"": 6, ""end"": 3844, ""text"": ""Not surprisingly, genes that code for a less active dopamine system have been linked to people who identify as conservative politically, who tend to prize tradition and see safety in the status quo. A study of 1,771 students in Singapore found that conservative attitudes were more common among those who had a receptor gene that was less reactive to dopamine""}]"
e08c93b4-1ff7-4131-b9f1-78d8c5601999,https://pe.goodlylabs.org/project/BETA_Semantics_Triage/task/1532,,Election,100005,brain_science.txt,01a5a4a393ab63d644e26ee786db6ee20656a25b530832a7e0d6bcf9b8fa48b8,6324,PYBOSSA,17,2,0aaf155b-5a47-4c78-ae32-cc7e18411d32,e0834165-64cc-41e5-994f-9be97a16ef93,2018-11-06 07:24:16.687731,2018-11-06 07:41:07.067920,1010.380189,7f37644d-6ee6-4007-8fc9-1e864f498482,Probability_2018_09_04,Probability,1,13,"[{""start"": 580, ""case_number"": 1, ""end"": 592, ""text"": ""like to joke""}, {""start"": 398, ""case_number"": 1, ""end"": 421, ""text"": ""The stereotypes tell us""}, {""start"": 2136, ""case_number"": 1, ""end"": 2362, ""text"": ""Some people are born with genes that naturally make their dopamine circuits more active. These people are more likely than others to pursue creative endeavors. Often, they end up as actors, academics, entrepreneurs and writers""}, {""start"": 2509, ""case_number"": 1, ""end"": 2517, ""text"": ""we might""}, {""start"": 3040, ""case_number"": 1, ""end"": 3054, ""text"": ""may be driving""}, {""start"": 4225, ""case_number"": 1, ""end"": 4347, ""text"": ""If a hundred liberals are marching down the street, it\u2019s most likely a protest. With conservatives, it\u2019s probably a parade""}, {""start"": 5369, ""case_number"": 1, ""end"": 5376, ""text"": ""Perhaps""}, {""start"": 5717, ""case_number"": 1, ""end"": 5887, ""text"": ""it\u2019s important to remember that neuroscientists study large groups of people and report on the averages. So, within each group there are plenty who buck the overall trend""}, {""start"": 5950, ""case_number"": 1, ""end"": 6038, ""text"": ""Most scientific study tells us something about groups, but very little about individuals""}, {""start"": 5567, ""case_number"": 1, ""end"": 5572, ""text"": ""might""}, {""start"": 6156, ""case_number"": 1, ""end"": 6166, ""text"": ""could have""}, {""start"": 6214, ""case_number"": 1, ""end"": 6227, ""text"": ""isn\u2019t destiny""}, {""start"": 18, ""case_number"": 1, ""end"": 23, ""text"": ""Could""}]"
473b7e16-88f7-4a76-86e3-9b836962d83e,https://pe.goodlylabs.org/project/BETA_Semantics_Triage/task/2248,,NYU/Day0/HavingADogMayBoost.txt,100026,HavingADogMayBoost.txt,6116850497986c9200740af4b26d7ef780f2e2e638dfb8d62d2e1caf90f9810a,6285,PYBOSSA,17,1,62d718eb-3987-49e1-96ab-454900d1f769,e1ae8875-a398-4dde-8f4e-4b21109784e3,2019-10-09 23:16:18.982124,2019-10-09 23:25:42.359636,563.377512,db28d8e0-1886-45bb-af95-7d42b5d4d5b7,Language_2018_08_21,Language,1,3,"[{""start"": 512, ""case_number"": 1, ""end"": 521, ""text"": ""well-done""}, {""start"": 943, ""case_number"": 1, ""end"": 956, ""text"": ""good, quality""}, {""start"": 126, ""case_number"": 1, ""end"": 144, ""text"": ""Plenty of research""}]"
473b7e16-88f7-4a76-86e3-9b836962d83e,https://pe.goodlylabs.org/project/BETA_Semantics_Triage/task/2248,,NYU/Day0/HavingADogMayBoost.txt,100026,HavingADogMayBoost.txt,6116850497986c9200740af4b26d7ef780f2e2e638dfb8d62d2e1caf90f9810a,6285,PYBOSSA,17,1,62d718eb-3987-49e1-96ab-454900d1f769,e1ae8875-a398-4dde-8f4e-4b21109784e3,2019-10-09 23:16:18.982124,2019-10-09 23:25:42.359636,563.377512,3be4b41d-ecf7-4e4f-b894-860018572792,Reasoning_2018_08_21,Reasoning,1,4,"[{""start"": 1114, ""case_number"": 1, ""end"": 1294, ""text"": ""While these non-randomized studies cannot 'prove' that adopting or owning a dog directly leads to reduced mortality, these robust findings are certainly at least suggestive of this""}, {""start"": 4398, ""case_number"": 1, ""end"": 4741, ""text"": ""She also cautions that these results are not meant to motivate people to buy or adopt dogs as \""medicine\"" without considering what owning a dog really entails.\n\n\""Moreover, from an animal welfare perspective, dogs should only be acquired by people who feel they have the capacity and knowledge to give the pet a good life,\"" Prof. Tove emphasizes""}, {""start"": 486, ""case_number"": 1, ""end"": 812, ""text"": ""The findings in these two well-done studies and analyses build upon prior studies and the conclusions of the 2013 [American Heart Association] scientific statement 'Pet Ownership and Cardiovascular Risk' \u2014 that dog ownership is associated with reductions in factors that contribute to cardiac risk and to cardiovascular events""}, {""start"": 1067, ""case_number"": 1, ""end"": 1104, ""text"": ""who was not involved in this research""}]"
473b7e16-88f7-4a76-86e3-9b836962d83e,https://pe.goodlylabs.org/project/BETA_Semantics_Triage/task/2248,,NYU/Day0/HavingADogMayBoost.txt,100026,HavingADogMayBoost.txt,6116850497986c9200740af4b26d7ef780f2e2e638dfb8d62d2e1caf90f9810a,6285,PYBOSSA,17,1,62d718eb-3987-49e1-96ab-454900d1f769,e1ae8875-a398-4dde-8f4e-4b21109784e3,2019-10-09 23:16:18.982124,2019-10-09 23:25:42.359636,563.377512,8daa4978-98f6-4fbb-adbc-6dbf70389714,Evidence_2018_08_21,Evidence,1,3,"[{""start"": 1114, ""case_number"": 1, ""end"": 1316, ""text"": ""While these non-randomized studies cannot 'prove' that adopting or owning a dog directly leads to reduced mortality, these robust findings are certainly at least suggestive of this.\"" -- Dr. Glenn Levine""}, {""start"": 3887, ""case_number"": 1, ""end"": 4095, ""text"": ""the researchers admit that certain factors may have skewed the findings. Some of these factors the researchers were unable to verify, such as shared ownership of a dog, loss of a dog, or a change of ownership""}, {""start"": 4254, ""case_number"": 1, ""end"": 4384, ""text"": ""However, more research is needed to confirm a causal relationship and [give] recommendations about prescribing dogs for prevention""}]"
473b7e16-88f7-4a76-86e3-9b836962d83e,https://pe.goodlylabs.org/project/BETA_Semantics_Triage/task/2248,,NYU/Day0/HavingADogMayBoost.txt,100026,HavingADogMayBoost.txt,6116850497986c9200740af4b26d7ef780f2e2e638dfb8d62d2e1caf90f9810a,6285,PYBOSSA,17,1,62d718eb-3987-49e1-96ab-454900d1f769,e1ae8875-a398-4dde-8f4e-4b21109784e3,2019-10-09 23:16:18.982124,2019-10-09 23:25:42.359636,563.377512,5f34bae0-7e14-49a8-a975-ac6c0c7b323c,Evidence_2018_08_21,Evidence,2,2,"[{""start"": 1318, ""case_number"": 2, ""end"": 1536, ""text"": ""Previous research has suggested that people who live with dogs appear to have a much lower risk of both cardiovascular and all-cause mortality, compared with individuals who do not count dogs among their family members""}, {""start"": 3537, ""case_number"": 2, ""end"": 3798, ""text"": ""Previous studies have indicated that dog owners experience less social isolation and have more interaction with other people. Furthermore, keeping a dog is a good motivation for physical activity, which is an important factor in rehabilitation and mental health""}]"
473b7e16-88f7-4a76-86e3-9b836962d83e,https://pe.goodlylabs.org/project/BETA_Semantics_Triage/task/2248,,NYU/Day0/HavingADogMayBoost.txt,100026,HavingADogMayBoost.txt,6116850497986c9200740af4b26d7ef780f2e2e638dfb8d62d2e1caf90f9810a,6285,PYBOSSA,17,1,62d718eb-3987-49e1-96ab-454900d1f769,e1ae8875-a398-4dde-8f4e-4b21109784e3,2019-10-09 23:16:18.982124,2019-10-09 23:25:42.359636,563.377512,a58ee60e-10e3-485e-8fde-d7b77267ff4b,Evidence_2018_08_21,Evidence,3,4,"[{""start"": 2032, ""case_number"": 3, ""end"": 2851, ""text"": ""used the Swedish National Patient Register to identify individuals aged 40\u201385 who had experienced either a heart attack or an ischemic stroke between 2001 and 2012.\n\nIn total, this amounted to 344,272 individuals, of whom 186,\u2009421 had experienced a heart attack and 157,851 a stroke within this period. To find out how many of these people owned dogs, the researchers consulted Swedish Board of Agriculture and Swedish Kennel Club records.\n\nThe researchers found that in this cohort, people who owned dogs had better health prospects than those who did not.\n\nSpecifically, people who had experienced a heart attack between 2001 and 2012 and who owned a dog had a 33% lower risk of death after hospitalization if they otherwise lived alone and a 15% lower death risk if they owned a dog and lived with a partner or child""}, {""start"": 2854, ""case_number"": 3, ""end"": 3087, ""text"": ""As for people who had experienced a stroke and owned a dog, if they otherwise lived alone after hospitalization, they had a 27% lower risk of death, and if they also lived with a partner or a child, they had a 12% lower risk of death""}, {""start"": 3090, ""case_number"": 3, ""end"": 3379, ""text"": ""The researchers believe that the decrease in death risk for dog owners could be explained by the fact that having a dog forces people to become more physically active. Dogs also help people feel less lonely and experience fewer negative moods, which may contribute to better overall health""}, {""start"": 3383, ""case_number"": 3, ""end"": 3482, ""text"": ""We know that social isolation is a strong risk factor for worse health outcomes and premature death""}]"
473b7e16-88f7-4a76-86e3-9b836962d83e,https://pe.goodlylabs.org/project/BETA_Semantics_Triage/task/2248,,NYU/Day0/HavingADogMayBoost.txt,100026,HavingADogMayBoost.txt,6116850497986c9200740af4b26d7ef780f2e2e638dfb8d62d2e1caf90f9810a,6285,PYBOSSA,17,1,62d718eb-3987-49e1-96ab-454900d1f769,e1ae8875-a398-4dde-8f4e-4b21109784e3,2019-10-09 23:16:18.982124,2019-10-09 23:25:42.359636,563.377512,8475d332-47b8-47c2-ae07-afb8c295fd34,Evidence_2018_08_21,Evidence,4,3,"[{""start"": 4867, ""case_number"": 4, ""end"": 4969, ""text"": ""a systematic review and meta-analysis of 10 studies, collectively featuring data from 3,837,005 people""}, {""start"": 4972, ""case_number"": 4, ""end"": 5157, ""text"": ""Of these studies, nine compared all-cause mortality outcomes for people who did or did not own dogs, and four looked specifically at cardiovascular health outcomes in these demographics""}, {""start"": 5160, ""case_number"": 4, ""end"": 5601, ""text"": ""This review also found that people who own dogs have better health outcomes, compared with those who do not. Dog owners, the review authors note, have a 24% lower risk of all-cause mortality, a 65% lower risk of death after a heart attack, and a 31% lower risk of death from cardiovascular causes.\n\n\""Having a dog was associated with increased physical exercise, lower blood pressure levels, and better cholesterol profile in previous reports""}]"
473b7e16-88f7-4a76-86e3-9b836962d83e,https://pe.goodlylabs.org/project/BETA_Semantics_Triage/task/2248,,NYU/Day0/HavingADogMayBoost.txt,100026,HavingADogMayBoost.txt,6116850497986c9200740af4b26d7ef780f2e2e638dfb8d62d2e1caf90f9810a,6285,PYBOSSA,17,1,62d718eb-3987-49e1-96ab-454900d1f769,e1ae8875-a398-4dde-8f4e-4b21109784e3,2019-10-09 23:16:18.982124,2019-10-09 23:25:42.359636,563.377512,30764ec6-a5c8-4682-a9a5-eae333eb737b,Evidence_2018_08_21,Evidence,5,2,"[{""start"": 5799, ""case_number"": 5, ""end"": 6021, ""text"": ""At the same time, the researcher points out that she and her team were unable to account for some confounding factors, including \""better fitness or an overall healthier lifestyle that could be associated with dog ownership""}, {""start"": 6085, ""case_number"": 5, ""end"": 6261, ""text"": ""The next step on this topic would be an interventional study to evaluate cardiovascular outcomes after adopting a dog and the social and psychological benefits of dog ownership""}]"
473b7e16-88f7-4a76-86e3-9b836962d83e,https://pe.goodlylabs.org/project/BETA_Semantics_Triage/task/2248,,NYU/Day0/HavingADogMayBoost.txt,100026,HavingADogMayBoost.txt,6116850497986c9200740af4b26d7ef780f2e2e638dfb8d62d2e1caf90f9810a,6285,PYBOSSA,17,1,62d718eb-3987-49e1-96ab-454900d1f769,e1ae8875-a398-4dde-8f4e-4b21109784e3,2019-10-09 23:16:18.982124,2019-10-09 23:25:42.359636,563.377512,125c5dcb-18b5-4c50-ad52-649725b13141,Probability_2018_09_04,Probability,1,7,"[{""start"": 1257, ""case_number"": 1, ""end"": 1286, ""text"": ""certainly at least suggestive""}, {""start"": 20, ""case_number"": 1, ""end"": 23, ""text"": ""may""}, {""start"": 997, ""case_number"": 1, ""end"": 1012, ""text"": ""associated with""}, {""start"": 264, ""case_number"": 1, ""end"": 278, ""text"": ""an association""}, {""start"": 1574, ""case_number"": 1, ""end"": 1588, ""text"": ""an association""}, {""start"": 3930, ""case_number"": 1, ""end"": 3933, ""text"": ""may""}, {""start"": 4132, ""case_number"": 1, ""end"": 4139, ""text"": ""suggest""}]"
473b7e16-88f7-4a76-86e3-9b836962d83e,https://pe.goodlylabs.org/project/BETA_Semantics_Triage/task/2248,,NYU/Day0/HavingADogMayBoost.txt,100026,HavingADogMayBoost.txt,6116850497986c9200740af4b26d7ef780f2e2e638dfb8d62d2e1caf90f9810a,6285,PYBOSSA,17,1,62d718eb-3987-49e1-96ab-454900d1f769,e1ae8875-a398-4dde-8f4e-4b21109784e3,2019-10-09 23:16:18.982124,2019-10-09 23:25:42.359636,563.377512,a8042f5b-488d-4b51-9d55-94b7a6ea925e,Probability_2018_09_04,Probability,2,4,"[{""start"": 2693, ""case_number"": 2, ""end"": 2851, ""text"": ""a 33% lower risk of death after hospitalization if they otherwise lived alone and a 15% lower death risk if they owned a dog and lived with a partner or child""}, {""start"": 2967, ""case_number"": 2, ""end"": 3087, ""text"": ""they had a 27% lower risk of death, and if they also lived with a partner or a child, they had a 12% lower risk of death""}, {""start"": 4745, ""case_number"": 2, ""end"": 4786, ""text"": ""Dog owners have a 24% lower risk of death""}, {""start"": 5269, ""case_number"": 2, ""end"": 5456, ""text"": ""Dog owners, the review authors note, have a 24% lower risk of all-cause mortality, a 65% lower risk of death after a heart attack, and a 31% lower risk of death from cardiovascular causes""}]"
08866f19-440b-44f9-bf07-8033544d0aa8,https://pe.goodlylabs.org/project/BETA_Semantics_Triage/task/2249,,NYU/Day0/PatientsAreMuchMoreLikely.txt,100027,PatientsAreMuchMoreLikely.txt,fb090900c5d0aedfaeb8f12b7e06a4569729c1090ff93c77d5a5969b35e5d294,2084,PYBOSSA,17,1,578a2f74-0c22-4a5e-b3e3-a6bcafdf8bbe,e1ae8875-a398-4dde-8f4e-4b21109784e3,2019-10-09 23:25:57.002586,2019-10-09 23:30:23.888631,266.886045,0cd788bb-0594-4c1e-8776-1d8de617a869,Language_2018_08_21,Language,1,1,"[{""start"": 1005, ""case_number"": 1, ""end"": 1014, ""text"": ""It is sad""}]"
08866f19-440b-44f9-bf07-8033544d0aa8,https://pe.goodlylabs.org/project/BETA_Semantics_Triage/task/2249,,NYU/Day0/PatientsAreMuchMoreLikely.txt,100027,PatientsAreMuchMoreLikely.txt,fb090900c5d0aedfaeb8f12b7e06a4569729c1090ff93c77d5a5969b35e5d294,2084,PYBOSSA,17,1,578a2f74-0c22-4a5e-b3e3-a6bcafdf8bbe,e1ae8875-a398-4dde-8f4e-4b21109784e3,2019-10-09 23:25:57.002586,2019-10-09 23:30:23.888631,266.886045,f67fbb66-5bd8-42ef-bbbf-265fcec8f45e,Reasoning_2018_08_21,Reasoning,1,2,"[{""start"": 1316, ""case_number"": 1, ""end"": 1525, ""text"": ""We hope that our findings help inform public policy changes. This is no longer a question of whether free distribution of medicines can improve health outcomes. It is a question of whether governments will act""}, {""start"": 1844, ""case_number"": 1, ""end"": 2063, ""text"": ""Canada is a suitable place to assess the impacts of free medicine distribution because while health care services such as physician visits and hospitalizations are publicly funded, there are cost barriers to medications""}]"
08866f19-440b-44f9-bf07-8033544d0aa8,https://pe.goodlylabs.org/project/BETA_Semantics_Triage/task/2249,,NYU/Day0/PatientsAreMuchMoreLikely.txt,100027,PatientsAreMuchMoreLikely.txt,fb090900c5d0aedfaeb8f12b7e06a4569729c1090ff93c77d5a5969b35e5d294,2084,PYBOSSA,17,1,578a2f74-0c22-4a5e-b3e3-a6bcafdf8bbe,e1ae8875-a398-4dde-8f4e-4b21109784e3,2019-10-09 23:25:57.002586,2019-10-09 23:30:23.888631,266.886045,18cce1de-bacc-4e95-8fa7-b6c6f5725eed,Evidence_2018_08_21,Evidence,1,2,"[{""start"": 214, ""case_number"": 1, ""end"": 922, ""text"": ""It included nearly 800 patients at nine primary care sites in the province of Ontario, who were prescribed 128 essential medications such as antibiotics, pain relievers, antipsychotics and HIV-AIDS drugs, but had trouble sticking to the regimen because they couldn't afford them.\n\nIn the study, some of the patients received their essential medications at no cost while a control group had only their usual access to their medications.\n\nAfter 12 months into the three-year study, the patients who received their medications free of charge were 44% more likely to take their medications.\n\nThat group of patients also had reductions in blood pressure and were 160% more likely to make their household ends meet""}, {""start"": 1571, ""case_number"": 1, ""end"": 1841, ""text"": ""The list of 128 essential medicines made available to patients in the study was adapted from the World Health Organization's Model List of Essential Medicines and based on Canadian clinical practice guidelines, suggestions from doctors and patients and prescription data""}]"
08866f19-440b-44f9-bf07-8033544d0aa8,https://pe.goodlylabs.org/project/BETA_Semantics_Triage/task/2249,,NYU/Day0/PatientsAreMuchMoreLikely.txt,100027,PatientsAreMuchMoreLikely.txt,fb090900c5d0aedfaeb8f12b7e06a4569729c1090ff93c77d5a5969b35e5d294,2084,PYBOSSA,17,1,578a2f74-0c22-4a5e-b3e3-a6bcafdf8bbe,e1ae8875-a398-4dde-8f4e-4b21109784e3,2019-10-09 23:25:57.002586,2019-10-09 23:30:23.888631,266.886045,bcfb1028-accf-474c-a911-818317392015,Probability_2018_09_04,Probability,1,3,"[{""start"": 121, ""case_number"": 1, ""end"": 137, ""text"": ""much more likely""}, {""start"": 758, ""case_number"": 1, ""end"": 773, ""text"": ""44% more likely""}, {""start"": 872, ""case_number"": 1, ""end"": 888, ""text"": ""160% more likely""}]"
08866f19-440b-44f9-bf07-8033544d0aa8,https://pe.goodlylabs.org/project/BETA_Semantics_Triage/task/2249,,NYU/Day0/PatientsAreMuchMoreLikely.txt,100027,PatientsAreMuchMoreLikely.txt,fb090900c5d0aedfaeb8f12b7e06a4569729c1090ff93c77d5a5969b35e5d294,2084,PYBOSSA,17,1,578a2f74-0c22-4a5e-b3e3-a6bcafdf8bbe,e1ae8875-a398-4dde-8f4e-4b21109784e3,2019-10-09 23:25:57.002586,2019-10-09 23:30:23.888631,266.886045,75a799b8-af10-4b06-8d8f-cc91c35d7a16,Probability_2018_09_04,Probability,2,1,"[{""start"": 1377, ""case_number"": 2, ""end"": 1475, ""text"": ""This is no longer a question of whether free distribution of medicines can improve health outcomes""}]"
