schema_namespace,schema_sha256,quiz_task_uuid,task_url,taskrun_count,redundancy,article_batch_name,article_number,article_filename,article_sha256,quiz_taskrun_uuid,contributor_uuid,created,finish_time,elapsed_seconds,final_queue,T1.Q1,T1.Q2,T1.Q5,T1.Q6,T1.Q7,T1.Q10,T1.Q11,T1.Q12.A1,T1.Q12.A2,T1.Q12.A3,T1.Q12.A4,T1.Q14
ProbabilitySpecialist_2019_03_10,ec89ed7bea5590f2895c70af9c9c45b1f948ae50d5cca4279dd5104fc6cdd37d,49af7261-174a-4ade-a2e1-8208050e50bf,https://pe.goodlylabs.org/project/Sp19probability_1/task/1702,12,30,SSSPETest2-Demo1,1737,1737SSSArticle.txt,c35844f62ee12d09c0450281624c89e2533bbb621f23dd1b7062a6ee26ae2b97,4c4c28f3-17ca-4ab9-be3a-564a6f877700,ec3b204f-2b04-4dc9-9e9b-cdf35364e6bc,2019-03-12 19:48:16.416011,2019-03-12 19:52:42.501794,266.085783,"T1.Q1, T1.Q2, T1.Q5, T1.Q6, T1.Q11, T1.Q14",Maybe,Somewhat justified,"Yes, implicitly",No,,,I can't tell,0,0,0,0,4
ProbabilitySpecialist_2019_03_10,ec89ed7bea5590f2895c70af9c9c45b1f948ae50d5cca4279dd5104fc6cdd37d,49af7261-174a-4ade-a2e1-8208050e50bf,https://pe.goodlylabs.org/project/Sp19probability_1/task/1702,12,30,SSSPETest2-Demo1,1737,1737SSSArticle.txt,c35844f62ee12d09c0450281624c89e2533bbb621f23dd1b7062a6ee26ae2b97,0b3be16c-e294-4f0a-98e3-944c7804df6a,bcf4ec10-b869-4e0f-89a7-133f825c910d,2019-03-16 20:32:18.904846,2019-03-16 20:38:01.016926,342.11208,"T1.Q1, T1.Q2, T1.Q5, T1.Q6, T1.Q11, T1.Q12, T1.Q14",Maybe,Completely justified,"Yes, implicitly",No,,,"Yes, explicitly",0,0,0,1,8
ProbabilitySpecialist_2019_03_10,ec89ed7bea5590f2895c70af9c9c45b1f948ae50d5cca4279dd5104fc6cdd37d,49af7261-174a-4ade-a2e1-8208050e50bf,https://pe.goodlylabs.org/project/Sp19probability_1/task/1702,12,30,SSSPETest2-Demo1,1737,1737SSSArticle.txt,c35844f62ee12d09c0450281624c89e2533bbb621f23dd1b7062a6ee26ae2b97,93479d79-875b-4e5d-abdd-231603190146,93b5d16a-4388-49d6-9217-d6607167f6c2,2019-03-16 19:56:51.609430,2019-03-16 20:41:22.302573,2670.693143,"T1.Q1, T1.Q2, T1.Q5, T1.Q6, T1.Q11, T1.Q12, T1.Q14",Yes,Mostly justified,No,No,,,"Yes, explicitly",0,0,0,1,8
ProbabilitySpecialist_2019_03_10,ec89ed7bea5590f2895c70af9c9c45b1f948ae50d5cca4279dd5104fc6cdd37d,49af7261-174a-4ade-a2e1-8208050e50bf,https://pe.goodlylabs.org/project/Sp19probability_1/task/1702,12,30,SSSPETest2-Demo1,1737,1737SSSArticle.txt,c35844f62ee12d09c0450281624c89e2533bbb621f23dd1b7062a6ee26ae2b97,55eae963-34bb-4b69-bbff-f87e6693f8b8,a2f9116f-94e4-448c-b513-8a7ab93d3d2f,2019-03-17 23:06:01.099557,2019-03-17 23:09:57.973170,236.873613,"T1.Q1, T1.Q2, T1.Q5, T1.Q6, T1.Q11, T1.Q12, T1.Q14",Yes,Mostly justified,"Yes, explicitly",No,,,"Yes, implicitly",0,0,1,1,7
ProbabilitySpecialist_2019_03_10,ec89ed7bea5590f2895c70af9c9c45b1f948ae50d5cca4279dd5104fc6cdd37d,49af7261-174a-4ade-a2e1-8208050e50bf,https://pe.goodlylabs.org/project/Sp19probability_1/task/1702,12,30,SSSPETest2-Demo1,1737,1737SSSArticle.txt,c35844f62ee12d09c0450281624c89e2533bbb621f23dd1b7062a6ee26ae2b97,3b7563f9-a7dd-4bd5-8d93-8a6f306b58b6,f18207d6-37cb-4349-a31e-a4ff2adcf299,2019-03-18 23:27:59.048866,2019-03-18 23:35:00.485902,421.437036,"T1.Q1, T1.Q2, T1.Q5, T1.Q6, T1.Q11, T1.Q12, T1.Q14",Yes,Mostly justified,"Yes, implicitly",No,,,"Yes, implicitly",0,0,0,1,6
ProbabilitySpecialist_2019_03_10,ec89ed7bea5590f2895c70af9c9c45b1f948ae50d5cca4279dd5104fc6cdd37d,49af7261-174a-4ade-a2e1-8208050e50bf,https://pe.goodlylabs.org/project/Sp19probability_1/task/1702,12,30,SSSPETest2-Demo1,1737,1737SSSArticle.txt,c35844f62ee12d09c0450281624c89e2533bbb621f23dd1b7062a6ee26ae2b97,e76f92a3-4f9a-43d6-96f4-e6fd07a3b16a,3a6b0929-a821-4616-8599-9b860526d09d,2019-03-19 01:57:50.414022,2019-03-19 02:03:40.054205,349.640183,"T1.Q1, T1.Q2, T1.Q5, T1.Q6, T1.Q11, T1.Q12, T1.Q14",Maybe,Mostly justified,"Yes, implicitly",No,,,"Yes, implicitly",0,0,1,0,6
ProbabilitySpecialist_2019_03_10,ec89ed7bea5590f2895c70af9c9c45b1f948ae50d5cca4279dd5104fc6cdd37d,49af7261-174a-4ade-a2e1-8208050e50bf,https://pe.goodlylabs.org/project/Sp19probability_1/task/1702,12,30,SSSPETest2-Demo1,1737,1737SSSArticle.txt,c35844f62ee12d09c0450281624c89e2533bbb621f23dd1b7062a6ee26ae2b97,813a8373-f41f-4366-ac26-39a416231dda,a2c02f27-95a3-4b31-9f31-bd024c0c0517,2019-03-19 07:51:23.307796,2019-03-19 07:53:19.619099,116.311303,"T1.Q1, T1.Q2, T1.Q5, T1.Q6, T1.Q11, T1.Q14",Yes,Mostly justified,No,No,,,"No, not at all",0,0,0,0,5: 50-50
ProbabilitySpecialist_2019_03_10,ec89ed7bea5590f2895c70af9c9c45b1f948ae50d5cca4279dd5104fc6cdd37d,49af7261-174a-4ade-a2e1-8208050e50bf,https://pe.goodlylabs.org/project/Sp19probability_1/task/1702,12,30,SSSPETest2-Demo1,1737,1737SSSArticle.txt,c35844f62ee12d09c0450281624c89e2533bbb621f23dd1b7062a6ee26ae2b97,7f8cec3a-8731-4652-af90-c0101d7efdb1,fb0bfdce-316c-46b8-a7f3-097457d92afb,2019-03-19 11:12:08.058720,2019-03-19 11:18:24.246639,376.187919,"T1.Q1, T1.Q2, T1.Q5, T1.Q6, T1.Q7, T1.Q10, T1.Q11, T1.Q12, T1.Q14",Maybe,Mostly justified,"Yes, implicitly","Yes, one number","Number given, no comparison number given",Explicitly,"Yes, explicitly",0,0,0,1,8
ProbabilitySpecialist_2019_03_10,ec89ed7bea5590f2895c70af9c9c45b1f948ae50d5cca4279dd5104fc6cdd37d,49af7261-174a-4ade-a2e1-8208050e50bf,https://pe.goodlylabs.org/project/Sp19probability_1/task/1702,12,30,SSSPETest2-Demo1,1737,1737SSSArticle.txt,c35844f62ee12d09c0450281624c89e2533bbb621f23dd1b7062a6ee26ae2b97,39d65adf-bdc9-4749-a35b-53a57aac819e,7b50486e-3d5e-474f-a40a-09c738f19bda,2019-03-19 12:26:38.807716,2019-03-19 12:28:53.779847,134.972131,"T1.Q1, T1.Q2, T1.Q5, T1.Q6, T1.Q11, T1.Q12, T1.Q14",Yes,Somewhat justified,"Yes, explicitly",No,,,"Yes, implicitly",0,1,0,1,6
ProbabilitySpecialist_2019_03_10,ec89ed7bea5590f2895c70af9c9c45b1f948ae50d5cca4279dd5104fc6cdd37d,49af7261-174a-4ade-a2e1-8208050e50bf,https://pe.goodlylabs.org/project/Sp19probability_1/task/1702,12,30,SSSPETest2-Demo1,1737,1737SSSArticle.txt,c35844f62ee12d09c0450281624c89e2533bbb621f23dd1b7062a6ee26ae2b97,de51339b-8961-46d5-92cd-e3a258071186,b359f9af-81af-4246-96d3-ee2c770022bb,2019-03-19 19:16:32.988675,2019-03-19 19:19:27.874644,174.885969,"T1.Q1, T1.Q2, T1.Q5, T1.Q6, T1.Q11, T1.Q14",Maybe,Somewhat justified,No,No,,,"No, not at all",0,0,0,0,8
ProbabilitySpecialist_2019_03_10,ec89ed7bea5590f2895c70af9c9c45b1f948ae50d5cca4279dd5104fc6cdd37d,49af7261-174a-4ade-a2e1-8208050e50bf,https://pe.goodlylabs.org/project/Sp19probability_1/task/1702,12,30,SSSPETest2-Demo1,1737,1737SSSArticle.txt,c35844f62ee12d09c0450281624c89e2533bbb621f23dd1b7062a6ee26ae2b97,7354c693-185b-4cf7-8fff-3f9053751e17,d970aaa4-3cde-4e75-937b-ea73fb0ca0f1,2019-03-19 20:32:46.865077,2019-03-19 20:49:41.183136,1014.318059,"T1.Q1, T1.Q2, T1.Q5, T1.Q6, T1.Q11, T1.Q14",No,Somewhat justified,No,No,,,I can't tell,0,0,0,0,7
ProbabilitySpecialist_2019_03_10,ec89ed7bea5590f2895c70af9c9c45b1f948ae50d5cca4279dd5104fc6cdd37d,49af7261-174a-4ade-a2e1-8208050e50bf,https://pe.goodlylabs.org/project/Sp19probability_1/task/1702,12,30,SSSPETest2-Demo1,1737,1737SSSArticle.txt,c35844f62ee12d09c0450281624c89e2533bbb621f23dd1b7062a6ee26ae2b97,5c74b8b7-0b8b-4431-9203-9f93d6b825f8,7ae543c3-9854-4453-962d-01eb3b9805a5,2019-03-19 22:12:30.023118,2019-03-19 22:15:03.441091,153.417973,"T1.Q1, T1.Q2, T1.Q5, T1.Q6, T1.Q11, T1.Q14",Yes,Somewhat justified,No,No,,,"No, not at all",0,0,0,0,5: 50-50
ProbabilitySpecialist_2019_03_10,ec89ed7bea5590f2895c70af9c9c45b1f948ae50d5cca4279dd5104fc6cdd37d,2865558d-1d6c-48af-8f25-35371e8c8301,https://pe.goodlylabs.org/project/Sp19probability_1/task/1706,3,30,SSSPETest2,1739,1739SSSArticle.txt,a6a4d058630efccca1ce1f7e636ca8f3e392460db4e62c2280617edc9b209be0,7badb8a1-032e-435b-9d5a-7d5cf0bb144c,bcf4ec10-b869-4e0f-89a7-133f825c910d,2019-03-16 20:40:27.124917,2019-03-16 20:50:24.549242,597.424325,"T1.Q1, T1.Q2, T1.Q5, T1.Q6, T1.Q11, T1.Q14",Yes,Slightly justified,No,No,,,"No, not at all",0,0,0,0,7
ProbabilitySpecialist_2019_03_10,ec89ed7bea5590f2895c70af9c9c45b1f948ae50d5cca4279dd5104fc6cdd37d,2865558d-1d6c-48af-8f25-35371e8c8301,https://pe.goodlylabs.org/project/Sp19probability_1/task/1706,3,30,SSSPETest2,1739,1739SSSArticle.txt,a6a4d058630efccca1ce1f7e636ca8f3e392460db4e62c2280617edc9b209be0,ef7eec07-412a-4a57-92ce-ec0ecded6176,fb0bfdce-316c-46b8-a7f3-097457d92afb,2019-03-19 11:23:00.011892,2019-03-19 11:36:34.206772,814.19488,"T1.Q1, T1.Q2, T1.Q5, T1.Q6, T1.Q11, T1.Q14",Maybe,Somewhat justified,"Yes, implicitly",No,,,I can't tell,0,0,0,0,6
ProbabilitySpecialist_2019_03_10,ec89ed7bea5590f2895c70af9c9c45b1f948ae50d5cca4279dd5104fc6cdd37d,2865558d-1d6c-48af-8f25-35371e8c8301,https://pe.goodlylabs.org/project/Sp19probability_1/task/1706,3,30,SSSPETest2,1739,1739SSSArticle.txt,a6a4d058630efccca1ce1f7e636ca8f3e392460db4e62c2280617edc9b209be0,0d55fe05-fb97-4acf-a365-020dafe16653,b359f9af-81af-4246-96d3-ee2c770022bb,2019-03-19 19:20:46.666357,2019-03-19 19:21:45.959621,59.293264,"T1.Q1, T1.Q2, T1.Q5, T1.Q6, T1.Q11, T1.Q14",Maybe,Mostly justified,No,No,,,I can't tell,0,0,0,0,5: 50-50
ProbabilitySpecialist_2019_03_10,ec89ed7bea5590f2895c70af9c9c45b1f948ae50d5cca4279dd5104fc6cdd37d,0ebc9dea-3bc3-4837-8c22-41ed930f4fec,https://pe.goodlylabs.org/project/Sp19probability_1/task/1707,2,30,SSSPETest2,1739,1739SSSArticle.txt,a6a4d058630efccca1ce1f7e636ca8f3e392460db4e62c2280617edc9b209be0,50b62f78-3172-4ce4-b474-f3ee8ee46067,bcf4ec10-b869-4e0f-89a7-133f825c910d,2019-03-16 20:56:06.815151,2019-03-16 21:03:01.792612,414.977461,"T1.Q1, T1.Q2, T1.Q5, T1.Q6, T1.Q7, T1.Q10, T1.Q11, T1.Q14",Maybe,Somewhat justified,No,"Yes, multiple numbers",Baseline number given,Explicitly,"No, not at all",0,0,0,0,8
ProbabilitySpecialist_2019_03_10,ec89ed7bea5590f2895c70af9c9c45b1f948ae50d5cca4279dd5104fc6cdd37d,0ebc9dea-3bc3-4837-8c22-41ed930f4fec,https://pe.goodlylabs.org/project/Sp19probability_1/task/1707,2,30,SSSPETest2,1739,1739SSSArticle.txt,a6a4d058630efccca1ce1f7e636ca8f3e392460db4e62c2280617edc9b209be0,e3db7830-08e5-44a6-9043-c42267bb75a9,fb0bfdce-316c-46b8-a7f3-097457d92afb,2019-03-19 11:27:46.637713,2019-03-19 11:40:11.288602,744.650889,"T1.Q1, T1.Q2, T1.Q5, T1.Q6, T1.Q7, T1.Q10, T1.Q11, T1.Q12, T1.Q14",Yes,Mostly justified,"Yes, explicitly","Yes, one number",Similar comparison number given for context (e.g. for previous year or nearby place),No,"Yes, implicitly",0,0,1,0,7
ProbabilitySpecialist_2019_03_10,ec89ed7bea5590f2895c70af9c9c45b1f948ae50d5cca4279dd5104fc6cdd37d,d0f68b50-fde6-4e33-bd5a-a2afe2836c97,https://pe.goodlylabs.org/project/Sp19probability_1/task/1695,12,30,SSSPETest2,1728,1728SSSArticle.txt,b3ab388528c6115f1d85529f203b533fb84143f467acfc31d289bdc58c08d49d,b52a3dd9-d88f-4fe9-b7f7-e7470be1d987,ec3b204f-2b04-4dc9-9e9b-cdf35364e6bc,2019-03-12 19:37:34.194176,2019-03-12 19:40:10.928918,156.734742,"T1.Q1, T1.Q2, T1.Q5, T1.Q6, T1.Q11, T1.Q14",Maybe,Not at all justified,"Yes, implicitly",No,,,"No, not at all",0,0,0,0,6
ProbabilitySpecialist_2019_03_10,ec89ed7bea5590f2895c70af9c9c45b1f948ae50d5cca4279dd5104fc6cdd37d,d0f68b50-fde6-4e33-bd5a-a2afe2836c97,https://pe.goodlylabs.org/project/Sp19probability_1/task/1695,12,30,SSSPETest2,1728,1728SSSArticle.txt,b3ab388528c6115f1d85529f203b533fb84143f467acfc31d289bdc58c08d49d,c11897ee-03e6-4ad2-8707-941bcccde62c,93b5d16a-4388-49d6-9217-d6607167f6c2,2019-03-16 19:33:19.400272,2019-03-16 19:37:53.455407,274.055135,"T1.Q1, T1.Q2, T1.Q5, T1.Q6, T1.Q11, T1.Q14",Yes,Mostly justified,"Yes, implicitly",No,,,I can't tell,0,0,0,0,8
ProbabilitySpecialist_2019_03_10,ec89ed7bea5590f2895c70af9c9c45b1f948ae50d5cca4279dd5104fc6cdd37d,d0f68b50-fde6-4e33-bd5a-a2afe2836c97,https://pe.goodlylabs.org/project/Sp19probability_1/task/1695,12,30,SSSPETest2,1728,1728SSSArticle.txt,b3ab388528c6115f1d85529f203b533fb84143f467acfc31d289bdc58c08d49d,6e279bcf-c542-4cbe-b75a-61c521467edc,bcf4ec10-b869-4e0f-89a7-133f825c910d,2019-03-16 17:36:15.158330,2019-03-16 20:16:40.885094,9625.726764,"T1.Q1, T1.Q2, T1.Q5, T1.Q6, T1.Q11, T1.Q14",No,Mostly justified,"Yes, implicitly",No,,,"No, not at all",0,0,0,0,8
ProbabilitySpecialist_2019_03_10,ec89ed7bea5590f2895c70af9c9c45b1f948ae50d5cca4279dd5104fc6cdd37d,d0f68b50-fde6-4e33-bd5a-a2afe2836c97,https://pe.goodlylabs.org/project/Sp19probability_1/task/1695,12,30,SSSPETest2,1728,1728SSSArticle.txt,b3ab388528c6115f1d85529f203b533fb84143f467acfc31d289bdc58c08d49d,f64cfe8e-ad25-4ac4-a869-af60ca0bf059,a2f9116f-94e4-448c-b513-8a7ab93d3d2f,2019-03-17 20:42:49.502575,2019-03-17 21:21:01.990685,2292.48811,"T1.Q1, T1.Q2, T1.Q5, T1.Q6, T1.Q11, T1.Q12, T1.Q14",Yes,Mostly justified,"Yes, implicitly",No,,,"Yes, implicitly",0,0,1,1,7
ProbabilitySpecialist_2019_03_10,ec89ed7bea5590f2895c70af9c9c45b1f948ae50d5cca4279dd5104fc6cdd37d,d0f68b50-fde6-4e33-bd5a-a2afe2836c97,https://pe.goodlylabs.org/project/Sp19probability_1/task/1695,12,30,SSSPETest2,1728,1728SSSArticle.txt,b3ab388528c6115f1d85529f203b533fb84143f467acfc31d289bdc58c08d49d,e9f4896e-ef86-4734-b81f-02286dd6c10a,f18207d6-37cb-4349-a31e-a4ff2adcf299,2019-03-18 23:04:20.481749,2019-03-18 23:07:54.931314,214.449565,"T1.Q1, T1.Q2, T1.Q5, T1.Q6, T1.Q11, T1.Q14",Yes,Mostly justified,No,No,,,"No, not at all",0,0,0,0,7
ProbabilitySpecialist_2019_03_10,ec89ed7bea5590f2895c70af9c9c45b1f948ae50d5cca4279dd5104fc6cdd37d,d0f68b50-fde6-4e33-bd5a-a2afe2836c97,https://pe.goodlylabs.org/project/Sp19probability_1/task/1695,12,30,SSSPETest2,1728,1728SSSArticle.txt,b3ab388528c6115f1d85529f203b533fb84143f467acfc31d289bdc58c08d49d,434252dc-4469-442b-bb0a-8905c5997aae,3a6b0929-a821-4616-8599-9b860526d09d,2019-03-19 01:17:01.062819,2019-03-19 01:36:56.994662,1195.931843,"T1.Q1, T1.Q2, T1.Q5, T1.Q6, T1.Q11, T1.Q14",Maybe,Mostly justified,"Yes, implicitly",No,,,I can't tell,0,0,0,0,5: 50-50
ProbabilitySpecialist_2019_03_10,ec89ed7bea5590f2895c70af9c9c45b1f948ae50d5cca4279dd5104fc6cdd37d,d0f68b50-fde6-4e33-bd5a-a2afe2836c97,https://pe.goodlylabs.org/project/Sp19probability_1/task/1695,12,30,SSSPETest2,1728,1728SSSArticle.txt,b3ab388528c6115f1d85529f203b533fb84143f467acfc31d289bdc58c08d49d,c64e254b-8bbf-4d3e-a6cb-9d6e57e16ed7,d970aaa4-3cde-4e75-937b-ea73fb0ca0f1,2019-03-19 06:05:16.089693,2019-03-19 06:54:47.192356,2971.102663,"T1.Q1, T1.Q2, T1.Q5, T1.Q6, T1.Q11, T1.Q14",Yes,Mostly justified,No,No,,,I can't tell,0,0,0,0,8
ProbabilitySpecialist_2019_03_10,ec89ed7bea5590f2895c70af9c9c45b1f948ae50d5cca4279dd5104fc6cdd37d,d0f68b50-fde6-4e33-bd5a-a2afe2836c97,https://pe.goodlylabs.org/project/Sp19probability_1/task/1695,12,30,SSSPETest2,1728,1728SSSArticle.txt,b3ab388528c6115f1d85529f203b533fb84143f467acfc31d289bdc58c08d49d,cc63ef27-5940-4eb9-875f-eb1af4b8ace1,a2c02f27-95a3-4b31-9f31-bd024c0c0517,2019-03-19 07:15:16.661367,2019-03-19 07:21:03.644302,346.982935,"T1.Q1, T1.Q2, T1.Q5, T1.Q6, T1.Q11, T1.Q14",Maybe,Mostly justified,"Yes, explicitly",No,,,"No, not at all",0,0,0,0,8
ProbabilitySpecialist_2019_03_10,ec89ed7bea5590f2895c70af9c9c45b1f948ae50d5cca4279dd5104fc6cdd37d,d0f68b50-fde6-4e33-bd5a-a2afe2836c97,https://pe.goodlylabs.org/project/Sp19probability_1/task/1695,12,30,SSSPETest2,1728,1728SSSArticle.txt,b3ab388528c6115f1d85529f203b533fb84143f467acfc31d289bdc58c08d49d,62a2eaee-c4e7-4cdc-ba83-3c508dde56c5,fb0bfdce-316c-46b8-a7f3-097457d92afb,2019-03-19 10:48:11.638638,2019-03-19 10:49:27.072478,75.43384,"T1.Q1, T1.Q2, T1.Q5, T1.Q6, T1.Q7, T1.Q10, T1.Q11, T1.Q14",Maybe,Mostly justified,"Yes, explicitly","Yes, one number","Number given, no comparison number given",Explicitly,"No, not at all",0,0,0,0,8
ProbabilitySpecialist_2019_03_10,ec89ed7bea5590f2895c70af9c9c45b1f948ae50d5cca4279dd5104fc6cdd37d,d0f68b50-fde6-4e33-bd5a-a2afe2836c97,https://pe.goodlylabs.org/project/Sp19probability_1/task/1695,12,30,SSSPETest2,1728,1728SSSArticle.txt,b3ab388528c6115f1d85529f203b533fb84143f467acfc31d289bdc58c08d49d,1eec3e5a-6e2b-4820-9360-0f50db180f21,7b50486e-3d5e-474f-a40a-09c738f19bda,2019-03-19 12:21:03.609212,2019-03-19 12:22:40.459351,96.850139,"T1.Q1, T1.Q2, T1.Q5, T1.Q6, T1.Q11, T1.Q14",No,Somewhat justified,"Yes, explicitly",No,,,I can't tell,0,0,0,0,7
ProbabilitySpecialist_2019_03_10,ec89ed7bea5590f2895c70af9c9c45b1f948ae50d5cca4279dd5104fc6cdd37d,d0f68b50-fde6-4e33-bd5a-a2afe2836c97,https://pe.goodlylabs.org/project/Sp19probability_1/task/1695,12,30,SSSPETest2,1728,1728SSSArticle.txt,b3ab388528c6115f1d85529f203b533fb84143f467acfc31d289bdc58c08d49d,07e33e88-8e07-40d2-b3ce-81a680cc92f9,b359f9af-81af-4246-96d3-ee2c770022bb,2019-03-19 19:11:28.345286,2019-03-19 19:12:51.955697,83.610411,"T1.Q1, T1.Q2, T1.Q5, T1.Q6, T1.Q11, T1.Q14",Yes,Mostly justified,No,No,,,I can't tell,0,0,0,0,5: 50-50
ProbabilitySpecialist_2019_03_10,ec89ed7bea5590f2895c70af9c9c45b1f948ae50d5cca4279dd5104fc6cdd37d,d0f68b50-fde6-4e33-bd5a-a2afe2836c97,https://pe.goodlylabs.org/project/Sp19probability_1/task/1695,12,30,SSSPETest2,1728,1728SSSArticle.txt,b3ab388528c6115f1d85529f203b533fb84143f467acfc31d289bdc58c08d49d,a7bde219-26e8-4f65-a759-59bc281042dd,7ae543c3-9854-4453-962d-01eb3b9805a5,2019-03-19 22:01:16.621563,2019-03-19 22:06:59.597872,342.976309,"T1.Q1, T1.Q2, T1.Q5, T1.Q6, T1.Q11, T1.Q14",Yes,Mostly justified,"Yes, implicitly",No,,,"No, not at all",0,0,0,0,5: 50-50
ProbabilitySpecialist_2019_03_10,ec89ed7bea5590f2895c70af9c9c45b1f948ae50d5cca4279dd5104fc6cdd37d,bdc4220c-ae4b-4678-a463-b05dca7b77d2,https://pe.goodlylabs.org/project/Sp19probability_1/task/1703,12,30,SSSPETest2,1728,1728SSSArticle.txt,b3ab388528c6115f1d85529f203b533fb84143f467acfc31d289bdc58c08d49d,47ab263c-5504-4008-a3a8-e5a0e014d05f,ec3b204f-2b04-4dc9-9e9b-cdf35364e6bc,2019-03-12 19:51:43.160863,2019-03-12 19:53:25.046474,101.885611,"T1.Q1, T1.Q2, T1.Q5, T1.Q6, T1.Q11, T1.Q14",Yes,Slightly justified,"Yes, implicitly",No,,,I can't tell,0,0,0,0,4
ProbabilitySpecialist_2019_03_10,ec89ed7bea5590f2895c70af9c9c45b1f948ae50d5cca4279dd5104fc6cdd37d,bdc4220c-ae4b-4678-a463-b05dca7b77d2,https://pe.goodlylabs.org/project/Sp19probability_1/task/1703,12,30,SSSPETest2,1728,1728SSSArticle.txt,b3ab388528c6115f1d85529f203b533fb84143f467acfc31d289bdc58c08d49d,1fe32962-164f-4481-bc56-21df8a87e7ae,bcf4ec10-b869-4e0f-89a7-133f825c910d,2019-03-16 20:33:13.025227,2019-03-16 20:39:28.688877,375.66365,"T1.Q1, T1.Q2, T1.Q5, T1.Q6, T1.Q11, T1.Q12, T1.Q14",Yes,Somewhat justified,"Yes, explicitly",No,,,"Yes, implicitly",0,0,1,0,7
ProbabilitySpecialist_2019_03_10,ec89ed7bea5590f2895c70af9c9c45b1f948ae50d5cca4279dd5104fc6cdd37d,bdc4220c-ae4b-4678-a463-b05dca7b77d2,https://pe.goodlylabs.org/project/Sp19probability_1/task/1703,12,30,SSSPETest2,1728,1728SSSArticle.txt,b3ab388528c6115f1d85529f203b533fb84143f467acfc31d289bdc58c08d49d,c39ed74e-cd16-429e-9f27-036dfa136428,93b5d16a-4388-49d6-9217-d6607167f6c2,2019-03-16 20:19:54.079364,2019-03-16 20:43:51.586559,1437.507195,"T1.Q1, T1.Q2, T1.Q5, T1.Q6, T1.Q11, T1.Q12, T1.Q14",Yes,Somewhat justified,No,No,,,"Yes, implicitly",0,0,1,0,9
ProbabilitySpecialist_2019_03_10,ec89ed7bea5590f2895c70af9c9c45b1f948ae50d5cca4279dd5104fc6cdd37d,bdc4220c-ae4b-4678-a463-b05dca7b77d2,https://pe.goodlylabs.org/project/Sp19probability_1/task/1703,12,30,SSSPETest2,1728,1728SSSArticle.txt,b3ab388528c6115f1d85529f203b533fb84143f467acfc31d289bdc58c08d49d,2c142b8b-a53a-4710-9d9b-13d634902bc0,a2f9116f-94e4-448c-b513-8a7ab93d3d2f,2019-03-17 23:07:27.808711,2019-03-17 23:11:00.555621,212.74691,"T1.Q1, T1.Q2, T1.Q5, T1.Q6, T1.Q11, T1.Q14",Yes,Somewhat justified,No,No,,,"No, not at all",0,0,0,0,8
ProbabilitySpecialist_2019_03_10,ec89ed7bea5590f2895c70af9c9c45b1f948ae50d5cca4279dd5104fc6cdd37d,bdc4220c-ae4b-4678-a463-b05dca7b77d2,https://pe.goodlylabs.org/project/Sp19probability_1/task/1703,12,30,SSSPETest2,1728,1728SSSArticle.txt,b3ab388528c6115f1d85529f203b533fb84143f467acfc31d289bdc58c08d49d,34163102-6801-4796-938a-0b414b70052b,f18207d6-37cb-4349-a31e-a4ff2adcf299,2019-03-18 23:30:28.571315,2019-03-18 23:35:54.960525,326.38921,"T1.Q1, T1.Q2, T1.Q5, T1.Q6, T1.Q11, T1.Q14",Yes,Mostly justified,No,No,,,"No, not at all",0,0,0,0,7
ProbabilitySpecialist_2019_03_10,ec89ed7bea5590f2895c70af9c9c45b1f948ae50d5cca4279dd5104fc6cdd37d,bdc4220c-ae4b-4678-a463-b05dca7b77d2,https://pe.goodlylabs.org/project/Sp19probability_1/task/1703,12,30,SSSPETest2,1728,1728SSSArticle.txt,b3ab388528c6115f1d85529f203b533fb84143f467acfc31d289bdc58c08d49d,d3ecb7c4-e4a6-43ad-bcb2-f480a36b0d49,3a6b0929-a821-4616-8599-9b860526d09d,2019-03-19 02:00:38.539042,2019-03-19 02:05:52.035055,313.496013,"T1.Q1, T1.Q2, T1.Q5, T1.Q6, T1.Q11, T1.Q12, T1.Q14",Maybe,Somewhat justified,"Yes, explicitly",No,,,"Yes, implicitly",0,0,1,0,6
ProbabilitySpecialist_2019_03_10,ec89ed7bea5590f2895c70af9c9c45b1f948ae50d5cca4279dd5104fc6cdd37d,bdc4220c-ae4b-4678-a463-b05dca7b77d2,https://pe.goodlylabs.org/project/Sp19probability_1/task/1703,12,30,SSSPETest2,1728,1728SSSArticle.txt,b3ab388528c6115f1d85529f203b533fb84143f467acfc31d289bdc58c08d49d,56cca6c9-c0a1-42ea-bdc7-08116542f875,a2c02f27-95a3-4b31-9f31-bd024c0c0517,2019-03-19 07:52:06.643367,2019-03-19 07:54:47.912483,161.269116,"T1.Q1, T1.Q2, T1.Q5, T1.Q6, T1.Q11, T1.Q14",Yes,Mostly justified,"Yes, explicitly",No,,,"No, not at all",0,0,0,0,7
ProbabilitySpecialist_2019_03_10,ec89ed7bea5590f2895c70af9c9c45b1f948ae50d5cca4279dd5104fc6cdd37d,bdc4220c-ae4b-4678-a463-b05dca7b77d2,https://pe.goodlylabs.org/project/Sp19probability_1/task/1703,12,30,SSSPETest2,1728,1728SSSArticle.txt,b3ab388528c6115f1d85529f203b533fb84143f467acfc31d289bdc58c08d49d,d3d79d3b-9783-4044-8297-7ae165e15b19,fb0bfdce-316c-46b8-a7f3-097457d92afb,2019-03-19 11:15:07.479687,2019-03-19 11:19:47.371538,279.891851,"T1.Q1, T1.Q2, T1.Q5, T1.Q6, T1.Q11, T1.Q14",Yes,Slightly justified,"Yes, implicitly",No,,,"No, not at all",0,0,0,0,7
ProbabilitySpecialist_2019_03_10,ec89ed7bea5590f2895c70af9c9c45b1f948ae50d5cca4279dd5104fc6cdd37d,bdc4220c-ae4b-4678-a463-b05dca7b77d2,https://pe.goodlylabs.org/project/Sp19probability_1/task/1703,12,30,SSSPETest2,1728,1728SSSArticle.txt,b3ab388528c6115f1d85529f203b533fb84143f467acfc31d289bdc58c08d49d,1f443cfb-b516-43bd-a025-cd91a1dd1dfb,7b50486e-3d5e-474f-a40a-09c738f19bda,2019-03-19 12:27:15.938205,2019-03-19 12:30:09.526622,173.588417,"T1.Q1, T1.Q2, T1.Q5, T1.Q6, T1.Q11, T1.Q12, T1.Q14",Yes,Somewhat justified,No,No,,,"Yes, implicitly",0,0,0,1,6
ProbabilitySpecialist_2019_03_10,ec89ed7bea5590f2895c70af9c9c45b1f948ae50d5cca4279dd5104fc6cdd37d,bdc4220c-ae4b-4678-a463-b05dca7b77d2,https://pe.goodlylabs.org/project/Sp19probability_1/task/1703,12,30,SSSPETest2,1728,1728SSSArticle.txt,b3ab388528c6115f1d85529f203b533fb84143f467acfc31d289bdc58c08d49d,87f1c8a6-6941-49a4-ba68-f6901cfd0c3c,b359f9af-81af-4246-96d3-ee2c770022bb,2019-03-19 19:17:15.769196,2019-03-19 19:19:56.979275,161.210079,"T1.Q1, T1.Q2, T1.Q5, T1.Q6, T1.Q11, T1.Q14",Yes,Not at all justified,No,No,,,I can't tell,0,0,0,0,7
ProbabilitySpecialist_2019_03_10,ec89ed7bea5590f2895c70af9c9c45b1f948ae50d5cca4279dd5104fc6cdd37d,bdc4220c-ae4b-4678-a463-b05dca7b77d2,https://pe.goodlylabs.org/project/Sp19probability_1/task/1703,12,30,SSSPETest2,1728,1728SSSArticle.txt,b3ab388528c6115f1d85529f203b533fb84143f467acfc31d289bdc58c08d49d,7139f1f4-3b30-47de-82de-eb9ed532fb66,d970aaa4-3cde-4e75-937b-ea73fb0ca0f1,2019-03-19 20:43:28.608954,2019-03-19 20:50:10.683851,402.074897,"T1.Q1, T1.Q2, T1.Q5, T1.Q6, T1.Q11, T1.Q14",Yes,Somewhat justified,No,No,,,I can't tell,0,0,0,0,7
ProbabilitySpecialist_2019_03_10,ec89ed7bea5590f2895c70af9c9c45b1f948ae50d5cca4279dd5104fc6cdd37d,bdc4220c-ae4b-4678-a463-b05dca7b77d2,https://pe.goodlylabs.org/project/Sp19probability_1/task/1703,12,30,SSSPETest2,1728,1728SSSArticle.txt,b3ab388528c6115f1d85529f203b533fb84143f467acfc31d289bdc58c08d49d,db36cacf-b747-4735-9f99-1d0df9385fc6,7ae543c3-9854-4453-962d-01eb3b9805a5,2019-03-19 22:13:20.728239,2019-03-19 22:16:39.279774,198.551535,"T1.Q1, T1.Q2, T1.Q5, T1.Q6, T1.Q11, T1.Q12, T1.Q14",Yes,Somewhat justified,No,No,,,"Yes, explicitly",0,0,1,0,4
ProbabilitySpecialist_2019_03_10,ec89ed7bea5590f2895c70af9c9c45b1f948ae50d5cca4279dd5104fc6cdd37d,a518dca8-66c5-4b51-85a5-bdcc4f9da03a,https://pe.goodlylabs.org/project/Sp19probability_1/task/1705,11,30,SSSPETest2,1728,1728SSSArticle.txt,b3ab388528c6115f1d85529f203b533fb84143f467acfc31d289bdc58c08d49d,568ddcfd-10c9-4f30-bd6a-3b5faf5caae3,bcf4ec10-b869-4e0f-89a7-133f825c910d,2019-03-16 20:39:28.880368,2019-03-16 20:46:48.757206,439.876838,"T1.Q1, T1.Q2, T1.Q5, T1.Q6, T1.Q11, T1.Q14",No,Completely justified,"Yes, implicitly",No,,,I can't tell,0,0,0,0,7
ProbabilitySpecialist_2019_03_10,ec89ed7bea5590f2895c70af9c9c45b1f948ae50d5cca4279dd5104fc6cdd37d,a518dca8-66c5-4b51-85a5-bdcc4f9da03a,https://pe.goodlylabs.org/project/Sp19probability_1/task/1705,11,30,SSSPETest2,1728,1728SSSArticle.txt,b3ab388528c6115f1d85529f203b533fb84143f467acfc31d289bdc58c08d49d,a5ac0d1c-c020-4d40-ae29-f6cec49d90d5,93b5d16a-4388-49d6-9217-d6607167f6c2,2019-03-17 06:19:08.010140,2019-03-17 06:29:10.928719,602.918579,"T1.Q1, T1.Q2, T1.Q5, T1.Q6, T1.Q11, T1.Q12, T1.Q14",Yes,Somewhat justified,"Yes, explicitly",No,,,"Yes, implicitly",0,0,0,1,9
ProbabilitySpecialist_2019_03_10,ec89ed7bea5590f2895c70af9c9c45b1f948ae50d5cca4279dd5104fc6cdd37d,a518dca8-66c5-4b51-85a5-bdcc4f9da03a,https://pe.goodlylabs.org/project/Sp19probability_1/task/1705,11,30,SSSPETest2,1728,1728SSSArticle.txt,b3ab388528c6115f1d85529f203b533fb84143f467acfc31d289bdc58c08d49d,7374d8f5-9c81-4ab0-877b-705a43573e20,a2f9116f-94e4-448c-b513-8a7ab93d3d2f,2019-03-17 23:11:00.774002,2019-03-17 23:12:47.355628,106.581626,"T1.Q1, T1.Q2, T1.Q5, T1.Q6, T1.Q11, T1.Q14",Yes,Somewhat justified,No,No,,,"No, not at all",0,0,0,0,7
ProbabilitySpecialist_2019_03_10,ec89ed7bea5590f2895c70af9c9c45b1f948ae50d5cca4279dd5104fc6cdd37d,a518dca8-66c5-4b51-85a5-bdcc4f9da03a,https://pe.goodlylabs.org/project/Sp19probability_1/task/1705,11,30,SSSPETest2,1728,1728SSSArticle.txt,b3ab388528c6115f1d85529f203b533fb84143f467acfc31d289bdc58c08d49d,e1c90415-56c1-4506-aedd-19f98bfdf789,f18207d6-37cb-4349-a31e-a4ff2adcf299,2019-03-18 23:35:55.210565,2019-03-18 23:39:33.467571,218.257006,"T1.Q1, T1.Q2, T1.Q5, T1.Q6, T1.Q11, T1.Q12, T1.Q14",Yes,Completely justified,"Yes, implicitly",No,,,"Yes, implicitly",0,1,1,1,7
ProbabilitySpecialist_2019_03_10,ec89ed7bea5590f2895c70af9c9c45b1f948ae50d5cca4279dd5104fc6cdd37d,a518dca8-66c5-4b51-85a5-bdcc4f9da03a,https://pe.goodlylabs.org/project/Sp19probability_1/task/1705,11,30,SSSPETest2,1728,1728SSSArticle.txt,b3ab388528c6115f1d85529f203b533fb84143f467acfc31d289bdc58c08d49d,0a5779dc-4324-43f4-aea5-bfc5a3aa9187,3a6b0929-a821-4616-8599-9b860526d09d,2019-03-19 02:05:52.264041,2019-03-19 02:11:27.759755,335.495714,"T1.Q1, T1.Q2, T1.Q5, T1.Q6, T1.Q11, T1.Q12, T1.Q14",Yes,Mostly justified,"Yes, implicitly",No,,,"Yes, implicitly",0,0,1,0,5: 50-50
ProbabilitySpecialist_2019_03_10,ec89ed7bea5590f2895c70af9c9c45b1f948ae50d5cca4279dd5104fc6cdd37d,a518dca8-66c5-4b51-85a5-bdcc4f9da03a,https://pe.goodlylabs.org/project/Sp19probability_1/task/1705,11,30,SSSPETest2,1728,1728SSSArticle.txt,b3ab388528c6115f1d85529f203b533fb84143f467acfc31d289bdc58c08d49d,348ce2e3-ee49-4468-b553-157b53ede0a9,a2c02f27-95a3-4b31-9f31-bd024c0c0517,2019-03-19 07:54:48.097227,2019-03-19 07:57:18.765365,150.668138,"T1.Q1, T1.Q2, T1.Q5, T1.Q6, T1.Q7, T1.Q10, T1.Q11, T1.Q14",Yes,Completely justified,"Yes, explicitly","Yes, multiple numbers","Number given, no comparison number given",No,"No, not at all",0,0,0,0,5: 50-50
ProbabilitySpecialist_2019_03_10,ec89ed7bea5590f2895c70af9c9c45b1f948ae50d5cca4279dd5104fc6cdd37d,a518dca8-66c5-4b51-85a5-bdcc4f9da03a,https://pe.goodlylabs.org/project/Sp19probability_1/task/1705,11,30,SSSPETest2,1728,1728SSSArticle.txt,b3ab388528c6115f1d85529f203b533fb84143f467acfc31d289bdc58c08d49d,688cdeb8-ceb3-4b81-864a-c5b7544c516f,fb0bfdce-316c-46b8-a7f3-097457d92afb,2019-03-19 11:19:47.554553,2019-03-19 11:27:46.460825,478.906272,"T1.Q1, T1.Q2, T1.Q5, T1.Q6, T1.Q11, T1.Q14",Maybe,Somewhat justified,"Yes, implicitly",No,,,"No, not at all",0,0,0,0,8
ProbabilitySpecialist_2019_03_10,ec89ed7bea5590f2895c70af9c9c45b1f948ae50d5cca4279dd5104fc6cdd37d,a518dca8-66c5-4b51-85a5-bdcc4f9da03a,https://pe.goodlylabs.org/project/Sp19probability_1/task/1705,11,30,SSSPETest2,1728,1728SSSArticle.txt,b3ab388528c6115f1d85529f203b533fb84143f467acfc31d289bdc58c08d49d,a6c77284-55bc-4080-a37f-fae5dd137482,7b50486e-3d5e-474f-a40a-09c738f19bda,2019-03-19 12:30:09.798595,2019-03-19 12:31:42.156241,92.357646,"T1.Q1, T1.Q2, T1.Q5, T1.Q6, T1.Q11, T1.Q14",Yes,Somewhat justified,No,No,,,I can't tell,0,0,0,0,7
ProbabilitySpecialist_2019_03_10,ec89ed7bea5590f2895c70af9c9c45b1f948ae50d5cca4279dd5104fc6cdd37d,a518dca8-66c5-4b51-85a5-bdcc4f9da03a,https://pe.goodlylabs.org/project/Sp19probability_1/task/1705,11,30,SSSPETest2,1728,1728SSSArticle.txt,b3ab388528c6115f1d85529f203b533fb84143f467acfc31d289bdc58c08d49d,688e968e-3cd9-4f7c-9d1a-938cf3c1a6de,b359f9af-81af-4246-96d3-ee2c770022bb,2019-03-19 19:19:57.155420,2019-03-19 19:21:16.626331,79.470911,"T1.Q1, T1.Q2, T1.Q5, T1.Q6, T1.Q11, T1.Q14",Yes,Mostly justified,No,No,,,I can't tell,0,0,0,0,5: 50-50
ProbabilitySpecialist_2019_03_10,ec89ed7bea5590f2895c70af9c9c45b1f948ae50d5cca4279dd5104fc6cdd37d,a518dca8-66c5-4b51-85a5-bdcc4f9da03a,https://pe.goodlylabs.org/project/Sp19probability_1/task/1705,11,30,SSSPETest2,1728,1728SSSArticle.txt,b3ab388528c6115f1d85529f203b533fb84143f467acfc31d289bdc58c08d49d,a6e12692-cf72-4828-8c75-2d644f75f6dd,d970aaa4-3cde-4e75-937b-ea73fb0ca0f1,2019-03-19 20:50:11.081984,2019-03-19 20:52:43.778860,152.696876,"T1.Q1, T1.Q2, T1.Q5, T1.Q6, T1.Q11, T1.Q14",No,Mostly justified,No,No,,,I can't tell,0,0,0,0,7
ProbabilitySpecialist_2019_03_10,ec89ed7bea5590f2895c70af9c9c45b1f948ae50d5cca4279dd5104fc6cdd37d,a518dca8-66c5-4b51-85a5-bdcc4f9da03a,https://pe.goodlylabs.org/project/Sp19probability_1/task/1705,11,30,SSSPETest2,1728,1728SSSArticle.txt,b3ab388528c6115f1d85529f203b533fb84143f467acfc31d289bdc58c08d49d,f744c3d4-eabd-4156-bb27-ae3dd13ca5d8,7ae543c3-9854-4453-962d-01eb3b9805a5,2019-03-19 22:16:39.605991,2019-03-19 22:18:05.478926,85.872935,"T1.Q1, T1.Q2, T1.Q5, T1.Q6, T1.Q11, T1.Q14",Yes,Mostly justified,"Yes, explicitly",No,,,"No, not at all",0,0,0,0,4
ProbabilitySpecialist_2019_03_10,ec89ed7bea5590f2895c70af9c9c45b1f948ae50d5cca4279dd5104fc6cdd37d,87192c0c-8e66-4cde-83f9-f79b193d67fc,https://pe.goodlylabs.org/project/Sp19probability_1/task/1701,13,30,SSSPETest2,1739,1739SSSArticle.txt,a6a4d058630efccca1ce1f7e636ca8f3e392460db4e62c2280617edc9b209be0,f8809aec-9498-4862-90ae-83f9074d5499,ec3b204f-2b04-4dc9-9e9b-cdf35364e6bc,2019-03-12 19:46:06.658400,2019-03-12 19:51:42.992446,336.334046,"T1.Q1, T1.Q2, T1.Q5, T1.Q6, T1.Q11, T1.Q14",No,Not at all justified,No,No,,,"No, not at all",0,0,0,0,7
ProbabilitySpecialist_2019_03_10,ec89ed7bea5590f2895c70af9c9c45b1f948ae50d5cca4279dd5104fc6cdd37d,87192c0c-8e66-4cde-83f9-f79b193d67fc,https://pe.goodlylabs.org/project/Sp19probability_1/task/1701,13,30,SSSPETest2,1739,1739SSSArticle.txt,a6a4d058630efccca1ce1f7e636ca8f3e392460db4e62c2280617edc9b209be0,168feefd-8e54-492d-9db0-f9e53e0f41a8,93b5d16a-4388-49d6-9217-d6607167f6c2,2019-03-16 19:53:54.568812,2019-03-16 20:19:53.904166,1559.335354,"T1.Q1, T1.Q2, T1.Q5, T1.Q6, T1.Q11, T1.Q12, T1.Q14",Yes,Completely justified,No,No,,,"Yes, implicitly",0,0,0,1,7
ProbabilitySpecialist_2019_03_10,ec89ed7bea5590f2895c70af9c9c45b1f948ae50d5cca4279dd5104fc6cdd37d,87192c0c-8e66-4cde-83f9-f79b193d67fc,https://pe.goodlylabs.org/project/Sp19probability_1/task/1701,13,30,SSSPETest2,1739,1739SSSArticle.txt,a6a4d058630efccca1ce1f7e636ca8f3e392460db4e62c2280617edc9b209be0,24a4c5ad-22c1-4f94-a081-4bc840ec6b7e,bcf4ec10-b869-4e0f-89a7-133f825c910d,2019-03-16 20:26:39.646448,2019-03-16 20:33:12.821156,393.174708,"T1.Q1, T1.Q2, T1.Q5, T1.Q6, T1.Q11, T1.Q14",Yes,Completely justified,No,No,,,"No, not at all",0,0,0,0,9
ProbabilitySpecialist_2019_03_10,ec89ed7bea5590f2895c70af9c9c45b1f948ae50d5cca4279dd5104fc6cdd37d,87192c0c-8e66-4cde-83f9-f79b193d67fc,https://pe.goodlylabs.org/project/Sp19probability_1/task/1701,13,30,SSSPETest2,1739,1739SSSArticle.txt,a6a4d058630efccca1ce1f7e636ca8f3e392460db4e62c2280617edc9b209be0,d6b6ba80-7194-43bb-89fb-4083fb33bc33,a2f9116f-94e4-448c-b513-8a7ab93d3d2f,2019-03-17 21:47:54.371440,2019-03-17 23:07:27.562660,4773.19122,"T1.Q1, T1.Q2, T1.Q5, T1.Q6, T1.Q11, T1.Q14",Yes,Not at all justified,No,No,,,"No, not at all",0,0,0,0,5: 50-50
ProbabilitySpecialist_2019_03_10,ec89ed7bea5590f2895c70af9c9c45b1f948ae50d5cca4279dd5104fc6cdd37d,87192c0c-8e66-4cde-83f9-f79b193d67fc,https://pe.goodlylabs.org/project/Sp19probability_1/task/1701,13,30,SSSPETest2,1739,1739SSSArticle.txt,a6a4d058630efccca1ce1f7e636ca8f3e392460db4e62c2280617edc9b209be0,150c12a2-a013-463d-a890-9a4844cfa807,f18207d6-37cb-4349-a31e-a4ff2adcf299,2019-03-18 23:24:22.505497,2019-03-18 23:30:28.395910,365.890413,"T1.Q1, T1.Q2, T1.Q5, T1.Q6, T1.Q11, T1.Q14",No,Completely justified,No,No,,,I can't tell,0,0,0,0,4
ProbabilitySpecialist_2019_03_10,ec89ed7bea5590f2895c70af9c9c45b1f948ae50d5cca4279dd5104fc6cdd37d,87192c0c-8e66-4cde-83f9-f79b193d67fc,https://pe.goodlylabs.org/project/Sp19probability_1/task/1701,13,30,SSSPETest2,1739,1739SSSArticle.txt,a6a4d058630efccca1ce1f7e636ca8f3e392460db4e62c2280617edc9b209be0,afd5d7d9-73eb-4cb5-919a-eeabcced536c,3a6b0929-a821-4616-8599-9b860526d09d,2019-03-19 01:56:25.275229,2019-03-19 02:00:38.149863,252.874634,"T1.Q1, T1.Q2, T1.Q5, T1.Q6, T1.Q11, T1.Q14",Yes,Completely justified,No,No,,,"No, not at all",0,0,0,0,4
ProbabilitySpecialist_2019_03_10,ec89ed7bea5590f2895c70af9c9c45b1f948ae50d5cca4279dd5104fc6cdd37d,87192c0c-8e66-4cde-83f9-f79b193d67fc,https://pe.goodlylabs.org/project/Sp19probability_1/task/1701,13,30,SSSPETest2,1739,1739SSSArticle.txt,a6a4d058630efccca1ce1f7e636ca8f3e392460db4e62c2280617edc9b209be0,edb98b0b-d7cd-4c7c-97f5-dfb9faca4377,a2c02f27-95a3-4b31-9f31-bd024c0c0517,2019-03-19 07:49:32.979894,2019-03-19 07:52:06.443824,153.46393,"T1.Q1, T1.Q2, T1.Q5, T1.Q6, T1.Q11, T1.Q14",No,Completely justified,No,No,,,I can't tell,0,0,0,0,8
ProbabilitySpecialist_2019_03_10,ec89ed7bea5590f2895c70af9c9c45b1f948ae50d5cca4279dd5104fc6cdd37d,87192c0c-8e66-4cde-83f9-f79b193d67fc,https://pe.goodlylabs.org/project/Sp19probability_1/task/1701,13,30,SSSPETest2,1739,1739SSSArticle.txt,a6a4d058630efccca1ce1f7e636ca8f3e392460db4e62c2280617edc9b209be0,19861949-a404-411b-9e74-b40b8af7059b,fb0bfdce-316c-46b8-a7f3-097457d92afb,2019-03-19 11:10:45.719270,2019-03-19 11:15:07.273136,261.553866,"T1.Q1, T1.Q2, T1.Q5, T1.Q6, T1.Q11, T1.Q14",No,Completely justified,No,No,,,I can't tell,0,0,0,0,5: 50-50
ProbabilitySpecialist_2019_03_10,ec89ed7bea5590f2895c70af9c9c45b1f948ae50d5cca4279dd5104fc6cdd37d,87192c0c-8e66-4cde-83f9-f79b193d67fc,https://pe.goodlylabs.org/project/Sp19probability_1/task/1701,13,30,SSSPETest2,1739,1739SSSArticle.txt,a6a4d058630efccca1ce1f7e636ca8f3e392460db4e62c2280617edc9b209be0,2aa74744-7d26-45b5-952d-44f56e6efbb7,7b50486e-3d5e-474f-a40a-09c738f19bda,2019-03-19 12:26:00.155356,2019-03-19 12:27:15.762370,75.607014,"T1.Q1, T1.Q2, T1.Q5, T1.Q6, T1.Q11, T1.Q14",No,Mostly justified,No,No,,,"No, not at all",0,0,0,0,10: 100% certain about all my answers
ProbabilitySpecialist_2019_03_10,ec89ed7bea5590f2895c70af9c9c45b1f948ae50d5cca4279dd5104fc6cdd37d,87192c0c-8e66-4cde-83f9-f79b193d67fc,https://pe.goodlylabs.org/project/Sp19probability_1/task/1701,13,30,SSSPETest2,1739,1739SSSArticle.txt,a6a4d058630efccca1ce1f7e636ca8f3e392460db4e62c2280617edc9b209be0,18debddb-e8f4-4671-a755-af62167e84df,b359f9af-81af-4246-96d3-ee2c770022bb,2019-03-19 19:15:44.666710,2019-03-19 19:17:15.602082,90.935372,"T1.Q1, T1.Q2, T1.Q5, T1.Q6, T1.Q11, T1.Q14",No,Completely justified,No,No,,,I can't tell,0,0,0,0,7
ProbabilitySpecialist_2019_03_10,ec89ed7bea5590f2895c70af9c9c45b1f948ae50d5cca4279dd5104fc6cdd37d,87192c0c-8e66-4cde-83f9-f79b193d67fc,https://pe.goodlylabs.org/project/Sp19probability_1/task/1701,13,30,SSSPETest2,1739,1739SSSArticle.txt,a6a4d058630efccca1ce1f7e636ca8f3e392460db4e62c2280617edc9b209be0,c2f1b836-f81a-4dc7-b125-fafe243b0d38,d970aaa4-3cde-4e75-937b-ea73fb0ca0f1,2019-03-19 20:32:46.724096,2019-03-19 20:43:28.374616,641.65052,"T1.Q1, T1.Q2, T1.Q5, T1.Q6, T1.Q7, T1.Q10, T1.Q11, T1.Q14",No,Slightly justified,No,"Yes, one number",No numbers,No,"No, not at all",0,0,0,0,6
ProbabilitySpecialist_2019_03_10,ec89ed7bea5590f2895c70af9c9c45b1f948ae50d5cca4279dd5104fc6cdd37d,87192c0c-8e66-4cde-83f9-f79b193d67fc,https://pe.goodlylabs.org/project/Sp19probability_1/task/1701,13,30,SSSPETest2,1739,1739SSSArticle.txt,a6a4d058630efccca1ce1f7e636ca8f3e392460db4e62c2280617edc9b209be0,f038e5aa-238e-43ef-9a4c-f9c328a6f7cf,7ae543c3-9854-4453-962d-01eb3b9805a5,2019-03-19 22:11:37.380434,2019-03-19 22:13:20.440286,103.059852,"T1.Q1, T1.Q2, T1.Q5, T1.Q6, T1.Q11, T1.Q14",No,Not at all justified,No,No,,,"No, not at all",0,0,0,0,3
ProbabilitySpecialist_2019_03_10,ec89ed7bea5590f2895c70af9c9c45b1f948ae50d5cca4279dd5104fc6cdd37d,87192c0c-8e66-4cde-83f9-f79b193d67fc,https://pe.goodlylabs.org/project/Sp19probability_1/task/1701,13,30,SSSPETest2,1739,1739SSSArticle.txt,a6a4d058630efccca1ce1f7e636ca8f3e392460db4e62c2280617edc9b209be0,d5dc9b3a-28e7-463d-a6cb-b3f46c2e9829,c2f193ad-2cdc-46b8-a5bf-c45cfbee3da7,2019-03-19 21:34:18.980673,2019-03-19 23:19:39.177827,6320.197154,"T1.Q1, T1.Q2, T1.Q5, T1.Q6, T1.Q11, T1.Q14",No,Completely justified,No,No,,,"No, not at all",0,0,0,0,5: 50-50
ProbabilitySpecialist_2019_03_10,ec89ed7bea5590f2895c70af9c9c45b1f948ae50d5cca4279dd5104fc6cdd37d,a0676049-64a3-4b96-8a7d-a41eaaee3723,https://pe.goodlylabs.org/project/Sp19probability_1/task/1698,13,30,SSSPETest2,1731,1731SSSArticle.txt,bad910fd0ffb399b223269afb4f75029d6e91fb55362ccaad4f28685ff1dc61e,fc05fe96-486d-4121-8ae4-1da3ce468f7f,ec3b204f-2b04-4dc9-9e9b-cdf35364e6bc,2019-03-12 19:41:06.414422,2019-03-12 19:43:21.609169,135.194747,"T1.Q1, T1.Q2, T1.Q5, T1.Q6, T1.Q11, T1.Q14",Maybe,Not at all justified,"Yes, explicitly",No,,,I can't tell,0,0,0,0,5: 50-50
ProbabilitySpecialist_2019_03_10,ec89ed7bea5590f2895c70af9c9c45b1f948ae50d5cca4279dd5104fc6cdd37d,a0676049-64a3-4b96-8a7d-a41eaaee3723,https://pe.goodlylabs.org/project/Sp19probability_1/task/1698,13,30,SSSPETest2,1731,1731SSSArticle.txt,bad910fd0ffb399b223269afb4f75029d6e91fb55362ccaad4f28685ff1dc61e,5822eb39-70cb-43c3-9b4f-c17a5e074d1e,93b5d16a-4388-49d6-9217-d6607167f6c2,2019-03-16 19:40:09.117724,2019-03-16 19:50:59.607784,650.49006,"T1.Q1, T1.Q2, T1.Q5, T1.Q6, T1.Q11, T1.Q14",Maybe,Not at all justified,"Yes, implicitly",No,,,I can't tell,0,0,0,0,7
ProbabilitySpecialist_2019_03_10,ec89ed7bea5590f2895c70af9c9c45b1f948ae50d5cca4279dd5104fc6cdd37d,a0676049-64a3-4b96-8a7d-a41eaaee3723,https://pe.goodlylabs.org/project/Sp19probability_1/task/1698,13,30,SSSPETest2,1731,1731SSSArticle.txt,bad910fd0ffb399b223269afb4f75029d6e91fb55362ccaad4f28685ff1dc61e,1830016a-9015-41c7-aaa3-7a8da3a3b486,bcf4ec10-b869-4e0f-89a7-133f825c910d,2019-03-16 20:18:45.614757,2019-03-16 20:25:11.459073,385.844316,"T1.Q1, T1.Q2, T1.Q5, T1.Q6, T1.Q11, T1.Q14",No,Mostly justified,"Yes, explicitly",No,,,I can't tell,0,0,0,0,7
ProbabilitySpecialist_2019_03_10,ec89ed7bea5590f2895c70af9c9c45b1f948ae50d5cca4279dd5104fc6cdd37d,a0676049-64a3-4b96-8a7d-a41eaaee3723,https://pe.goodlylabs.org/project/Sp19probability_1/task/1698,13,30,SSSPETest2,1731,1731SSSArticle.txt,bad910fd0ffb399b223269afb4f75029d6e91fb55362ccaad4f28685ff1dc61e,de5e3500-078e-4575-a392-e720b8e5f3bb,a2f9116f-94e4-448c-b513-8a7ab93d3d2f,2019-03-17 21:21:59.247410,2019-03-17 21:28:31.598281,392.350871,"T1.Q1, T1.Q2, T1.Q5, T1.Q6, T1.Q11, T1.Q12, T1.Q14",Yes,Somewhat justified,"Yes, explicitly",No,,,"Yes, implicitly",1,1,0,0,6
ProbabilitySpecialist_2019_03_10,ec89ed7bea5590f2895c70af9c9c45b1f948ae50d5cca4279dd5104fc6cdd37d,a0676049-64a3-4b96-8a7d-a41eaaee3723,https://pe.goodlylabs.org/project/Sp19probability_1/task/1698,13,30,SSSPETest2,1731,1731SSSArticle.txt,bad910fd0ffb399b223269afb4f75029d6e91fb55362ccaad4f28685ff1dc61e,d280ce89-edcd-4f7c-a75e-0a08c0d7eda5,f18207d6-37cb-4349-a31e-a4ff2adcf299,2019-03-18 23:14:26.525795,2019-03-18 23:20:22.040723,355.514928,"T1.Q1, T1.Q2, T1.Q5, T1.Q6, T1.Q11, T1.Q14",Yes,Mostly justified,No,No,,,"No, not at all",0,0,0,0,8
ProbabilitySpecialist_2019_03_10,ec89ed7bea5590f2895c70af9c9c45b1f948ae50d5cca4279dd5104fc6cdd37d,a0676049-64a3-4b96-8a7d-a41eaaee3723,https://pe.goodlylabs.org/project/Sp19probability_1/task/1698,13,30,SSSPETest2,1731,1731SSSArticle.txt,bad910fd0ffb399b223269afb4f75029d6e91fb55362ccaad4f28685ff1dc61e,e0292a8c-b43f-440a-9ffe-d90059086fac,3a6b0929-a821-4616-8599-9b860526d09d,2019-03-19 01:38:20.657895,2019-03-19 01:53:29.448712,908.790817,"T1.Q1, T1.Q2, T1.Q5, T1.Q6, T1.Q11, T1.Q12, T1.Q14",Maybe,Completely justified,"Yes, explicitly",No,,,"Yes, implicitly",0,1,0,0,5: 50-50
ProbabilitySpecialist_2019_03_10,ec89ed7bea5590f2895c70af9c9c45b1f948ae50d5cca4279dd5104fc6cdd37d,a0676049-64a3-4b96-8a7d-a41eaaee3723,https://pe.goodlylabs.org/project/Sp19probability_1/task/1698,13,30,SSSPETest2,1731,1731SSSArticle.txt,bad910fd0ffb399b223269afb4f75029d6e91fb55362ccaad4f28685ff1dc61e,d47a1796-671e-45b7-8003-f1ef4b736d5b,a2c02f27-95a3-4b31-9f31-bd024c0c0517,2019-03-19 07:22:52.432080,2019-03-19 07:46:55.048020,1442.61594,"T1.Q1, T1.Q2, T1.Q5, T1.Q6, T1.Q11, T1.Q14",Maybe,Somewhat justified,"Yes, explicitly",No,,,"No, not at all",0,0,0,0,7
ProbabilitySpecialist_2019_03_10,ec89ed7bea5590f2895c70af9c9c45b1f948ae50d5cca4279dd5104fc6cdd37d,a0676049-64a3-4b96-8a7d-a41eaaee3723,https://pe.goodlylabs.org/project/Sp19probability_1/task/1698,13,30,SSSPETest2,1731,1731SSSArticle.txt,bad910fd0ffb399b223269afb4f75029d6e91fb55362ccaad4f28685ff1dc61e,5908f071-f4e2-4f79-973f-e0529fd097bd,fb0bfdce-316c-46b8-a7f3-097457d92afb,2019-03-19 10:55:20.246145,2019-03-19 11:06:26.969740,666.723595,"T1.Q1, T1.Q2, T1.Q5, T1.Q6, T1.Q11, T1.Q12, T1.Q14",Maybe,Mostly justified,"Yes, explicitly",No,,,"Yes, implicitly",0,1,0,1,8
ProbabilitySpecialist_2019_03_10,ec89ed7bea5590f2895c70af9c9c45b1f948ae50d5cca4279dd5104fc6cdd37d,a0676049-64a3-4b96-8a7d-a41eaaee3723,https://pe.goodlylabs.org/project/Sp19probability_1/task/1698,13,30,SSSPETest2,1731,1731SSSArticle.txt,bad910fd0ffb399b223269afb4f75029d6e91fb55362ccaad4f28685ff1dc61e,0bd05524-7d96-4189-97b8-242e6331abfc,7b50486e-3d5e-474f-a40a-09c738f19bda,2019-03-19 12:23:15.925866,2019-03-19 12:25:14.579219,118.653353,"T1.Q1, T1.Q2, T1.Q5, T1.Q6, T1.Q11, T1.Q12, T1.Q14",No,Somewhat justified,No,No,,,"Yes, explicitly",0,1,0,0,6
ProbabilitySpecialist_2019_03_10,ec89ed7bea5590f2895c70af9c9c45b1f948ae50d5cca4279dd5104fc6cdd37d,a0676049-64a3-4b96-8a7d-a41eaaee3723,https://pe.goodlylabs.org/project/Sp19probability_1/task/1698,13,30,SSSPETest2,1731,1731SSSArticle.txt,bad910fd0ffb399b223269afb4f75029d6e91fb55362ccaad4f28685ff1dc61e,8147f007-1be5-4fcb-a454-e64d892093d2,d970aaa4-3cde-4e75-937b-ea73fb0ca0f1,2019-03-19 17:47:46.947794,2019-03-19 18:33:40.941641,2753.993847,"T1.Q1, T1.Q2, T1.Q5, T1.Q6, T1.Q11, T1.Q12, T1.Q14",No,Slightly justified,"Yes, explicitly",No,,,"Yes, implicitly",1,1,0,0,5: 50-50
ProbabilitySpecialist_2019_03_10,ec89ed7bea5590f2895c70af9c9c45b1f948ae50d5cca4279dd5104fc6cdd37d,a0676049-64a3-4b96-8a7d-a41eaaee3723,https://pe.goodlylabs.org/project/Sp19probability_1/task/1698,13,30,SSSPETest2,1731,1731SSSArticle.txt,bad910fd0ffb399b223269afb4f75029d6e91fb55362ccaad4f28685ff1dc61e,f920103d-7236-4471-b049-74011b3f9e85,b359f9af-81af-4246-96d3-ee2c770022bb,2019-03-19 19:14:02.872444,2019-03-19 19:15:16.384230,73.511786,"T1.Q1, T1.Q2, T1.Q5, T1.Q6, T1.Q11, T1.Q14",Maybe,Somewhat justified,No,No,,,I can't tell,0,0,0,0,5: 50-50
ProbabilitySpecialist_2019_03_10,ec89ed7bea5590f2895c70af9c9c45b1f948ae50d5cca4279dd5104fc6cdd37d,a0676049-64a3-4b96-8a7d-a41eaaee3723,https://pe.goodlylabs.org/project/Sp19probability_1/task/1698,13,30,SSSPETest2,1731,1731SSSArticle.txt,bad910fd0ffb399b223269afb4f75029d6e91fb55362ccaad4f28685ff1dc61e,9caa1ab4-3270-4f97-a018-02af2a6e9f86,7ae543c3-9854-4453-962d-01eb3b9805a5,2019-03-19 22:08:01.354858,2019-03-19 22:10:38.688651,157.333793,"T1.Q1, T1.Q2, T1.Q5, T1.Q6, T1.Q11, T1.Q14",Maybe,Slightly justified,"Yes, implicitly",No,,,I can't tell,0,0,0,0,3
ProbabilitySpecialist_2019_03_10,ec89ed7bea5590f2895c70af9c9c45b1f948ae50d5cca4279dd5104fc6cdd37d,a0676049-64a3-4b96-8a7d-a41eaaee3723,https://pe.goodlylabs.org/project/Sp19probability_1/task/1698,13,30,SSSPETest2,1731,1731SSSArticle.txt,bad910fd0ffb399b223269afb4f75029d6e91fb55362ccaad4f28685ff1dc61e,00e117e5-623f-4806-adf1-e658f2b9c3ef,c2f193ad-2cdc-46b8-a5bf-c45cfbee3da7,2019-03-19 21:34:06.064702,2019-03-19 23:11:32.028946,5845.964244,"T1.Q1, T1.Q2, T1.Q5, T1.Q6, T1.Q11, T1.Q14",Yes,Mostly justified,"Yes, explicitly",No,,,"No, not at all",0,0,0,0,8
ProbabilitySpecialist_2019_03_10,ec89ed7bea5590f2895c70af9c9c45b1f948ae50d5cca4279dd5104fc6cdd37d,a6680bd3-69d4-479f-9e9c-cf8518691c7d,https://pe.goodlylabs.org/project/Sp19probability_1/task/1711,1,30,SSSPETest2-Demo1,1737,1737SSSArticle.txt,c35844f62ee12d09c0450281624c89e2533bbb621f23dd1b7062a6ee26ae2b97,20697beb-d81c-46ab-a09b-7595857a598e,fb0bfdce-316c-46b8-a7f3-097457d92afb,2019-03-19 11:49:54.234280,2019-03-19 11:55:46.103523,351.869243,"T1.Q1, T1.Q2, T1.Q5, T1.Q6, T1.Q11, T1.Q12, T1.Q14",Maybe,Somewhat justified,"Yes, implicitly",No,,,"Yes, explicitly",0,0,0,1,8
ProbabilitySpecialist_2019_03_10,ec89ed7bea5590f2895c70af9c9c45b1f948ae50d5cca4279dd5104fc6cdd37d,aab06d77-d2a7-4c1a-ac86-7b44988a4b73,https://pe.goodlylabs.org/project/Sp19probability_1/task/1712,1,30,SSSPETest2,1731,1731SSSArticle.txt,bad910fd0ffb399b223269afb4f75029d6e91fb55362ccaad4f28685ff1dc61e,cbe82b01-6fcd-4f0b-99d9-63d104ac9367,fb0bfdce-316c-46b8-a7f3-097457d92afb,2019-03-19 11:53:18.689796,2019-03-19 11:57:12.716287,234.026491,"T1.Q1, T1.Q2, T1.Q5, T1.Q6, T1.Q11, T1.Q14",Maybe,Slightly justified,"Yes, implicitly",No,,,"No, not at all",0,0,0,0,6
ProbabilitySpecialist_2019_03_10,ec89ed7bea5590f2895c70af9c9c45b1f948ae50d5cca4279dd5104fc6cdd37d,01cc39ab-4c15-438d-8418-5f09945391fd,https://pe.goodlylabs.org/project/Sp19probability_1/task/1708,2,30,SSSPETest2,1739,1739SSSArticle.txt,a6a4d058630efccca1ce1f7e636ca8f3e392460db4e62c2280617edc9b209be0,53fc49f3-65f4-48d0-afdb-153edd41b782,bcf4ec10-b869-4e0f-89a7-133f825c910d,2019-03-16 20:56:38.189421,2019-03-16 21:09:10.879819,752.690398,"T1.Q1, T1.Q2, T1.Q5, T1.Q6, T1.Q7, T1.Q10, T1.Q11, T1.Q14",Yes,Not at all justified,No,"Yes, one number","Number given, no comparison number given",No,"No, not at all",0,0,0,0,8
ProbabilitySpecialist_2019_03_10,ec89ed7bea5590f2895c70af9c9c45b1f948ae50d5cca4279dd5104fc6cdd37d,01cc39ab-4c15-438d-8418-5f09945391fd,https://pe.goodlylabs.org/project/Sp19probability_1/task/1708,2,30,SSSPETest2,1739,1739SSSArticle.txt,a6a4d058630efccca1ce1f7e636ca8f3e392460db4e62c2280617edc9b209be0,c498a9e7-802b-43c9-bac8-4375b7bf9809,fb0bfdce-316c-46b8-a7f3-097457d92afb,2019-03-19 11:36:34.369636,2019-03-19 11:44:26.138970,471.769334,"T1.Q1, T1.Q2, T1.Q5, T1.Q6, T1.Q7, T1.Q10, T1.Q11, T1.Q12, T1.Q14",Maybe,Slightly justified,"Yes, implicitly","Yes, one number",Baseline number given,Implicitly,"Yes, implicitly",0,0,1,0,6
ProbabilitySpecialist_2019_03_10,ec89ed7bea5590f2895c70af9c9c45b1f948ae50d5cca4279dd5104fc6cdd37d,c02cfc14-2993-4bbc-a1a1-4693f0ea0abe,https://pe.goodlylabs.org/project/Sp19probability_1/task/1696,12,30,SSSPETest2,1731,1731SSSArticle.txt,bad910fd0ffb399b223269afb4f75029d6e91fb55362ccaad4f28685ff1dc61e,5fb0244b-4201-43ac-bedf-282fbf39ccb9,ec3b204f-2b04-4dc9-9e9b-cdf35364e6bc,2019-03-12 19:38:57.382023,2019-03-12 19:41:06.236027,128.854004,"T1.Q1, T1.Q2, T1.Q5, T1.Q6, T1.Q11, T1.Q14",Yes,Not at all justified,No,No,,,"No, not at all",0,0,0,0,6
ProbabilitySpecialist_2019_03_10,ec89ed7bea5590f2895c70af9c9c45b1f948ae50d5cca4279dd5104fc6cdd37d,c02cfc14-2993-4bbc-a1a1-4693f0ea0abe,https://pe.goodlylabs.org/project/Sp19probability_1/task/1696,12,30,SSSPETest2,1731,1731SSSArticle.txt,bad910fd0ffb399b223269afb4f75029d6e91fb55362ccaad4f28685ff1dc61e,ba32a508-faca-411a-aa96-281a93e14e0d,93b5d16a-4388-49d6-9217-d6607167f6c2,2019-03-16 19:35:20.120227,2019-03-16 19:40:08.884025,288.763798,"T1.Q1, T1.Q2, T1.Q5, T1.Q6, T1.Q11, T1.Q14",Maybe,Mostly justified,No,No,,,"No, not at all",0,0,0,0,9
ProbabilitySpecialist_2019_03_10,ec89ed7bea5590f2895c70af9c9c45b1f948ae50d5cca4279dd5104fc6cdd37d,c02cfc14-2993-4bbc-a1a1-4693f0ea0abe,https://pe.goodlylabs.org/project/Sp19probability_1/task/1696,12,30,SSSPETest2,1731,1731SSSArticle.txt,bad910fd0ffb399b223269afb4f75029d6e91fb55362ccaad4f28685ff1dc61e,4a2de3cd-71da-4c00-97db-b0ba9db8c080,bcf4ec10-b869-4e0f-89a7-133f825c910d,2019-03-16 20:13:40.501216,2019-03-16 20:18:45.414302,304.913086,"T1.Q1, T1.Q2, T1.Q5, T1.Q6, T1.Q11, T1.Q14",Maybe,Somewhat justified,"Yes, implicitly",No,,,"No, not at all",0,0,0,0,8
ProbabilitySpecialist_2019_03_10,ec89ed7bea5590f2895c70af9c9c45b1f948ae50d5cca4279dd5104fc6cdd37d,c02cfc14-2993-4bbc-a1a1-4693f0ea0abe,https://pe.goodlylabs.org/project/Sp19probability_1/task/1696,12,30,SSSPETest2,1731,1731SSSArticle.txt,bad910fd0ffb399b223269afb4f75029d6e91fb55362ccaad4f28685ff1dc61e,ed69f494-7b8a-46c1-be59-e2119d6cf87b,a2f9116f-94e4-448c-b513-8a7ab93d3d2f,2019-03-17 21:06:19.695963,2019-03-17 21:21:59.066067,939.370104,"T1.Q1, T1.Q2, T1.Q5, T1.Q6, T1.Q11, T1.Q14",No,Slightly justified,"Yes, explicitly",No,,,"No, not at all",0,0,0,0,9
ProbabilitySpecialist_2019_03_10,ec89ed7bea5590f2895c70af9c9c45b1f948ae50d5cca4279dd5104fc6cdd37d,c02cfc14-2993-4bbc-a1a1-4693f0ea0abe,https://pe.goodlylabs.org/project/Sp19probability_1/task/1696,12,30,SSSPETest2,1731,1731SSSArticle.txt,bad910fd0ffb399b223269afb4f75029d6e91fb55362ccaad4f28685ff1dc61e,599e5986-5acf-4419-a4f6-d9578d1052bd,f18207d6-37cb-4349-a31e-a4ff2adcf299,2019-03-18 23:05:36.560229,2019-03-18 23:14:26.317004,529.756775,"T1.Q1, T1.Q2, T1.Q5, T1.Q6, T1.Q11, T1.Q14",Maybe,Mostly justified,"Yes, implicitly",No,,,I can't tell,0,0,0,0,6
ProbabilitySpecialist_2019_03_10,ec89ed7bea5590f2895c70af9c9c45b1f948ae50d5cca4279dd5104fc6cdd37d,c02cfc14-2993-4bbc-a1a1-4693f0ea0abe,https://pe.goodlylabs.org/project/Sp19probability_1/task/1696,12,30,SSSPETest2,1731,1731SSSArticle.txt,bad910fd0ffb399b223269afb4f75029d6e91fb55362ccaad4f28685ff1dc61e,5e8e8a23-c30c-46be-bebe-ec70729b390c,3a6b0929-a821-4616-8599-9b860526d09d,2019-03-19 01:32:36.373662,2019-03-19 01:38:20.352183,343.978521,"T1.Q1, T1.Q2, T1.Q5, T1.Q6, T1.Q11, T1.Q14",Yes,Completely justified,No,No,,,I can't tell,0,0,0,0,5: 50-50
ProbabilitySpecialist_2019_03_10,ec89ed7bea5590f2895c70af9c9c45b1f948ae50d5cca4279dd5104fc6cdd37d,c02cfc14-2993-4bbc-a1a1-4693f0ea0abe,https://pe.goodlylabs.org/project/Sp19probability_1/task/1696,12,30,SSSPETest2,1731,1731SSSArticle.txt,bad910fd0ffb399b223269afb4f75029d6e91fb55362ccaad4f28685ff1dc61e,e7a2c88a-b978-469e-ab4b-ef681a9f3f27,a2c02f27-95a3-4b31-9f31-bd024c0c0517,2019-03-19 07:16:38.451435,2019-03-19 07:22:52.260501,373.809066,"T1.Q1, T1.Q2, T1.Q5, T1.Q6, T1.Q11, T1.Q14",Maybe,Somewhat justified,No,No,,,I can't tell,0,0,0,0,7
ProbabilitySpecialist_2019_03_10,ec89ed7bea5590f2895c70af9c9c45b1f948ae50d5cca4279dd5104fc6cdd37d,c02cfc14-2993-4bbc-a1a1-4693f0ea0abe,https://pe.goodlylabs.org/project/Sp19probability_1/task/1696,12,30,SSSPETest2,1731,1731SSSArticle.txt,bad910fd0ffb399b223269afb4f75029d6e91fb55362ccaad4f28685ff1dc61e,52f010bb-c39c-4809-9f07-37f3b6550c6c,d970aaa4-3cde-4e75-937b-ea73fb0ca0f1,2019-03-19 06:05:50.876690,2019-03-19 07:42:16.612260,5785.73557,"T1.Q1, T1.Q2, T1.Q5, T1.Q6, T1.Q11, T1.Q14",Yes,Mostly justified,No,No,,,I can't tell,0,0,0,0,7
ProbabilitySpecialist_2019_03_10,ec89ed7bea5590f2895c70af9c9c45b1f948ae50d5cca4279dd5104fc6cdd37d,c02cfc14-2993-4bbc-a1a1-4693f0ea0abe,https://pe.goodlylabs.org/project/Sp19probability_1/task/1696,12,30,SSSPETest2,1731,1731SSSArticle.txt,bad910fd0ffb399b223269afb4f75029d6e91fb55362ccaad4f28685ff1dc61e,8992e233-1f7d-49f6-b9d3-c5ee4ce599c2,fb0bfdce-316c-46b8-a7f3-097457d92afb,2019-03-19 10:48:12.480322,2019-03-19 10:55:20.076759,427.596437,"T1.Q1, T1.Q2, T1.Q5, T1.Q6, T1.Q11, T1.Q12, T1.Q14",Maybe,Somewhat justified,No,No,,,"Yes, implicitly",1,0,0,0,5: 50-50
ProbabilitySpecialist_2019_03_10,ec89ed7bea5590f2895c70af9c9c45b1f948ae50d5cca4279dd5104fc6cdd37d,c02cfc14-2993-4bbc-a1a1-4693f0ea0abe,https://pe.goodlylabs.org/project/Sp19probability_1/task/1696,12,30,SSSPETest2,1731,1731SSSArticle.txt,bad910fd0ffb399b223269afb4f75029d6e91fb55362ccaad4f28685ff1dc61e,fabc2419-37f6-42e1-bc00-fcf44dca21bd,7b50486e-3d5e-474f-a40a-09c738f19bda,2019-03-19 12:21:59.088093,2019-03-19 12:23:15.757413,76.66932,"T1.Q1, T1.Q2, T1.Q5, T1.Q6, T1.Q11, T1.Q14",Yes,Mostly justified,No,No,,,I can't tell,0,0,0,0,6
ProbabilitySpecialist_2019_03_10,ec89ed7bea5590f2895c70af9c9c45b1f948ae50d5cca4279dd5104fc6cdd37d,c02cfc14-2993-4bbc-a1a1-4693f0ea0abe,https://pe.goodlylabs.org/project/Sp19probability_1/task/1696,12,30,SSSPETest2,1731,1731SSSArticle.txt,bad910fd0ffb399b223269afb4f75029d6e91fb55362ccaad4f28685ff1dc61e,1d29c09e-fbce-4f81-8b93-87bf1603437e,b359f9af-81af-4246-96d3-ee2c770022bb,2019-03-19 19:12:18.125829,2019-03-19 19:14:02.694966,104.569137,"T1.Q1, T1.Q2, T1.Q5, T1.Q6, T1.Q11, T1.Q14",No,Mostly justified,"Yes, implicitly",No,,,I can't tell,0,0,0,0,6
ProbabilitySpecialist_2019_03_10,ec89ed7bea5590f2895c70af9c9c45b1f948ae50d5cca4279dd5104fc6cdd37d,c02cfc14-2993-4bbc-a1a1-4693f0ea0abe,https://pe.goodlylabs.org/project/Sp19probability_1/task/1696,12,30,SSSPETest2,1731,1731SSSArticle.txt,bad910fd0ffb399b223269afb4f75029d6e91fb55362ccaad4f28685ff1dc61e,ca0da04e-f7f9-4472-aae8-626d5921c45a,7ae543c3-9854-4453-962d-01eb3b9805a5,2019-03-19 22:05:43.492091,2019-03-19 22:08:01.079918,137.587827,"T1.Q1, T1.Q2, T1.Q5, T1.Q6, T1.Q11, T1.Q14",Maybe,Completely justified,No,No,,,"No, not at all",0,0,0,0,4
ProbabilitySpecialist_2019_03_10,ec89ed7bea5590f2895c70af9c9c45b1f948ae50d5cca4279dd5104fc6cdd37d,89a5ffa6-3799-419e-9df5-1c69b25c7e55,https://pe.goodlylabs.org/project/Sp19probability_1/task/1700,12,30,SSSPETest2,1739,1739SSSArticle.txt,a6a4d058630efccca1ce1f7e636ca8f3e392460db4e62c2280617edc9b209be0,f9bfcedc-3dae-4ab8-8fce-37faa548556b,ec3b204f-2b04-4dc9-9e9b-cdf35364e6bc,2019-03-12 19:43:21.793955,2019-03-12 19:48:16.253056,294.459101,"T1.Q1, T1.Q2, T1.Q5, T1.Q6, T1.Q11, T1.Q14",Maybe,Slightly justified,No,No,,,I can't tell,0,0,0,0,5: 50-50
ProbabilitySpecialist_2019_03_10,ec89ed7bea5590f2895c70af9c9c45b1f948ae50d5cca4279dd5104fc6cdd37d,89a5ffa6-3799-419e-9df5-1c69b25c7e55,https://pe.goodlylabs.org/project/Sp19probability_1/task/1700,12,30,SSSPETest2,1739,1739SSSArticle.txt,a6a4d058630efccca1ce1f7e636ca8f3e392460db4e62c2280617edc9b209be0,9fc3b570-69f8-45fe-ba69-b02e6c65a869,93b5d16a-4388-49d6-9217-d6607167f6c2,2019-03-16 19:50:59.850371,2019-03-16 19:56:51.406895,351.556524,"T1.Q1, T1.Q2, T1.Q5, T1.Q6, T1.Q11, T1.Q12, T1.Q14",Yes,Mostly justified,"Yes, implicitly",No,,,"Yes, implicitly",0,0,1,0,9
ProbabilitySpecialist_2019_03_10,ec89ed7bea5590f2895c70af9c9c45b1f948ae50d5cca4279dd5104fc6cdd37d,89a5ffa6-3799-419e-9df5-1c69b25c7e55,https://pe.goodlylabs.org/project/Sp19probability_1/task/1700,12,30,SSSPETest2,1739,1739SSSArticle.txt,a6a4d058630efccca1ce1f7e636ca8f3e392460db4e62c2280617edc9b209be0,7597b1c2-a445-4f36-8dff-225c477377c9,bcf4ec10-b869-4e0f-89a7-133f825c910d,2019-03-16 20:25:11.651419,2019-03-16 20:32:18.722967,427.071548,"T1.Q1, T1.Q2, T1.Q5, T1.Q6, T1.Q11, T1.Q14",Maybe,Mostly justified,"Yes, implicitly",No,,,I can't tell,0,0,0,0,6
ProbabilitySpecialist_2019_03_10,ec89ed7bea5590f2895c70af9c9c45b1f948ae50d5cca4279dd5104fc6cdd37d,89a5ffa6-3799-419e-9df5-1c69b25c7e55,https://pe.goodlylabs.org/project/Sp19probability_1/task/1700,12,30,SSSPETest2,1739,1739SSSArticle.txt,a6a4d058630efccca1ce1f7e636ca8f3e392460db4e62c2280617edc9b209be0,9acc4028-47ba-48bd-91cc-4c4f68b6faf3,a2f9116f-94e4-448c-b513-8a7ab93d3d2f,2019-03-17 21:28:31.870125,2019-03-17 23:06:00.820825,5848.9507,"T1.Q1, T1.Q2, T1.Q5, T1.Q6, T1.Q11, T1.Q14",No,Mostly justified,"Yes, implicitly",No,,,"No, not at all",0,0,0,0,7
ProbabilitySpecialist_2019_03_10,ec89ed7bea5590f2895c70af9c9c45b1f948ae50d5cca4279dd5104fc6cdd37d,89a5ffa6-3799-419e-9df5-1c69b25c7e55,https://pe.goodlylabs.org/project/Sp19probability_1/task/1700,12,30,SSSPETest2,1739,1739SSSArticle.txt,a6a4d058630efccca1ce1f7e636ca8f3e392460db4e62c2280617edc9b209be0,c2366d46-fafc-491a-bc53-705b0c97ae1e,f18207d6-37cb-4349-a31e-a4ff2adcf299,2019-03-18 23:20:22.264622,2019-03-18 23:27:58.842844,456.578222,"T1.Q1, T1.Q2, T1.Q5, T1.Q6, T1.Q11, T1.Q14",Maybe,Mostly justified,No,No,,,I can't tell,0,0,0,0,7
ProbabilitySpecialist_2019_03_10,ec89ed7bea5590f2895c70af9c9c45b1f948ae50d5cca4279dd5104fc6cdd37d,89a5ffa6-3799-419e-9df5-1c69b25c7e55,https://pe.goodlylabs.org/project/Sp19probability_1/task/1700,12,30,SSSPETest2,1739,1739SSSArticle.txt,a6a4d058630efccca1ce1f7e636ca8f3e392460db4e62c2280617edc9b209be0,9ac9d0f3-28ed-40b4-9cca-f58b938d4d40,3a6b0929-a821-4616-8599-9b860526d09d,2019-03-19 01:53:29.668562,2019-03-19 01:57:50.094529,260.425967,"T1.Q1, T1.Q2, T1.Q5, T1.Q6, T1.Q11, T1.Q14",Maybe,Mostly justified,No,No,,,"No, not at all",0,0,0,0,4
ProbabilitySpecialist_2019_03_10,ec89ed7bea5590f2895c70af9c9c45b1f948ae50d5cca4279dd5104fc6cdd37d,89a5ffa6-3799-419e-9df5-1c69b25c7e55,https://pe.goodlylabs.org/project/Sp19probability_1/task/1700,12,30,SSSPETest2,1739,1739SSSArticle.txt,a6a4d058630efccca1ce1f7e636ca8f3e392460db4e62c2280617edc9b209be0,6e3aee7b-fc11-4879-bde3-405eeff0f60e,a2c02f27-95a3-4b31-9f31-bd024c0c0517,2019-03-19 07:46:55.427982,2019-03-19 07:51:23.125422,267.69744,"T1.Q1, T1.Q2, T1.Q5, T1.Q6, T1.Q11, T1.Q12, T1.Q14",Maybe,Somewhat justified,No,No,,,"Yes, explicitly",1,0,0,0,7
ProbabilitySpecialist_2019_03_10,ec89ed7bea5590f2895c70af9c9c45b1f948ae50d5cca4279dd5104fc6cdd37d,89a5ffa6-3799-419e-9df5-1c69b25c7e55,https://pe.goodlylabs.org/project/Sp19probability_1/task/1700,12,30,SSSPETest2,1739,1739SSSArticle.txt,a6a4d058630efccca1ce1f7e636ca8f3e392460db4e62c2280617edc9b209be0,e81ff8ab-fa0d-4e8e-9559-9fb452bf07fe,fb0bfdce-316c-46b8-a7f3-097457d92afb,2019-03-19 11:06:27.151584,2019-03-19 11:12:07.875532,340.723948,"T1.Q1, T1.Q2, T1.Q5, T1.Q6, T1.Q11, T1.Q14",Maybe,Somewhat justified,"Yes, implicitly",No,,,I can't tell,0,0,0,0,5: 50-50
ProbabilitySpecialist_2019_03_10,ec89ed7bea5590f2895c70af9c9c45b1f948ae50d5cca4279dd5104fc6cdd37d,89a5ffa6-3799-419e-9df5-1c69b25c7e55,https://pe.goodlylabs.org/project/Sp19probability_1/task/1700,12,30,SSSPETest2,1739,1739SSSArticle.txt,a6a4d058630efccca1ce1f7e636ca8f3e392460db4e62c2280617edc9b209be0,e4ac33a8-dd64-4d3f-9e66-9d833e9712c9,7b50486e-3d5e-474f-a40a-09c738f19bda,2019-03-19 12:25:14.740864,2019-03-19 12:26:38.626717,83.885853,"T1.Q1, T1.Q2, T1.Q5, T1.Q6, T1.Q11, T1.Q14",No,Slightly justified,"Yes, explicitly",No,,,I can't tell,0,0,0,0,6
ProbabilitySpecialist_2019_03_10,ec89ed7bea5590f2895c70af9c9c45b1f948ae50d5cca4279dd5104fc6cdd37d,89a5ffa6-3799-419e-9df5-1c69b25c7e55,https://pe.goodlylabs.org/project/Sp19probability_1/task/1700,12,30,SSSPETest2,1739,1739SSSArticle.txt,a6a4d058630efccca1ce1f7e636ca8f3e392460db4e62c2280617edc9b209be0,c2ab382d-4a29-4fc7-94c5-e8b3ae03bc5e,d970aaa4-3cde-4e75-937b-ea73fb0ca0f1,2019-03-19 18:33:41.118085,2019-03-19 18:51:07.612623,1046.494538,"T1.Q1, T1.Q2, T1.Q5, T1.Q6, T1.Q11, T1.Q12, T1.Q14",Maybe,Somewhat justified,"Yes, explicitly",No,,,"Yes, implicitly",0,0,1,0,6
ProbabilitySpecialist_2019_03_10,ec89ed7bea5590f2895c70af9c9c45b1f948ae50d5cca4279dd5104fc6cdd37d,89a5ffa6-3799-419e-9df5-1c69b25c7e55,https://pe.goodlylabs.org/project/Sp19probability_1/task/1700,12,30,SSSPETest2,1739,1739SSSArticle.txt,a6a4d058630efccca1ce1f7e636ca8f3e392460db4e62c2280617edc9b209be0,7caf042b-5e81-49a6-b471-f13148ebf958,b359f9af-81af-4246-96d3-ee2c770022bb,2019-03-19 19:15:16.557871,2019-03-19 19:16:32.801040,76.243169,"T1.Q1, T1.Q2, T1.Q5, T1.Q6, T1.Q11, T1.Q14",Maybe,Mostly justified,No,No,,,I can't tell,0,0,0,0,8
ProbabilitySpecialist_2019_03_10,ec89ed7bea5590f2895c70af9c9c45b1f948ae50d5cca4279dd5104fc6cdd37d,89a5ffa6-3799-419e-9df5-1c69b25c7e55,https://pe.goodlylabs.org/project/Sp19probability_1/task/1700,12,30,SSSPETest2,1739,1739SSSArticle.txt,a6a4d058630efccca1ce1f7e636ca8f3e392460db4e62c2280617edc9b209be0,c627a5c5-51e2-4cd3-ac23-129857d5551c,7ae543c3-9854-4453-962d-01eb3b9805a5,2019-03-19 22:10:38.987102,2019-03-19 22:12:29.719403,110.732301,"T1.Q1, T1.Q2, T1.Q5, T1.Q6, T1.Q11, T1.Q14",No,Not at all justified,No,No,,,"No, not at all",0,0,0,0,2
ProbabilitySpecialist_2019_03_10,ec89ed7bea5590f2895c70af9c9c45b1f948ae50d5cca4279dd5104fc6cdd37d,d36cc9a6-fedd-4bd5-a7bc-978a12535c95,https://pe.goodlylabs.org/project/Sp19probability_1/task/1699,12,30,SSSPETest2,1739,1739SSSArticle.txt,a6a4d058630efccca1ce1f7e636ca8f3e392460db4e62c2280617edc9b209be0,9e12aaaa-e917-4d0b-9fa8-af9af6a8f3c8,ec3b204f-2b04-4dc9-9e9b-cdf35364e6bc,2019-03-12 19:41:54.957703,2019-03-12 19:46:06.485069,251.527366,"T1.Q1, T1.Q2, T1.Q5, T1.Q6, T1.Q11, T1.Q14",Yes,Somewhat justified,No,No,,,I can't tell,0,0,0,0,5: 50-50
ProbabilitySpecialist_2019_03_10,ec89ed7bea5590f2895c70af9c9c45b1f948ae50d5cca4279dd5104fc6cdd37d,d36cc9a6-fedd-4bd5-a7bc-978a12535c95,https://pe.goodlylabs.org/project/Sp19probability_1/task/1699,12,30,SSSPETest2,1739,1739SSSArticle.txt,a6a4d058630efccca1ce1f7e636ca8f3e392460db4e62c2280617edc9b209be0,97d74832-9837-4b2e-b36f-733c641c4c8d,93b5d16a-4388-49d6-9217-d6607167f6c2,2019-03-16 19:48:34.327314,2019-03-16 19:53:54.302667,319.975353,"T1.Q1, T1.Q2, T1.Q5, T1.Q6, T1.Q11, T1.Q12, T1.Q14",Yes,Mostly justified,"Yes, implicitly",No,,,"Yes, implicitly",0,0,0,1,8
ProbabilitySpecialist_2019_03_10,ec89ed7bea5590f2895c70af9c9c45b1f948ae50d5cca4279dd5104fc6cdd37d,d36cc9a6-fedd-4bd5-a7bc-978a12535c95,https://pe.goodlylabs.org/project/Sp19probability_1/task/1699,12,30,SSSPETest2,1739,1739SSSArticle.txt,a6a4d058630efccca1ce1f7e636ca8f3e392460db4e62c2280617edc9b209be0,cc6b49dd-034e-44a2-a5c3-29a1c2d638a6,bcf4ec10-b869-4e0f-89a7-133f825c910d,2019-03-16 20:22:38.148697,2019-03-16 20:26:39.459210,241.310513,"T1.Q1, T1.Q2, T1.Q5, T1.Q6, T1.Q11, T1.Q14",Yes,Mostly justified,"Yes, implicitly",No,,,I can't tell,0,0,0,0,7
ProbabilitySpecialist_2019_03_10,ec89ed7bea5590f2895c70af9c9c45b1f948ae50d5cca4279dd5104fc6cdd37d,d36cc9a6-fedd-4bd5-a7bc-978a12535c95,https://pe.goodlylabs.org/project/Sp19probability_1/task/1699,12,30,SSSPETest2,1739,1739SSSArticle.txt,a6a4d058630efccca1ce1f7e636ca8f3e392460db4e62c2280617edc9b209be0,a4843e8f-8be1-4aa9-bd2f-bdd61f5dbec3,a2f9116f-94e4-448c-b513-8a7ab93d3d2f,2019-03-17 21:23:24.473781,2019-03-17 21:47:54.199038,1469.725257,"T1.Q1, T1.Q2, T1.Q5, T1.Q6, T1.Q11, T1.Q14",Yes,Not at all justified,No,No,,,"No, not at all",0,0,0,0,7
ProbabilitySpecialist_2019_03_10,ec89ed7bea5590f2895c70af9c9c45b1f948ae50d5cca4279dd5104fc6cdd37d,d36cc9a6-fedd-4bd5-a7bc-978a12535c95,https://pe.goodlylabs.org/project/Sp19probability_1/task/1699,12,30,SSSPETest2,1739,1739SSSArticle.txt,a6a4d058630efccca1ce1f7e636ca8f3e392460db4e62c2280617edc9b209be0,f58f988e-891e-439a-a163-fde94bf5b879,f18207d6-37cb-4349-a31e-a4ff2adcf299,2019-03-18 23:18:44.567137,2019-03-18 23:24:22.294941,337.727804,"T1.Q1, T1.Q2, T1.Q5, T1.Q6, T1.Q11, T1.Q12, T1.Q14",Maybe,Somewhat justified,No,No,,,"Yes, implicitly",0,0,0,1,6
ProbabilitySpecialist_2019_03_10,ec89ed7bea5590f2895c70af9c9c45b1f948ae50d5cca4279dd5104fc6cdd37d,d36cc9a6-fedd-4bd5-a7bc-978a12535c95,https://pe.goodlylabs.org/project/Sp19probability_1/task/1699,12,30,SSSPETest2,1739,1739SSSArticle.txt,a6a4d058630efccca1ce1f7e636ca8f3e392460db4e62c2280617edc9b209be0,02a98607-02e9-41d4-9077-8dc9b45d95e5,3a6b0929-a821-4616-8599-9b860526d09d,2019-03-19 01:43:17.288807,2019-03-19 01:56:24.983780,787.694973,"T1.Q1, T1.Q2, T1.Q5, T1.Q6, T1.Q11, T1.Q12, T1.Q14",Maybe,Somewhat justified,"Yes, explicitly",No,,,"Yes, implicitly",0,0,0,0,6
ProbabilitySpecialist_2019_03_10,ec89ed7bea5590f2895c70af9c9c45b1f948ae50d5cca4279dd5104fc6cdd37d,d36cc9a6-fedd-4bd5-a7bc-978a12535c95,https://pe.goodlylabs.org/project/Sp19probability_1/task/1699,12,30,SSSPETest2,1739,1739SSSArticle.txt,a6a4d058630efccca1ce1f7e636ca8f3e392460db4e62c2280617edc9b209be0,b9d6d6b4-1987-4bfa-a340-8308f59cfd7a,a2c02f27-95a3-4b31-9f31-bd024c0c0517,2019-03-19 07:27:11.006814,2019-03-19 07:49:32.800086,1341.793272,"T1.Q1, T1.Q2, T1.Q5, T1.Q6, T1.Q11, T1.Q12, T1.Q14",Yes,Completely justified,"Yes, explicitly",No,,,"Yes, implicitly",0,0,0,1,6
ProbabilitySpecialist_2019_03_10,ec89ed7bea5590f2895c70af9c9c45b1f948ae50d5cca4279dd5104fc6cdd37d,d36cc9a6-fedd-4bd5-a7bc-978a12535c95,https://pe.goodlylabs.org/project/Sp19probability_1/task/1699,12,30,SSSPETest2,1739,1739SSSArticle.txt,a6a4d058630efccca1ce1f7e636ca8f3e392460db4e62c2280617edc9b209be0,de476fa6-43e8-4112-b3b4-792e1d6c6106,fb0bfdce-316c-46b8-a7f3-097457d92afb,2019-03-19 11:02:20.914939,2019-03-19 11:10:45.540423,504.625484,"T1.Q1, T1.Q2, T1.Q5, T1.Q6, T1.Q11, T1.Q14",Yes,Mostly justified,No,No,,,I can't tell,0,0,0,0,7
ProbabilitySpecialist_2019_03_10,ec89ed7bea5590f2895c70af9c9c45b1f948ae50d5cca4279dd5104fc6cdd37d,d36cc9a6-fedd-4bd5-a7bc-978a12535c95,https://pe.goodlylabs.org/project/Sp19probability_1/task/1699,12,30,SSSPETest2,1739,1739SSSArticle.txt,a6a4d058630efccca1ce1f7e636ca8f3e392460db4e62c2280617edc9b209be0,f090f017-e663-4a11-a8f1-4081fb1321e1,7b50486e-3d5e-474f-a40a-09c738f19bda,2019-03-19 12:24:08.373489,2019-03-19 12:25:59.937221,111.563732,"T1.Q1, T1.Q2, T1.Q5, T1.Q6, T1.Q11, T1.Q14",Yes,Slightly justified,No,No,,,I can't tell,0,0,0,0,7
ProbabilitySpecialist_2019_03_10,ec89ed7bea5590f2895c70af9c9c45b1f948ae50d5cca4279dd5104fc6cdd37d,d36cc9a6-fedd-4bd5-a7bc-978a12535c95,https://pe.goodlylabs.org/project/Sp19probability_1/task/1699,12,30,SSSPETest2,1739,1739SSSArticle.txt,a6a4d058630efccca1ce1f7e636ca8f3e392460db4e62c2280617edc9b209be0,d0d2c741-d355-4647-9ff9-ae99ab3b9386,d970aaa4-3cde-4e75-937b-ea73fb0ca0f1,2019-03-19 17:47:59.126905,2019-03-19 18:50:08.867600,3729.740695,"T1.Q1, T1.Q2, T1.Q5, T1.Q6, T1.Q11, T1.Q14",Yes,Mostly justified,No,No,,,I can't tell,0,0,0,0,6
ProbabilitySpecialist_2019_03_10,ec89ed7bea5590f2895c70af9c9c45b1f948ae50d5cca4279dd5104fc6cdd37d,d36cc9a6-fedd-4bd5-a7bc-978a12535c95,https://pe.goodlylabs.org/project/Sp19probability_1/task/1699,12,30,SSSPETest2,1739,1739SSSArticle.txt,a6a4d058630efccca1ce1f7e636ca8f3e392460db4e62c2280617edc9b209be0,2018cdf3-8cd0-4971-9e76-7663c7387600,b359f9af-81af-4246-96d3-ee2c770022bb,2019-03-19 19:14:39.743805,2019-03-19 19:15:44.500171,64.756366,"T1.Q1, T1.Q2, T1.Q5, T1.Q6, T1.Q11, T1.Q14",Yes,Somewhat justified,No,No,,,I can't tell,0,0,0,0,7
ProbabilitySpecialist_2019_03_10,ec89ed7bea5590f2895c70af9c9c45b1f948ae50d5cca4279dd5104fc6cdd37d,d36cc9a6-fedd-4bd5-a7bc-978a12535c95,https://pe.goodlylabs.org/project/Sp19probability_1/task/1699,12,30,SSSPETest2,1739,1739SSSArticle.txt,a6a4d058630efccca1ce1f7e636ca8f3e392460db4e62c2280617edc9b209be0,f5e94dbb-8f45-4ace-834c-95bda68dc544,7ae543c3-9854-4453-962d-01eb3b9805a5,2019-03-19 22:09:02.141380,2019-03-19 22:11:37.115660,154.97428,"T1.Q1, T1.Q2, T1.Q5, T1.Q6, T1.Q11, T1.Q14",Yes,Somewhat justified,No,No,,,"No, not at all",0,0,0,0,5: 50-50
ProbabilitySpecialist_2019_03_10,ec89ed7bea5590f2895c70af9c9c45b1f948ae50d5cca4279dd5104fc6cdd37d,a8e227be-2cf0-417a-a301-0a838ab31bf5,https://pe.goodlylabs.org/project/Sp19probability_1/task/1709,2,30,SSSPETest2,1739,1739SSSArticle.txt,a6a4d058630efccca1ce1f7e636ca8f3e392460db4e62c2280617edc9b209be0,8355c9e5-b1b5-4427-b47f-dfd600c253f2,bcf4ec10-b869-4e0f-89a7-133f825c910d,2019-03-16 21:03:01.995399,2019-03-16 21:10:54.389264,472.393865,"T1.Q1, T1.Q2, T1.Q5, T1.Q6, T1.Q11, T1.Q14",No,Completely justified,No,No,,,"No, not at all",0,0,0,0,8
ProbabilitySpecialist_2019_03_10,ec89ed7bea5590f2895c70af9c9c45b1f948ae50d5cca4279dd5104fc6cdd37d,a8e227be-2cf0-417a-a301-0a838ab31bf5,https://pe.goodlylabs.org/project/Sp19probability_1/task/1709,2,30,SSSPETest2,1739,1739SSSArticle.txt,a6a4d058630efccca1ce1f7e636ca8f3e392460db4e62c2280617edc9b209be0,36039fa4-88ac-45f1-9561-d96fc197b597,fb0bfdce-316c-46b8-a7f3-097457d92afb,2019-03-19 11:40:11.490821,2019-03-19 11:49:54.056478,582.565657,"T1.Q1, T1.Q2, T1.Q5, T1.Q6, T1.Q7, T1.Q10, T1.Q11, T1.Q12, T1.Q14",Maybe,Mostly justified,No,"Yes, multiple numbers",Similar comparison number given for context (e.g. for previous year or nearby place),Implicitly,"Yes, implicitly",0,0,1,1,7
ProbabilitySpecialist_2019_03_10,ec89ed7bea5590f2895c70af9c9c45b1f948ae50d5cca4279dd5104fc6cdd37d,0c855bef-69cd-4d43-8a97-c35443c44d28,https://pe.goodlylabs.org/project/Sp19probability_1/task/1704,12,30,SSSPETest2,1739,1739SSSArticle.txt,a6a4d058630efccca1ce1f7e636ca8f3e392460db4e62c2280617edc9b209be0,3c207413-45c2-4187-920f-875d0d61abc4,ec3b204f-2b04-4dc9-9e9b-cdf35364e6bc,2019-03-12 19:52:42.663775,2019-03-12 19:53:56.661525,73.99775,"T1.Q1, T1.Q2, T1.Q5, T1.Q6, T1.Q11, T1.Q14",Maybe,Slightly justified,No,No,,,I can't tell,0,0,0,0,3
ProbabilitySpecialist_2019_03_10,ec89ed7bea5590f2895c70af9c9c45b1f948ae50d5cca4279dd5104fc6cdd37d,0c855bef-69cd-4d43-8a97-c35443c44d28,https://pe.goodlylabs.org/project/Sp19probability_1/task/1704,12,30,SSSPETest2,1739,1739SSSArticle.txt,a6a4d058630efccca1ce1f7e636ca8f3e392460db4e62c2280617edc9b209be0,e21ff460-e543-496e-8667-e12cf4ccd3b0,bcf4ec10-b869-4e0f-89a7-133f825c910d,2019-03-16 20:38:01.209051,2019-03-16 20:40:26.902131,145.69308,"T1.Q1, T1.Q2, T1.Q5, T1.Q6, T1.Q11, T1.Q14",Maybe,Somewhat justified,"Yes, implicitly",No,,,I can't tell,0,0,0,0,8
ProbabilitySpecialist_2019_03_10,ec89ed7bea5590f2895c70af9c9c45b1f948ae50d5cca4279dd5104fc6cdd37d,0c855bef-69cd-4d43-8a97-c35443c44d28,https://pe.goodlylabs.org/project/Sp19probability_1/task/1704,12,30,SSSPETest2,1739,1739SSSArticle.txt,a6a4d058630efccca1ce1f7e636ca8f3e392460db4e62c2280617edc9b209be0,1012de51-5a56-4b32-8785-07a2f0949b40,93b5d16a-4388-49d6-9217-d6607167f6c2,2019-03-17 06:19:07.911202,2019-03-17 06:26:41.707646,453.796444,"T1.Q1, T1.Q2, T1.Q5, T1.Q6, T1.Q11, T1.Q12, T1.Q14",Maybe,Not at all justified,"Yes, explicitly",No,,,"Yes, implicitly",0,0,1,0,9
ProbabilitySpecialist_2019_03_10,ec89ed7bea5590f2895c70af9c9c45b1f948ae50d5cca4279dd5104fc6cdd37d,0c855bef-69cd-4d43-8a97-c35443c44d28,https://pe.goodlylabs.org/project/Sp19probability_1/task/1704,12,30,SSSPETest2,1739,1739SSSArticle.txt,a6a4d058630efccca1ce1f7e636ca8f3e392460db4e62c2280617edc9b209be0,f568e17b-45ff-4222-a5d6-9e9847f73c4a,a2f9116f-94e4-448c-b513-8a7ab93d3d2f,2019-03-17 23:09:58.207714,2019-03-17 23:11:50.103535,111.895821,"T1.Q1, T1.Q2, T1.Q5, T1.Q6, T1.Q11, T1.Q14",No,Slightly justified,"Yes, explicitly",No,,,"No, not at all",0,0,0,0,8
ProbabilitySpecialist_2019_03_10,ec89ed7bea5590f2895c70af9c9c45b1f948ae50d5cca4279dd5104fc6cdd37d,0c855bef-69cd-4d43-8a97-c35443c44d28,https://pe.goodlylabs.org/project/Sp19probability_1/task/1704,12,30,SSSPETest2,1739,1739SSSArticle.txt,a6a4d058630efccca1ce1f7e636ca8f3e392460db4e62c2280617edc9b209be0,f53ee207-8273-4280-acbb-db565af885be,f18207d6-37cb-4349-a31e-a4ff2adcf299,2019-03-18 23:35:00.691720,2019-03-18 23:37:39.727276,159.035556,"T1.Q1, T1.Q2, T1.Q5, T1.Q6, T1.Q11, T1.Q12, T1.Q14",No,Completely justified,"Yes, explicitly",No,,,"Yes, implicitly",1,0,0,0,6
ProbabilitySpecialist_2019_03_10,ec89ed7bea5590f2895c70af9c9c45b1f948ae50d5cca4279dd5104fc6cdd37d,0c855bef-69cd-4d43-8a97-c35443c44d28,https://pe.goodlylabs.org/project/Sp19probability_1/task/1704,12,30,SSSPETest2,1739,1739SSSArticle.txt,a6a4d058630efccca1ce1f7e636ca8f3e392460db4e62c2280617edc9b209be0,f3313130-62af-4dfe-af0e-1009b849929f,3a6b0929-a821-4616-8599-9b860526d09d,2019-03-19 02:03:40.298530,2019-03-19 02:10:01.901382,381.602852,"T1.Q1, T1.Q2, T1.Q5, T1.Q6, T1.Q11, T1.Q12, T1.Q14",Maybe,Completely justified,"Yes, implicitly",No,,,"Yes, explicitly",0,1,0,0,5: 50-50
ProbabilitySpecialist_2019_03_10,ec89ed7bea5590f2895c70af9c9c45b1f948ae50d5cca4279dd5104fc6cdd37d,0c855bef-69cd-4d43-8a97-c35443c44d28,https://pe.goodlylabs.org/project/Sp19probability_1/task/1704,12,30,SSSPETest2,1739,1739SSSArticle.txt,a6a4d058630efccca1ce1f7e636ca8f3e392460db4e62c2280617edc9b209be0,2ab1fbaf-d7d4-4dfa-86d9-696812052027,a2c02f27-95a3-4b31-9f31-bd024c0c0517,2019-03-19 07:53:19.780789,2019-03-19 07:55:26.506461,126.725672,"T1.Q1, T1.Q2, T1.Q5, T1.Q6, T1.Q11, T1.Q14",Maybe,Mostly justified,No,No,,,I can't tell,0,0,0,0,8
ProbabilitySpecialist_2019_03_10,ec89ed7bea5590f2895c70af9c9c45b1f948ae50d5cca4279dd5104fc6cdd37d,0c855bef-69cd-4d43-8a97-c35443c44d28,https://pe.goodlylabs.org/project/Sp19probability_1/task/1704,12,30,SSSPETest2,1739,1739SSSArticle.txt,a6a4d058630efccca1ce1f7e636ca8f3e392460db4e62c2280617edc9b209be0,2d8f3445-a81b-4007-84d8-ddae5b55c8cc,fb0bfdce-316c-46b8-a7f3-097457d92afb,2019-03-19 11:18:24.428115,2019-03-19 11:22:59.838699,275.410584,"T1.Q1, T1.Q2, T1.Q5, T1.Q6, T1.Q11, T1.Q14",Maybe,Slightly justified,"Yes, implicitly",No,,,"No, not at all",0,0,0,0,7
ProbabilitySpecialist_2019_03_10,ec89ed7bea5590f2895c70af9c9c45b1f948ae50d5cca4279dd5104fc6cdd37d,0c855bef-69cd-4d43-8a97-c35443c44d28,https://pe.goodlylabs.org/project/Sp19probability_1/task/1704,12,30,SSSPETest2,1739,1739SSSArticle.txt,a6a4d058630efccca1ce1f7e636ca8f3e392460db4e62c2280617edc9b209be0,515a1dc0-e6b2-4995-a9c9-f8f866ac40d2,7b50486e-3d5e-474f-a40a-09c738f19bda,2019-03-19 12:28:54.029374,2019-03-19 12:31:03.265468,129.236094,"T1.Q1, T1.Q2, T1.Q5, T1.Q6, T1.Q11, T1.Q14",Yes,Somewhat justified,"Yes, implicitly",No,,,I can't tell,0,0,0,0,6
ProbabilitySpecialist_2019_03_10,ec89ed7bea5590f2895c70af9c9c45b1f948ae50d5cca4279dd5104fc6cdd37d,0c855bef-69cd-4d43-8a97-c35443c44d28,https://pe.goodlylabs.org/project/Sp19probability_1/task/1704,12,30,SSSPETest2,1739,1739SSSArticle.txt,a6a4d058630efccca1ce1f7e636ca8f3e392460db4e62c2280617edc9b209be0,0706d6bd-e6a2-4b4f-b0ac-f87a8befec34,b359f9af-81af-4246-96d3-ee2c770022bb,2019-03-19 19:19:28.072774,2019-03-19 19:20:46.477882,78.405108,"T1.Q1, T1.Q2, T1.Q5, T1.Q6, T1.Q11, T1.Q14",No,Somewhat justified,No,No,,,I can't tell,0,0,0,0,5: 50-50
ProbabilitySpecialist_2019_03_10,ec89ed7bea5590f2895c70af9c9c45b1f948ae50d5cca4279dd5104fc6cdd37d,0c855bef-69cd-4d43-8a97-c35443c44d28,https://pe.goodlylabs.org/project/Sp19probability_1/task/1704,12,30,SSSPETest2,1739,1739SSSArticle.txt,a6a4d058630efccca1ce1f7e636ca8f3e392460db4e62c2280617edc9b209be0,88128f04-96c1-4aa8-9597-18b17a840004,d970aaa4-3cde-4e75-937b-ea73fb0ca0f1,2019-03-19 20:49:41.413601,2019-03-19 20:52:17.587208,156.173607,"T1.Q1, T1.Q2, T1.Q5, T1.Q6, T1.Q11, T1.Q14",No,Somewhat justified,No,No,,,I can't tell,0,0,0,0,6
ProbabilitySpecialist_2019_03_10,ec89ed7bea5590f2895c70af9c9c45b1f948ae50d5cca4279dd5104fc6cdd37d,0c855bef-69cd-4d43-8a97-c35443c44d28,https://pe.goodlylabs.org/project/Sp19probability_1/task/1704,12,30,SSSPETest2,1739,1739SSSArticle.txt,a6a4d058630efccca1ce1f7e636ca8f3e392460db4e62c2280617edc9b209be0,0dda13c7-c942-4ee3-a13a-d343de932bca,7ae543c3-9854-4453-962d-01eb3b9805a5,2019-03-19 22:15:03.835565,2019-03-19 22:17:26.581862,142.746297,"T1.Q1, T1.Q2, T1.Q5, T1.Q6, T1.Q11, T1.Q14",Maybe,Slightly justified,No,No,,,"No, not at all",0,0,0,0,5: 50-50
ProbabilitySpecialist_2019_03_10,ec89ed7bea5590f2895c70af9c9c45b1f948ae50d5cca4279dd5104fc6cdd37d,9efd6971-6f70-447c-83a9-27de8a9f62dc,https://pe.goodlylabs.org/project/Sp19probability_1/task/1697,13,30,SSSPETest2,1739,1739SSSArticle.txt,a6a4d058630efccca1ce1f7e636ca8f3e392460db4e62c2280617edc9b209be0,cb9d0f3d-3473-4479-afb1-1bf5efbe14f4,ec3b204f-2b04-4dc9-9e9b-cdf35364e6bc,2019-03-12 19:40:11.122752,2019-03-12 19:41:54.794183,103.671431,"T1.Q1, T1.Q2, T1.Q5, T1.Q6, T1.Q11, T1.Q14",Maybe,Not at all justified,No,No,,,I can't tell,0,0,0,0,5: 50-50
ProbabilitySpecialist_2019_03_10,ec89ed7bea5590f2895c70af9c9c45b1f948ae50d5cca4279dd5104fc6cdd37d,9efd6971-6f70-447c-83a9-27de8a9f62dc,https://pe.goodlylabs.org/project/Sp19probability_1/task/1697,13,30,SSSPETest2,1739,1739SSSArticle.txt,a6a4d058630efccca1ce1f7e636ca8f3e392460db4e62c2280617edc9b209be0,ceafe27e-9c7c-4fb4-bf51-ce3d2db1c85b,93b5d16a-4388-49d6-9217-d6607167f6c2,2019-03-16 19:37:53.723777,2019-03-16 19:48:34.157288,640.433511,"T1.Q1, T1.Q2, T1.Q5, T1.Q6, T1.Q7, T1.Q10, T1.Q11, T1.Q14",Yes,Slightly justified,"Yes, explicitly","Yes, multiple numbers",Similar comparison number given for context (e.g. for previous year or nearby place),No,"No, not at all",0,0,0,0,9
ProbabilitySpecialist_2019_03_10,ec89ed7bea5590f2895c70af9c9c45b1f948ae50d5cca4279dd5104fc6cdd37d,9efd6971-6f70-447c-83a9-27de8a9f62dc,https://pe.goodlylabs.org/project/Sp19probability_1/task/1697,13,30,SSSPETest2,1739,1739SSSArticle.txt,a6a4d058630efccca1ce1f7e636ca8f3e392460db4e62c2280617edc9b209be0,e4e941ce-a484-458e-a331-5be22cb2a428,bcf4ec10-b869-4e0f-89a7-133f825c910d,2019-03-16 20:16:41.086288,2019-03-16 20:22:37.967577,356.881289,"T1.Q1, T1.Q2, T1.Q5, T1.Q6, T1.Q11, T1.Q14",Maybe,Mostly justified,"Yes, implicitly",No,,,I can't tell,0,0,0,0,7
ProbabilitySpecialist_2019_03_10,ec89ed7bea5590f2895c70af9c9c45b1f948ae50d5cca4279dd5104fc6cdd37d,9efd6971-6f70-447c-83a9-27de8a9f62dc,https://pe.goodlylabs.org/project/Sp19probability_1/task/1697,13,30,SSSPETest2,1739,1739SSSArticle.txt,a6a4d058630efccca1ce1f7e636ca8f3e392460db4e62c2280617edc9b209be0,a71f3b19-0a9b-4ba0-98ed-1563589dd584,a2f9116f-94e4-448c-b513-8a7ab93d3d2f,2019-03-17 21:21:02.238608,2019-03-17 21:23:24.261851,142.023243,"T1.Q1, T1.Q2, T1.Q5, T1.Q6, T1.Q11, T1.Q14",Yes,Slightly justified,"Yes, implicitly",No,,,"No, not at all",0,0,0,0,8
ProbabilitySpecialist_2019_03_10,ec89ed7bea5590f2895c70af9c9c45b1f948ae50d5cca4279dd5104fc6cdd37d,9efd6971-6f70-447c-83a9-27de8a9f62dc,https://pe.goodlylabs.org/project/Sp19probability_1/task/1697,13,30,SSSPETest2,1739,1739SSSArticle.txt,a6a4d058630efccca1ce1f7e636ca8f3e392460db4e62c2280617edc9b209be0,f9342c5a-29ce-465a-9339-a640afdebd70,f18207d6-37cb-4349-a31e-a4ff2adcf299,2019-03-18 23:07:55.118655,2019-03-18 23:18:44.368788,649.250133,"T1.Q1, T1.Q2, T1.Q5, T1.Q6, T1.Q7, T1.Q10, T1.Q11, T1.Q12, T1.Q14",Yes,Not at all justified,No,"Yes, one number",No numbers,No,"Yes, implicitly",0,0,0,1,6
ProbabilitySpecialist_2019_03_10,ec89ed7bea5590f2895c70af9c9c45b1f948ae50d5cca4279dd5104fc6cdd37d,9efd6971-6f70-447c-83a9-27de8a9f62dc,https://pe.goodlylabs.org/project/Sp19probability_1/task/1697,13,30,SSSPETest2,1739,1739SSSArticle.txt,a6a4d058630efccca1ce1f7e636ca8f3e392460db4e62c2280617edc9b209be0,3d5822fc-ef28-4dc8-85ff-33b2321ce017,3a6b0929-a821-4616-8599-9b860526d09d,2019-03-19 01:36:57.314647,2019-03-19 01:43:17.005848,379.691201,"T1.Q1, T1.Q2, T1.Q5, T1.Q6, T1.Q7, T1.Q10, T1.Q11, T1.Q12, T1.Q14",Yes,Mostly justified,"Yes, implicitly","Yes, multiple numbers",Similar comparison number given for context (e.g. for previous year or nearby place),No,"Yes, implicitly",0,1,0,0,4
ProbabilitySpecialist_2019_03_10,ec89ed7bea5590f2895c70af9c9c45b1f948ae50d5cca4279dd5104fc6cdd37d,9efd6971-6f70-447c-83a9-27de8a9f62dc,https://pe.goodlylabs.org/project/Sp19probability_1/task/1697,13,30,SSSPETest2,1739,1739SSSArticle.txt,a6a4d058630efccca1ce1f7e636ca8f3e392460db4e62c2280617edc9b209be0,8d0c320e-05ff-4d83-89f0-967f4b16d80a,a2c02f27-95a3-4b31-9f31-bd024c0c0517,2019-03-19 07:21:04.356749,2019-03-19 07:27:10.804235,366.447486,"T1.Q1, T1.Q2, T1.Q5, T1.Q6, T1.Q11, T1.Q14",Yes,Completely justified,No,No,,,"No, not at all",0,0,0,0,6
ProbabilitySpecialist_2019_03_10,ec89ed7bea5590f2895c70af9c9c45b1f948ae50d5cca4279dd5104fc6cdd37d,9efd6971-6f70-447c-83a9-27de8a9f62dc,https://pe.goodlylabs.org/project/Sp19probability_1/task/1697,13,30,SSSPETest2,1739,1739SSSArticle.txt,a6a4d058630efccca1ce1f7e636ca8f3e392460db4e62c2280617edc9b209be0,35f520b6-a3f4-4841-a9cf-7bae3a25ba76,d970aaa4-3cde-4e75-937b-ea73fb0ca0f1,2019-03-19 06:54:47.377211,2019-03-19 07:45:36.395162,3049.017951,"T1.Q1, T1.Q2, T1.Q5, T1.Q6, T1.Q11, T1.Q14",Maybe,Mostly justified,"Yes, implicitly",No,,,I can't tell,0,0,0,0,6
ProbabilitySpecialist_2019_03_10,ec89ed7bea5590f2895c70af9c9c45b1f948ae50d5cca4279dd5104fc6cdd37d,9efd6971-6f70-447c-83a9-27de8a9f62dc,https://pe.goodlylabs.org/project/Sp19probability_1/task/1697,13,30,SSSPETest2,1739,1739SSSArticle.txt,a6a4d058630efccca1ce1f7e636ca8f3e392460db4e62c2280617edc9b209be0,67d8be2f-b95e-4ea5-92a1-66d76f9c7581,fb0bfdce-316c-46b8-a7f3-097457d92afb,2019-03-19 10:49:27.275921,2019-03-19 11:02:20.753297,773.477376,"T1.Q1, T1.Q2, T1.Q5, T1.Q6, T1.Q7, T1.Q10, T1.Q11, T1.Q14",Maybe,Not at all justified,"Yes, implicitly","Yes, multiple numbers",Similar comparison number given for context (e.g. for previous year or nearby place),No,I can't tell,0,0,0,0,6
ProbabilitySpecialist_2019_03_10,ec89ed7bea5590f2895c70af9c9c45b1f948ae50d5cca4279dd5104fc6cdd37d,9efd6971-6f70-447c-83a9-27de8a9f62dc,https://pe.goodlylabs.org/project/Sp19probability_1/task/1697,13,30,SSSPETest2,1739,1739SSSArticle.txt,a6a4d058630efccca1ce1f7e636ca8f3e392460db4e62c2280617edc9b209be0,0492609f-9755-4243-b115-586fdbe5b43e,7b50486e-3d5e-474f-a40a-09c738f19bda,2019-03-19 12:22:40.642302,2019-03-19 12:24:08.220379,87.578077,"T1.Q1, T1.Q2, T1.Q5, T1.Q6, T1.Q11, T1.Q14",Maybe,Slightly justified,"Yes, implicitly",No,,,I can't tell,0,0,0,0,7
ProbabilitySpecialist_2019_03_10,ec89ed7bea5590f2895c70af9c9c45b1f948ae50d5cca4279dd5104fc6cdd37d,9efd6971-6f70-447c-83a9-27de8a9f62dc,https://pe.goodlylabs.org/project/Sp19probability_1/task/1697,13,30,SSSPETest2,1739,1739SSSArticle.txt,a6a4d058630efccca1ce1f7e636ca8f3e392460db4e62c2280617edc9b209be0,6bcdd5d3-b385-4386-a8aa-6597432425be,b359f9af-81af-4246-96d3-ee2c770022bb,2019-03-19 19:12:52.126966,2019-03-19 19:14:39.571167,107.444201,"T1.Q1, T1.Q2, T1.Q5, T1.Q6, T1.Q11, T1.Q14",Maybe,Somewhat justified,No,No,,,I can't tell,0,0,0,0,7
ProbabilitySpecialist_2019_03_10,ec89ed7bea5590f2895c70af9c9c45b1f948ae50d5cca4279dd5104fc6cdd37d,9efd6971-6f70-447c-83a9-27de8a9f62dc,https://pe.goodlylabs.org/project/Sp19probability_1/task/1697,13,30,SSSPETest2,1739,1739SSSArticle.txt,a6a4d058630efccca1ce1f7e636ca8f3e392460db4e62c2280617edc9b209be0,4dfc15b2-9465-403a-8e38-27d7d3fe30c4,7ae543c3-9854-4453-962d-01eb3b9805a5,2019-03-19 22:06:59.841380,2019-03-19 22:09:01.349275,121.507895,"T1.Q1, T1.Q2, T1.Q5, T1.Q6, T1.Q11, T1.Q14",Yes,Slightly justified,"Yes, explicitly",No,,,I can't tell,0,0,0,0,4
ProbabilitySpecialist_2019_03_10,ec89ed7bea5590f2895c70af9c9c45b1f948ae50d5cca4279dd5104fc6cdd37d,9efd6971-6f70-447c-83a9-27de8a9f62dc,https://pe.goodlylabs.org/project/Sp19probability_1/task/1697,13,30,SSSPETest2,1739,1739SSSArticle.txt,a6a4d058630efccca1ce1f7e636ca8f3e392460db4e62c2280617edc9b209be0,b97d5345-7dbf-42a4-93e8-bad25226425b,c2f193ad-2cdc-46b8-a5bf-c45cfbee3da7,2019-03-19 21:34:53.762167,2019-03-19 23:24:59.953418,6606.191251,"T1.Q1, T1.Q2, T1.Q5, T1.Q6, T1.Q11, T1.Q14",Maybe,Mostly justified,"Yes, implicitly",No,,,I can't tell,0,0,0,0,4
ProbabilitySpecialist_2019_03_10,ec89ed7bea5590f2895c70af9c9c45b1f948ae50d5cca4279dd5104fc6cdd37d,867e7f22-664a-4e56-9d6f-e848ce0944d4,https://pe.goodlylabs.org/project/Sp19probability_1/task/1713,1,30,SSSPETest2,1728,1728SSSArticle.txt,b3ab388528c6115f1d85529f203b533fb84143f467acfc31d289bdc58c08d49d,087f0271-0b7f-4e43-9db8-9e7c8423f2e4,fb0bfdce-316c-46b8-a7f3-097457d92afb,2019-03-19 11:55:46.268630,2019-03-19 12:02:04.732389,378.463759,"T1.Q1, T1.Q2, T1.Q5, T1.Q6, T1.Q7, T1.Q10, T1.Q11, T1.Q12, T1.Q14",Yes,Completely justified,"Yes, implicitly","Yes, one number",Baseline number given,Implicitly,"Yes, implicitly",0,0,1,0,7
ProbabilitySpecialist_2019_03_10,ec89ed7bea5590f2895c70af9c9c45b1f948ae50d5cca4279dd5104fc6cdd37d,d3c4ef19-4147-4d5e-9a2e-b9077308c818,https://pe.goodlylabs.org/project/Sp19probability_1/task/1694,12,30,SSSPETest2,1731,1731SSSArticle.txt,bad910fd0ffb399b223269afb4f75029d6e91fb55362ccaad4f28685ff1dc61e,fa206820-5de1-4d75-b751-9db536792b1f,ec3b204f-2b04-4dc9-9e9b-cdf35364e6bc,2019-03-12 19:37:34.102372,2019-03-12 19:38:57.196593,83.094221,"T1.Q1, T1.Q2, T1.Q5, T1.Q6, T1.Q11, T1.Q14",Maybe,Not at all justified,No,No,,,"No, not at all",0,0,0,0,5: 50-50
ProbabilitySpecialist_2019_03_10,ec89ed7bea5590f2895c70af9c9c45b1f948ae50d5cca4279dd5104fc6cdd37d,d3c4ef19-4147-4d5e-9a2e-b9077308c818,https://pe.goodlylabs.org/project/Sp19probability_1/task/1694,12,30,SSSPETest2,1731,1731SSSArticle.txt,bad910fd0ffb399b223269afb4f75029d6e91fb55362ccaad4f28685ff1dc61e,2af401b3-6701-418f-ac76-f3f52de75e96,93b5d16a-4388-49d6-9217-d6607167f6c2,2019-03-16 19:33:19.150302,2019-03-16 19:35:19.878751,120.728449,"T1.Q1, T1.Q2, T1.Q5, T1.Q6, T1.Q11, T1.Q14",No,Mostly justified,"Yes, implicitly",No,,,"No, not at all",0,0,0,0,8
ProbabilitySpecialist_2019_03_10,ec89ed7bea5590f2895c70af9c9c45b1f948ae50d5cca4279dd5104fc6cdd37d,d3c4ef19-4147-4d5e-9a2e-b9077308c818,https://pe.goodlylabs.org/project/Sp19probability_1/task/1694,12,30,SSSPETest2,1731,1731SSSArticle.txt,bad910fd0ffb399b223269afb4f75029d6e91fb55362ccaad4f28685ff1dc61e,bb7045d7-5924-4010-9630-674353528eaf,bcf4ec10-b869-4e0f-89a7-133f825c910d,2019-03-16 17:36:15.041989,2019-03-16 20:13:40.318850,9445.276861,"T1.Q1, T1.Q2, T1.Q5, T1.Q6, T1.Q11, T1.Q14",Maybe,Somewhat justified,"Yes, implicitly",No,,,I can't tell,0,0,0,0,6
ProbabilitySpecialist_2019_03_10,ec89ed7bea5590f2895c70af9c9c45b1f948ae50d5cca4279dd5104fc6cdd37d,d3c4ef19-4147-4d5e-9a2e-b9077308c818,https://pe.goodlylabs.org/project/Sp19probability_1/task/1694,12,30,SSSPETest2,1731,1731SSSArticle.txt,bad910fd0ffb399b223269afb4f75029d6e91fb55362ccaad4f28685ff1dc61e,a550e6e3-f570-4bbf-aa6b-1f4cdf49fe0b,a2f9116f-94e4-448c-b513-8a7ab93d3d2f,2019-03-17 20:42:49.385616,2019-03-17 21:06:19.488328,1410.102712,"T1.Q1, T1.Q2, T1.Q5, T1.Q6, T1.Q11, T1.Q14",No,Slightly justified,"Yes, explicitly",No,,,"No, not at all",0,0,0,0,8
ProbabilitySpecialist_2019_03_10,ec89ed7bea5590f2895c70af9c9c45b1f948ae50d5cca4279dd5104fc6cdd37d,d3c4ef19-4147-4d5e-9a2e-b9077308c818,https://pe.goodlylabs.org/project/Sp19probability_1/task/1694,12,30,SSSPETest2,1731,1731SSSArticle.txt,bad910fd0ffb399b223269afb4f75029d6e91fb55362ccaad4f28685ff1dc61e,0881f4ee-f000-4ed8-ac26-186b378a82b2,f18207d6-37cb-4349-a31e-a4ff2adcf299,2019-03-18 23:04:20.354590,2019-03-18 23:05:36.380762,76.026172,"T1.Q1, T1.Q2, T1.Q5, T1.Q6, T1.Q11, T1.Q14",No,Completely justified,"Yes, implicitly",No,,,I can't tell,0,0,0,0,7
ProbabilitySpecialist_2019_03_10,ec89ed7bea5590f2895c70af9c9c45b1f948ae50d5cca4279dd5104fc6cdd37d,d3c4ef19-4147-4d5e-9a2e-b9077308c818,https://pe.goodlylabs.org/project/Sp19probability_1/task/1694,12,30,SSSPETest2,1731,1731SSSArticle.txt,bad910fd0ffb399b223269afb4f75029d6e91fb55362ccaad4f28685ff1dc61e,0b985241-94b8-495d-8b0d-28428eff9413,3a6b0929-a821-4616-8599-9b860526d09d,2019-03-19 01:17:00.852950,2019-03-19 01:32:36.116140,935.26319,"T1.Q1, T1.Q2, T1.Q5, T1.Q6, T1.Q11, T1.Q14",No,Somewhat justified,No,No,,,I can't tell,0,0,0,0,3
ProbabilitySpecialist_2019_03_10,ec89ed7bea5590f2895c70af9c9c45b1f948ae50d5cca4279dd5104fc6cdd37d,d3c4ef19-4147-4d5e-9a2e-b9077308c818,https://pe.goodlylabs.org/project/Sp19probability_1/task/1694,12,30,SSSPETest2,1731,1731SSSArticle.txt,bad910fd0ffb399b223269afb4f75029d6e91fb55362ccaad4f28685ff1dc61e,987247e2-2b69-440f-b35c-32f25de5e856,d970aaa4-3cde-4e75-937b-ea73fb0ca0f1,2019-03-19 06:05:15.961222,2019-03-19 06:05:50.680101,34.718879,"T1.Q1, T1.Q2, T1.Q5, T1.Q6, T1.Q11, T1.Q14",Maybe,Mostly justified,No,No,,,"No, not at all",0,0,0,0,7
ProbabilitySpecialist_2019_03_10,ec89ed7bea5590f2895c70af9c9c45b1f948ae50d5cca4279dd5104fc6cdd37d,d3c4ef19-4147-4d5e-9a2e-b9077308c818,https://pe.goodlylabs.org/project/Sp19probability_1/task/1694,12,30,SSSPETest2,1731,1731SSSArticle.txt,bad910fd0ffb399b223269afb4f75029d6e91fb55362ccaad4f28685ff1dc61e,98cf1cce-39fa-40f1-8dbf-5086672f1f21,a2c02f27-95a3-4b31-9f31-bd024c0c0517,2019-03-19 07:15:16.554575,2019-03-19 07:16:38.273397,81.718822,"T1.Q1, T1.Q2, T1.Q5, T1.Q6, T1.Q11, T1.Q14",No,Completely justified,No,No,,,I can't tell,0,0,0,0,8
ProbabilitySpecialist_2019_03_10,ec89ed7bea5590f2895c70af9c9c45b1f948ae50d5cca4279dd5104fc6cdd37d,d3c4ef19-4147-4d5e-9a2e-b9077308c818,https://pe.goodlylabs.org/project/Sp19probability_1/task/1694,12,30,SSSPETest2,1731,1731SSSArticle.txt,bad910fd0ffb399b223269afb4f75029d6e91fb55362ccaad4f28685ff1dc61e,1f6ff653-b5ac-47d4-b1d2-dfb48dbcd95c,fb0bfdce-316c-46b8-a7f3-097457d92afb,2019-03-19 09:48:35.032625,2019-03-19 10:35:59.777813,2844.745188,"T1.Q1, T1.Q2, T1.Q5, T1.Q6, T1.Q7, T1.Q10, T1.Q11, T1.Q12, T1.Q14",Maybe,Somewhat justified,No,"Yes, one number","Number given, no comparison number given",Implicitly,"Yes, implicitly",0,1,0,1,8
ProbabilitySpecialist_2019_03_10,ec89ed7bea5590f2895c70af9c9c45b1f948ae50d5cca4279dd5104fc6cdd37d,d3c4ef19-4147-4d5e-9a2e-b9077308c818,https://pe.goodlylabs.org/project/Sp19probability_1/task/1694,12,30,SSSPETest2,1731,1731SSSArticle.txt,bad910fd0ffb399b223269afb4f75029d6e91fb55362ccaad4f28685ff1dc61e,d500adbb-cda7-4b6d-9a7c-01cc4178a9f1,7b50486e-3d5e-474f-a40a-09c738f19bda,2019-03-19 12:21:03.514701,2019-03-19 12:21:58.724814,55.210113,"T1.Q1, T1.Q2, T1.Q5, T1.Q6, T1.Q11, T1.Q14",No,Somewhat justified,"Yes, explicitly",No,,,I can't tell,0,0,0,0,7
ProbabilitySpecialist_2019_03_10,ec89ed7bea5590f2895c70af9c9c45b1f948ae50d5cca4279dd5104fc6cdd37d,d3c4ef19-4147-4d5e-9a2e-b9077308c818,https://pe.goodlylabs.org/project/Sp19probability_1/task/1694,12,30,SSSPETest2,1731,1731SSSArticle.txt,bad910fd0ffb399b223269afb4f75029d6e91fb55362ccaad4f28685ff1dc61e,274f109a-1e2b-4c2f-9e38-d4979318fd83,b359f9af-81af-4246-96d3-ee2c770022bb,2019-03-19 19:11:28.251895,2019-03-19 19:12:17.946533,49.694638,"T1.Q1, T1.Q2, T1.Q5, T1.Q6, T1.Q11, T1.Q14",No,Slightly justified,"Yes, implicitly",No,,,I can't tell,0,0,0,0,5: 50-50
ProbabilitySpecialist_2019_03_10,ec89ed7bea5590f2895c70af9c9c45b1f948ae50d5cca4279dd5104fc6cdd37d,d3c4ef19-4147-4d5e-9a2e-b9077308c818,https://pe.goodlylabs.org/project/Sp19probability_1/task/1694,12,30,SSSPETest2,1731,1731SSSArticle.txt,bad910fd0ffb399b223269afb4f75029d6e91fb55362ccaad4f28685ff1dc61e,ee82d605-5c7b-49c0-a27a-d3a3433b9ef1,7ae543c3-9854-4453-962d-01eb3b9805a5,2019-03-19 22:01:16.435411,2019-03-19 22:05:43.216934,266.781523,"T1.Q1, T1.Q2, T1.Q5, T1.Q6, T1.Q11, T1.Q12, T1.Q14",Yes,Somewhat justified,"Yes, implicitly",No,,,"Yes, implicitly",0,0,0,1,5: 50-50
ProbabilitySpecialist_2019_03_10,ec89ed7bea5590f2895c70af9c9c45b1f948ae50d5cca4279dd5104fc6cdd37d,357b1074-a6aa-4e5d-9204-cd754231fed2,https://pe.goodlylabs.org/project/Sp19probability_1/task/1710,2,30,SSSPETest2,1739,1739SSSArticle.txt,a6a4d058630efccca1ce1f7e636ca8f3e392460db4e62c2280617edc9b209be0,7a76ccad-d300-46b5-88d7-ab7afda9ad0f,bcf4ec10-b869-4e0f-89a7-133f825c910d,2019-03-16 21:09:11.093288,2019-03-16 21:14:00.967253,289.873965,"T1.Q1, T1.Q2, T1.Q5, T1.Q6, T1.Q11, T1.Q14",Maybe,Somewhat justified,"Yes, explicitly",No,,,I can't tell,0,0,0,0,8
ProbabilitySpecialist_2019_03_10,ec89ed7bea5590f2895c70af9c9c45b1f948ae50d5cca4279dd5104fc6cdd37d,357b1074-a6aa-4e5d-9204-cd754231fed2,https://pe.goodlylabs.org/project/Sp19probability_1/task/1710,2,30,SSSPETest2,1739,1739SSSArticle.txt,a6a4d058630efccca1ce1f7e636ca8f3e392460db4e62c2280617edc9b209be0,acdc0523-a6db-4d4c-ba6e-95439494a305,fb0bfdce-316c-46b8-a7f3-097457d92afb,2019-03-19 11:44:26.304326,2019-03-19 11:53:18.506658,532.202332,"T1.Q1, T1.Q2, T1.Q5, T1.Q6, T1.Q7, T1.Q10, T1.Q11, T1.Q12, T1.Q14",Maybe,Completely justified,No,"Yes, multiple numbers",Similar comparison number given for context (e.g. for previous year or nearby place),No,"Yes, implicitly",0,0,1,0,7
