,Unnamed: 0,Schema,Question_Number,Question_Number_V2,Question_Type,Answer_Number,Point_Recommendation,Label,Unnamed: 0.1,article_num,article_sha256,quiz_task_uuid,schema_namespace,schema_sha256,answer_uuid,question_type,agreed_Answer,coding_perc_agreement,one_two_diff,highlighted_indices,alpha_unitizing_score,alpha_unitizing_score_inclusive,agreement_score,num_users,num_answer_choices,target_text,question_text,answer_content,prereq_passed,agreement_adjusted_points,schema,arg_match_score,source_match_score,arg_offsets,arg_case_number,src_offsets,src_case_number,arg_T1.Q1,arg_T1.Q2,arg_T1.Q3,points
0,0,,,,,,,,,,,,,,,,,,,,,,,,,,,,,,Reasoning,0.0,0.0,0.0,0.0,0.0,0.0,0.0,0.0,0.0,
0,0,Evidence,2.0,,categorical,1.0,0.0,Quality of evidence,135.0,1712.0,38428e24cdfa0392f3f5e1efda3253ffab6d7ed3051b1dee9f209f871ca91e2c,99968e91-36d0-4be9-a40f-858fdc0451d0,Evidence Specialist,16bce7d8c21dc827d03e08ebd67c420f718c2dad9ed50311c825fddddca7b06e,bff699c4-cc50-4f82-8bf1-d13354bc0f29,checklist,1.0,0.7647058823529411,0.2352941176470589,L,L,L,0.38235294117647056,17.0,3.0,,Is a general or singular causal claim made? Highlight the section(s) that supports your answer.,"General Causation (in general, X causes Y)",True,0.0,Evidence,0.0,0.0,0.0,0.0,0.0,0.0,0.0,0.0,0.0,0.0
1,1,Evidence,2.0,,categorical,1.0,0.0,Quality of evidence,44.0,1712.0,38428e24cdfa0392f3f5e1efda3253ffab6d7ed3051b1dee9f209f871ca91e2c,0b99412a-f09e-4153-9a36-74674e987a79,Evidence Specialist,16bce7d8c21dc827d03e08ebd67c420f718c2dad9ed50311c825fddddca7b06e,bff699c4-cc50-4f82-8bf1-d13354bc0f29,checklist,1.0,0.6470588235294118,0.3529411764705882,"[1144, 1145, 1146, 1147, 1148, 1149, 1150, 1151, 1152, 1153, 1154, 1155, 1156, 1157, 1158, 1159, 1160, 1161, 1162, 1163, 1164, 1165, 1166, 1167, 1168, 1169, 1170, 1171, 1172, 1173, 1174, 1175, 1176, 1177, 1178, 1179, 1180, 1181, 1182, 1183, 1184, 1185, 1186, 1187, 1188, 1189, 1190, 1191, 1192, 1193, 1194, 1195, 1196, 1197, 1198, 1199, 1200, 1201, 1202, 1203, 1204, 1205, 1206, 1207, 1208, 1209, 1210, 1211, 1212, 1213, 1214, 1215, 1216, 1217, 1218, 1219, 1220, 1221, 1222, 1223, 1224, 1225, 1226, 1227, 1228, 1229, 1230, 1231, 1232, 1233, 1234, 1235, 1236, 1237, 1238, 1239, 1240, 1241, 1242, 1243, 1244, 1245, 1246, 1247, 1248, 1249, 1250, 1251, 1252, 1253, 1254]",0.507896944602386,0.3349191807438019,0.577477884065899,17.0,3.0,doctors’ prescribing habits — whether they give out opioids at a higher rate versus a lower rate — matter a lot,Is a general or singular causal claim made? Highlight the section(s) that supports your answer.,"General Causation (in general, X causes Y)",True,0.0,Evidence,0.0,0.0,0.0,0.0,0.0,0.0,0.0,0.0,0.0,0.0
2,2,Evidence,2.0,,categorical,1.0,0.0,Quality of evidence,67.0,1737.0,c35844f62ee12d09c0450281624c89e2533bbb621f23dd1b7062a6ee26ae2b97,5257406f-8cb8-42b8-b4dd-799e0a22931f,Evidence Specialist,16bce7d8c21dc827d03e08ebd67c420f718c2dad9ed50311c825fddddca7b06e,bff699c4-cc50-4f82-8bf1-d13354bc0f29,checklist,1.0,0.6470588235294118,0.3529411764705882,L,L,L,0.3235294117647059,17.0,3.0,,Is a general or singular causal claim made? Highlight the section(s) that supports your answer.,"General Causation (in general, X causes Y)",True,0.0,Evidence,0.0,0.0,0.0,0.0,0.0,0.0,0.0,0.0,0.0,0.0
3,3,Evidence,2.0,,categorical,3.0,0.0,Quality of evidence,116.0,1712.0,38428e24cdfa0392f3f5e1efda3253ffab6d7ed3051b1dee9f209f871ca91e2c,983244f8-22a2-4674-8c34-b2c83e3c755e,Evidence Specialist,16bce7d8c21dc827d03e08ebd67c420f718c2dad9ed50311c825fddddca7b06e,d583c4ea-bac3-4231-bf02-3305a841e26b,checklist,3.0,0.8823529411764706,0.11764705882352945,[],,,0.8823529411764706,17.0,3.0,,Is a general or singular causal claim made? Highlight the section(s) that supports your answer.,No causal claim made,True,0.0,Evidence,0.0,0.0,0.0,0.0,0.0,0.0,0.0,0.0,0.0,0.0
4,4,Evidence,2.0,,categorical,3.0,0.0,Quality of evidence,2.0,1721.0,dbbab7ece1d8402b23783838539eb009f3064910120403ced379ee8185421ec9,025a8515-ff9b-4ce9-b56a-ab8bdf2ca8c1,Evidence Specialist,16bce7d8c21dc827d03e08ebd67c420f718c2dad9ed50311c825fddddca7b06e,d583c4ea-bac3-4231-bf02-3305a841e26b,checklist,3.0,0.6842105263157895,0.3157894736842105,[],,,0.6842105263157895,19.0,3.0,,Is a general or singular causal claim made? Highlight the section(s) that supports your answer.,No causal claim made,True,0.0,Evidence,0.0,0.0,0.0,0.0,0.0,0.0,0.0,0.0,0.0,0.0
5,5,Evidence,5.0,,ordinal,1.0,0.0,Sample representativeness,80.0,1737.0,c35844f62ee12d09c0450281624c89e2533bbb621f23dd1b7062a6ee26ae2b97,5257406f-8cb8-42b8-b4dd-799e0a22931f,Evidence Specialist,16bce7d8c21dc827d03e08ebd67c420f718c2dad9ed50311c825fddddca7b06e,71a296b3-a9b8-4cf9-aca7-68863b33fc62,ordinal,1.0,0.9566714047007924,0.9566714047007924,L,L,L,0.4783357023503962,14.0,6.0,,How representative is the sample of the population that the claim is made about?,Very representative (Also choose this if entire population is examined),True,0.0,Evidence,0.0,0.0,0.0,0.0,0.0,0.0,0.0,0.0,0.0,0.0
6,6,Evidence,5.0,,ordinal,2.0,-0.4,Sample representativeness,56.0,1712.0,38428e24cdfa0392f3f5e1efda3253ffab6d7ed3051b1dee9f209f871ca91e2c,0b99412a-f09e-4153-9a36-74674e987a79,Evidence Specialist,16bce7d8c21dc827d03e08ebd67c420f718c2dad9ed50311c825fddddca7b06e,14832e61-b250-4465-9f1e-18fa6dbaf4a0,ordinal,2.0,0.7642184301183759,0.7642184301183759,"[1364, 1365, 1366, 1367, 1368, 1369, 1370, 1371, 1372, 1373, 1374, 1375, 1376, 1377, 1378, 1379, 1380, 1381, 1382, 1383, 1384, 1385, 1386, 1387, 1388, 1407, 1408, 1409, 1410, 1411, 1412, 1413, 1414, 1415, 1416, 1417, 1418, 1419, 1420, 1421, 1422, 1423, 1424, 1425, 1426, 1427, 1428, 1429, 1430, 1431, 1432, 1433, 1435, 1436, 1437, 1438, 1439, 1440, 1441, 1442, 1443, 1444, 1445, 1446, 1447, 1448]",0.4487848161843404,0.29445311200186153,0.6065016231513581,13.0,6.0,"375,000 Medicare patients//an emergency department for//common reasons",How representative is the sample of the population that the claim is made about?,Fairly representative,True,-0.2426006492605433,Evidence,0.0,0.0,0.0,0.0,0.0,0.0,0.0,0.0,0.0,-0.2426006492605433
7,7,Evidence,5.0,,ordinal,3.0,-1.0,Sample representativeness,147.0,1712.0,38428e24cdfa0392f3f5e1efda3253ffab6d7ed3051b1dee9f209f871ca91e2c,99968e91-36d0-4be9-a40f-858fdc0451d0,Evidence Specialist,16bce7d8c21dc827d03e08ebd67c420f718c2dad9ed50311c825fddddca7b06e,b973e4c0-55d5-4878-b41a-69c65db81b11,ordinal,3.0,0.689411164686254,0.689411164686254,L,L,L,0.344705582343127,15.0,6.0,,How representative is the sample of the population that the claim is made about?,Somewhat representative,True,-0.344705582343127,Evidence,0.0,0.0,0.0,0.0,0.0,0.0,0.0,0.0,0.0,-0.344705582343127
8,8,Evidence,9.0,,ordinal,3.0,-2.0,Alternative explanation,174.0,1721.0,dbbab7ece1d8402b23783838539eb009f3064910120403ced379ee8185421ec9,d2de0341-c711-40d0-9790-176e94e84c67,Evidence Specialist,16bce7d8c21dc827d03e08ebd67c420f718c2dad9ed50311c825fddddca7b06e,0fb832e6-99a8-4bec-b8b1-b73594019f7c,ordinal,3.0,0.7966412823139591,0.7966412823139591,[],,,0.7966412823139591,10.0,5.0,,"How likely is your alternative explanation for the same evidence, as compared to the author’s explanation?",Equally likely,True,-1.5932825646279185,Evidence,0.0,0.0,0.0,0.0,0.0,0.0,0.0,0.0,0.0,-1.5932825646279185
9,9,Evidence,9.0,,ordinal,4.0,-1.0,Alternative explanation,151.0,1712.0,38428e24cdfa0392f3f5e1efda3253ffab6d7ed3051b1dee9f209f871ca91e2c,99968e91-36d0-4be9-a40f-858fdc0451d0,Evidence Specialist,16bce7d8c21dc827d03e08ebd67c420f718c2dad9ed50311c825fddddca7b06e,35499046-45e5-40b4-a10d-01d58df21318,ordinal,4.0,0.610051862786448,0.610051862786448,[],,,0.610051862786448,17.0,5.0,,"How likely is your alternative explanation for the same evidence, as compared to the author’s explanation?",Somewhat less likely,True,-0.610051862786448,Evidence,0.0,0.0,0.0,0.0,0.0,0.0,0.0,0.0,0.0,-0.610051862786448
10,10,Evidence,9.0,,ordinal,4.0,-1.0,Alternative explanation,197.0,1712.0,38428e24cdfa0392f3f5e1efda3253ffab6d7ed3051b1dee9f209f871ca91e2c,f676179d-3cf0-4ab1-9bb3-5126cd117f2f,Evidence Specialist,16bce7d8c21dc827d03e08ebd67c420f718c2dad9ed50311c825fddddca7b06e,35499046-45e5-40b4-a10d-01d58df21318,ordinal,4.0,0.6854769611161382,0.6854769611161382,[],,,0.6854769611161382,14.0,5.0,,"How likely is your alternative explanation for the same evidence, as compared to the author’s explanation?",Somewhat less likely,True,-0.6854769611161382,Evidence,0.0,0.0,0.0,0.0,0.0,0.0,0.0,0.0,0.0,-0.6854769611161382
11,11,Evidence,9.0,,ordinal,5.0,0.0,Alternative explanation,60.0,1712.0,38428e24cdfa0392f3f5e1efda3253ffab6d7ed3051b1dee9f209f871ca91e2c,0b99412a-f09e-4153-9a36-74674e987a79,Evidence Specialist,16bce7d8c21dc827d03e08ebd67c420f718c2dad9ed50311c825fddddca7b06e,9e75d97b-2c03-4988-9cf6-079eb0b75308,ordinal,5.0,0.9558304053593006,0.9558304053593006,[],,,0.9558304053593006,13.0,5.0,,"How likely is your alternative explanation for the same evidence, as compared to the author’s explanation?",Much less likely,True,0.0,Evidence,0.0,0.0,0.0,0.0,0.0,0.0,0.0,0.0,0.0,0.0
12,12,Evidence,9.0,,ordinal,5.0,0.0,Alternative explanation,15.0,1721.0,dbbab7ece1d8402b23783838539eb009f3064910120403ced379ee8185421ec9,025a8515-ff9b-4ce9-b56a-ab8bdf2ca8c1,Evidence Specialist,16bce7d8c21dc827d03e08ebd67c420f718c2dad9ed50311c825fddddca7b06e,9e75d97b-2c03-4988-9cf6-079eb0b75308,ordinal,5.0,0.8648259251435817,0.8648259251435817,[],,,0.8648259251435817,6.0,5.0,,"How likely is your alternative explanation for the same evidence, as compared to the author’s explanation?",Much less likely,True,0.0,Evidence,0.0,0.0,0.0,0.0,0.0,0.0,0.0,0.0,0.0,0.0
13,13,Evidence,9.0,,ordinal,5.0,0.0,Alternative explanation,37.0,1721.0,dbbab7ece1d8402b23783838539eb009f3064910120403ced379ee8185421ec9,0a3bcbba-d029-4e0e-a5e3-88f2781f5772,Evidence Specialist,16bce7d8c21dc827d03e08ebd67c420f718c2dad9ed50311c825fddddca7b06e,9e75d97b-2c03-4988-9cf6-079eb0b75308,ordinal,5.0,0.7936657589582087,0.7936657589582087,[],,,0.7936657589582087,7.0,5.0,,"How likely is your alternative explanation for the same evidence, as compared to the author’s explanation?",Much less likely,True,0.0,Evidence,0.0,0.0,0.0,0.0,0.0,0.0,0.0,0.0,0.0,0.0
14,14,Evidence,9.0,,ordinal,5.0,0.0,Alternative explanation,107.0,1737.0,c35844f62ee12d09c0450281624c89e2533bbb621f23dd1b7062a6ee26ae2b97,719108fa-1be3-40a7-8a4a-1c8a0312ecf6,Evidence Specialist,16bce7d8c21dc827d03e08ebd67c420f718c2dad9ed50311c825fddddca7b06e,9e75d97b-2c03-4988-9cf6-079eb0b75308,ordinal,5.0,0.779631851931354,0.779631851931354,[],,,0.779631851931354,11.0,5.0,,"How likely is your alternative explanation for the same evidence, as compared to the author’s explanation?",Much less likely,True,0.0,Evidence,0.0,0.0,0.0,0.0,0.0,0.0,0.0,0.0,0.0,0.0
15,15,Evidence,9.0,,ordinal,5.0,0.0,Alternative explanation,84.0,1737.0,c35844f62ee12d09c0450281624c89e2533bbb621f23dd1b7062a6ee26ae2b97,5257406f-8cb8-42b8-b4dd-799e0a22931f,Evidence Specialist,16bce7d8c21dc827d03e08ebd67c420f718c2dad9ed50311c825fddddca7b06e,9e75d97b-2c03-4988-9cf6-079eb0b75308,ordinal,5.0,0.7801389340444429,0.7801389340444429,[],,,0.7801389340444429,17.0,5.0,,"How likely is your alternative explanation for the same evidence, as compared to the author’s explanation?",Much less likely,True,0.0,Evidence,0.0,0.0,0.0,0.0,0.0,0.0,0.0,0.0,0.0,0.0
16,16,Evidence,11.0,,ordinal,1.0,-3.0,Statistical uncertainty,152.0,1712.0,38428e24cdfa0392f3f5e1efda3253ffab6d7ed3051b1dee9f209f871ca91e2c,99968e91-36d0-4be9-a40f-858fdc0451d0,Evidence Specialist,16bce7d8c21dc827d03e08ebd67c420f718c2dad9ed50311c825fddddca7b06e,6b91c6e6-6b29-4764-bd76-9de24caa5cce,ordinal,1.0,0.8100079007098944,0.8100079007098944,"[2954, 2955, 2956, 2957, 2958, 2959, 2960, 2961, 2962, 2963, 2964, 2965, 2966, 2967, 2968, 2969, 2970, 2971, 2972, 2973, 2974, 2975, 2976, 2977, 2978, 2979, 2980, 2981, 2982, 2983, 2984, 2985, 2986, 2987, 2988, 2989, 2990, 2991, 2992, 2993, 2994, 2995, 2996, 2997, 2998, 2999, 3000, 3001, 3002, 3003, 3004, 3005, 3006, 3007, 3008, 3009, 3010, 3011, 3012, 3013, 3014, 3015, 3016]",0.42882510283382613,0.2568612328768972,0.6194165017718603,17.0,3.0,30 percent more likely to become long-term users of painkillers,Is data presented as evidence for a pattern (e.g. a relationship between two variables)?,Yes,True,-1.8582495053155808,Evidence,0.0,0.0,0.0,0.0,0.0,0.0,0.0,0.0,0.0,-1.8582495053155808
17,17,Evidence,11.0,,ordinal,1.0,-3.0,Statistical uncertainty,61.0,1712.0,38428e24cdfa0392f3f5e1efda3253ffab6d7ed3051b1dee9f209f871ca91e2c,0b99412a-f09e-4153-9a36-74674e987a79,Evidence Specialist,16bce7d8c21dc827d03e08ebd67c420f718c2dad9ed50311c825fddddca7b06e,6b91c6e6-6b29-4764-bd76-9de24caa5cce,ordinal,1.0,0.5590942286527155,0.5590942286527155,L,L,L,0.27954711432635776,17.0,3.0,,Is data presented as evidence for a pattern (e.g. a relationship between two variables)?,Yes,True,-0.8386413429790733,Evidence,0.0,0.0,0.0,0.0,0.0,0.0,0.0,0.0,0.0,-0.8386413429790733
18,18,Evidence,11.0,,ordinal,1.0,-3.0,Statistical uncertainty,16.0,1721.0,dbbab7ece1d8402b23783838539eb009f3064910120403ced379ee8185421ec9,025a8515-ff9b-4ce9-b56a-ab8bdf2ca8c1,Evidence Specialist,16bce7d8c21dc827d03e08ebd67c420f718c2dad9ed50311c825fddddca7b06e,6b91c6e6-6b29-4764-bd76-9de24caa5cce,ordinal,1.0,0.6364638930045924,0.6364638930045924,"[3513, 3514, 3515, 3516, 3517, 3518, 3519, 3520, 3521, 3522, 3523, 3524, 3525, 3526, 3527, 3528, 3529, 3530, 3531, 3532, 3533, 3534, 3535, 3536, 3537, 3538, 3539, 3540, 3541, 3542, 3543, 3544, 3545, 3546, 3547, 3548, 3549, 3550, 3551, 3552, 3553, 3554, 3555, 3556, 3557, 3558, 3559, 3560, 3561, 3562, 3563, 3564, 3565, 3566, 3567, 3568, 3569, 3570, 3571, 3572, 3573, 3574, 3575, 3576, 3577, 3578, 3579, 3580, 3581, 3582, 3583, 3584, 3585, 3586, 3587, 3588, 3589, 3590, 3591, 3592, 3593, 3594, 3595, 3596, 3597, 3598, 3599, 3600, 3601, 3602, 3603, 3604, 3605, 3606, 3607, 3608, 3609, 3610, 3611, 3612, 3613, 3614, 3615, 3616, 3617, 3618, 3619, 3620, 3621, 3622, 3623, 3624, 3625, 3626, 3627, 3628, 3629, 3630, 3631, 3632, 3633, 3634, 3635, 3636, 3637, 3638, 3639, 3640, 3641, 3642, 3643, 3644, 3645, 3646, 3647, 3648, 3649, 3650, 3651, 3652, 3653, 3654, 3655, 3656]",0.6846497569192737,0.5313125882283567,0.660556824961933,19.0,3.0,"One in every 68 children is diagnosed with autism; but among the younger siblings of a child on the spectrum, the rate is as high as one in five",Is data presented as evidence for a pattern (e.g. a relationship between two variables)?,Yes,True,-1.981670474885799,Evidence,0.0,0.0,0.0,0.0,0.0,0.0,0.0,0.0,0.0,-1.981670474885799
19,19,Evidence,11.0,,ordinal,1.0,-3.0,Statistical uncertainty,175.0,1721.0,dbbab7ece1d8402b23783838539eb009f3064910120403ced379ee8185421ec9,d2de0341-c711-40d0-9790-176e94e84c67,Evidence Specialist,16bce7d8c21dc827d03e08ebd67c420f718c2dad9ed50311c825fddddca7b06e,6b91c6e6-6b29-4764-bd76-9de24caa5cce,ordinal,1.0,0.6634083318910209,0.6634083318910209,"[1202, 1203, 1204, 1205, 1206, 1207, 1208, 1209, 1210, 1211, 1212, 1213, 1214, 1215, 1216, 1217, 1218, 1219, 1220, 1221, 1222, 1223, 1224, 1225, 1226, 1227, 1228, 1229, 1230, 1231, 1232, 1233, 1234, 1235, 1236, 1237, 1238, 1239, 1240, 1241, 1242, 1243, 1244, 1245, 1246, 1247, 1248, 1249, 1250, 1251, 1252, 1253, 1254, 1255, 1256, 1257, 1258, 1259, 1260, 1261, 1262, 1263, 1264, 1265, 1266, 1267, 1268, 1269, 1270, 1271, 1272, 1273, 1274, 1275, 1276, 1277, 1278, 1279, 1280, 1281, 1282, 1283, 1284, 1285, 1286, 1287, 1288, 1289, 1290, 1291, 1292, 1293, 1294, 1295, 1296, 1297, 1298, 1299, 1300, 1301, 1302, 1303, 1304, 1305, 1306, 1307, 1308, 1309, 1310, 1311, 1312, 1313, 1314, 1315, 1316, 1317, 1318, 1319, 1320, 1321, 1322, 1323, 1324, 1325, 1326, 1327, 1328, 1329, 1330, 1331, 1332, 1333, 1334, 1335, 1336, 1337, 1338, 1339, 1340, 1341, 1342, 1343, 1344, 1345, 1346, 1347, 1348, 1349, 1350, 1351, 1352, 1353, 1354, 1355, 1356, 1357, 1358, 1359, 1360, 1361, 1362, 1363, 1364, 1365, 1366, 1367, 1368, 1369, 1370, 1371, 1372, 1373, 1374, 1375, 1376, 1377, 1378, 1379, 1380, 1381]",0.7071444131408285,0.44544630998081314,0.6852763725159248,18.0,3.0,The faster growth rate of the surface areas of their brains correctly predicted eight times out of 10 which of the high-risk children would go on to be diagnosed with the condition,Is data presented as evidence for a pattern (e.g. a relationship between two variables)?,Yes,True,-2.0558291175477743,Evidence,0.0,0.0,0.0,0.0,0.0,0.0,0.0,0.0,0.0,-2.0558291175477743
20,20,Evidence,11.0,,ordinal,1.0,-3.0,Statistical uncertainty,85.0,1737.0,c35844f62ee12d09c0450281624c89e2533bbb621f23dd1b7062a6ee26ae2b97,5257406f-8cb8-42b8-b4dd-799e0a22931f,Evidence Specialist,16bce7d8c21dc827d03e08ebd67c420f718c2dad9ed50311c825fddddca7b06e,6b91c6e6-6b29-4764-bd76-9de24caa5cce,ordinal,1.0,0.5684447624107735,0.5684447624107735,L,L,L,0.28422238120538673,17.0,3.0,,Is data presented as evidence for a pattern (e.g. a relationship between two variables)?,Yes,True,-0.8526671436161601,Evidence,0.0,0.0,0.0,0.0,0.0,0.0,0.0,0.0,0.0,-0.8526671436161601
21,21,Evidence,11.0,,ordinal,3.0,-1.0,Statistical uncertainty,129.0,1712.0,38428e24cdfa0392f3f5e1efda3253ffab6d7ed3051b1dee9f209f871ca91e2c,983244f8-22a2-4674-8c34-b2c83e3c755e,Evidence Specialist,16bce7d8c21dc827d03e08ebd67c420f718c2dad9ed50311c825fddddca7b06e,34827ff1-7a42-491c-aa53-672bb88da0d7,ordinal,3.0,0.5854527020503246,0.5854527020503246,"[4817, 4818, 4819, 4820, 4821, 4822, 4823, 4824, 4825, 4826, 4827, 4828, 4829, 4830, 4831, 4832, 4833, 4834, 4835, 4836, 4837, 4838, 4839, 4840, 4841, 4842, 4843, 4844, 4845, 4846, 4847, 4848, 4849, 4850, 4851, 4852, 4853, 4854, 4855, 4856, 4857, 4858, 4859, 4860, 4861, 4862, 4863, 4864, 4865, 4866, 4867, 4868, 4869, 4870, 4871, 4872]",0.7630540272572975,0.4377581364491667,0.6742533646538111,17.0,3.0,as you can see in this chart of prescriptions per doctor,Is data presented as evidence for a pattern (e.g. a relationship between two variables)?,No,True,-0.6742533646538111,Evidence,0.0,0.0,0.0,0.0,0.0,0.0,0.0,0.0,0.0,-0.6742533646538111
22,22,Evidence,12.0,,ordinal,2.0,-2.0,Systematic uncertainty,17.0,1721.0,dbbab7ece1d8402b23783838539eb009f3064910120403ced379ee8185421ec9,025a8515-ff9b-4ce9-b56a-ab8bdf2ca8c1,Evidence Specialist,16bce7d8c21dc827d03e08ebd67c420f718c2dad9ed50311c825fddddca7b06e,4382844c-6ce2-4d76-a8db-ef2d753538b7,ordinal,2.0,0.6213906069395072,0.6213906069395072,[],,,0.6213906069395072,16.0,5.0,,"Given the information you have, how likely is it that the apparent pattern is a result of random statistical variation or error (noise)?",Somewhat Likely,True,-1.2427812138790144,Evidence,0.0,0.0,0.0,0.0,0.0,0.0,0.0,0.0,0.0,-1.2427812138790144
23,23,Evidence,12.0,,ordinal,4.0,-0.5,Systematic uncertainty,176.0,1721.0,dbbab7ece1d8402b23783838539eb009f3064910120403ced379ee8185421ec9,d2de0341-c711-40d0-9790-176e94e84c67,Evidence Specialist,16bce7d8c21dc827d03e08ebd67c420f718c2dad9ed50311c825fddddca7b06e,e24e7168-e34b-45de-9916-a52ae4111c06,ordinal,4.0,0.7089324849140702,0.7089324849140702,[],,,0.7089324849140702,15.0,5.0,,"Given the information you have, how likely is it that the apparent pattern is a result of random statistical variation or error (noise)?",Somewhat Unlikely,True,-0.3544662424570351,Evidence,0.0,0.0,0.0,0.0,0.0,0.0,0.0,0.0,0.0,-0.3544662424570351
24,24,Evidence,12.0,,ordinal,4.0,-0.5,Systematic uncertainty,86.0,1737.0,c35844f62ee12d09c0450281624c89e2533bbb621f23dd1b7062a6ee26ae2b97,5257406f-8cb8-42b8-b4dd-799e0a22931f,Evidence Specialist,16bce7d8c21dc827d03e08ebd67c420f718c2dad9ed50311c825fddddca7b06e,e24e7168-e34b-45de-9916-a52ae4111c06,ordinal,4.0,0.8343166849676517,0.8343166849676517,[],,,0.8343166849676517,13.0,5.0,,"Given the information you have, how likely is it that the apparent pattern is a result of random statistical variation or error (noise)?",Somewhat Unlikely,True,-0.4171583424838258,Evidence,0.0,0.0,0.0,0.0,0.0,0.0,0.0,0.0,0.0,-0.4171583424838258
25,25,Evidence,12.0,,ordinal,5.0,0.0,Systematic uncertainty,153.0,1712.0,38428e24cdfa0392f3f5e1efda3253ffab6d7ed3051b1dee9f209f871ca91e2c,99968e91-36d0-4be9-a40f-858fdc0451d0,Evidence Specialist,16bce7d8c21dc827d03e08ebd67c420f718c2dad9ed50311c825fddddca7b06e,3d9c91c9-b7be-4052-8eb2-a039a1826b23,ordinal,5.0,0.6578146112597828,0.6578146112597828,[],,,0.6578146112597828,17.0,5.0,,"Given the information you have, how likely is it that the apparent pattern is a result of random statistical variation or error (noise)?",Very Unlikely,True,0.0,Evidence,0.0,0.0,0.0,0.0,0.0,0.0,0.0,0.0,0.0,0.0
26,26,Evidence,12.0,,ordinal,5.0,0.0,Systematic uncertainty,62.0,1712.0,38428e24cdfa0392f3f5e1efda3253ffab6d7ed3051b1dee9f209f871ca91e2c,0b99412a-f09e-4153-9a36-74674e987a79,Evidence Specialist,16bce7d8c21dc827d03e08ebd67c420f718c2dad9ed50311c825fddddca7b06e,3d9c91c9-b7be-4052-8eb2-a039a1826b23,ordinal,5.0,0.6171944959202604,0.6171944959202604,[],,,0.6171944959202604,13.0,5.0,,"Given the information you have, how likely is it that the apparent pattern is a result of random statistical variation or error (noise)?",Very Unlikely,True,0.0,Evidence,0.0,0.0,0.0,0.0,0.0,0.0,0.0,0.0,0.0,0.0
27,27,Evidence,13.0,,ordinal,1.0,0.0,Open to evidence,154.0,1712.0,38428e24cdfa0392f3f5e1efda3253ffab6d7ed3051b1dee9f209f871ca91e2c,99968e91-36d0-4be9-a40f-858fdc0451d0,Evidence Specialist,16bce7d8c21dc827d03e08ebd67c420f718c2dad9ed50311c825fddddca7b06e,36679d78-849e-4232-86f5-660ecc6d0b9e,ordinal,1.0,0.6074990831934979,0.6074990831934979,[],,,0.6074990831934979,17.0,5.0,,"Given the information you have, how likely is it that the apparent pattern is a result of some systematic error (a systematic bias in the study that could not be cancelled out by collecting more data)?",Extremely Likely,True,0.0,Evidence,0.0,0.0,0.0,0.0,0.0,0.0,0.0,0.0,0.0,0.0
28,28,Evidence,13.0,,ordinal,2.0,-0.5,Open to evidence,63.0,1712.0,38428e24cdfa0392f3f5e1efda3253ffab6d7ed3051b1dee9f209f871ca91e2c,0b99412a-f09e-4153-9a36-74674e987a79,Evidence Specialist,16bce7d8c21dc827d03e08ebd67c420f718c2dad9ed50311c825fddddca7b06e,775e9d4e-9180-433a-9d01-332cf58222b4,ordinal,2.0,0.5745058339396523,0.5745058339396523,[],,,0.5745058339396523,13.0,5.0,,"Given the information you have, how likely is it that the apparent pattern is a result of some systematic error (a systematic bias in the study that could not be cancelled out by collecting more data)?",Somewhat Likely,True,-0.2872529169698261,Evidence,0.0,0.0,0.0,0.0,0.0,0.0,0.0,0.0,0.0,-0.2872529169698261
29,29,Evidence,13.0,,ordinal,4.0,-2.0,Open to evidence,18.0,1721.0,dbbab7ece1d8402b23783838539eb009f3064910120403ced379ee8185421ec9,025a8515-ff9b-4ce9-b56a-ab8bdf2ca8c1,Evidence Specialist,16bce7d8c21dc827d03e08ebd67c420f718c2dad9ed50311c825fddddca7b06e,6bb0b3e9-33c3-4752-9cfc-1182ab78fd05,ordinal,4.0,0.6602688714809197,0.6602688714809197,[],,,0.6602688714809197,16.0,5.0,,"Given the information you have, how likely is it that the apparent pattern is a result of some systematic error (a systematic bias in the study that could not be cancelled out by collecting more data)?",Somewhat Unlikely,True,-1.3205377429618397,Evidence,0.0,0.0,0.0,0.0,0.0,0.0,0.0,0.0,0.0,-1.3205377429618397
30,30,Evidence,13.0,,ordinal,4.0,-2.0,Open to evidence,177.0,1721.0,dbbab7ece1d8402b23783838539eb009f3064910120403ced379ee8185421ec9,d2de0341-c711-40d0-9790-176e94e84c67,Evidence Specialist,16bce7d8c21dc827d03e08ebd67c420f718c2dad9ed50311c825fddddca7b06e,6bb0b3e9-33c3-4752-9cfc-1182ab78fd05,ordinal,4.0,0.6806796871488889,0.6806796871488889,[],,,0.6806796871488889,15.0,5.0,,"Given the information you have, how likely is it that the apparent pattern is a result of some systematic error (a systematic bias in the study that could not be cancelled out by collecting more data)?",Somewhat Unlikely,True,-1.361359374297778,Evidence,0.0,0.0,0.0,0.0,0.0,0.0,0.0,0.0,0.0,-1.361359374297778
31,31,Evidence,13.0,,ordinal,4.0,-2.0,Open to evidence,87.0,1737.0,c35844f62ee12d09c0450281624c89e2533bbb621f23dd1b7062a6ee26ae2b97,5257406f-8cb8-42b8-b4dd-799e0a22931f,Evidence Specialist,16bce7d8c21dc827d03e08ebd67c420f718c2dad9ed50311c825fddddca7b06e,6bb0b3e9-33c3-4752-9cfc-1182ab78fd05,ordinal,4.0,0.7618930197763871,0.7618930197763871,[],,,0.7618930197763871,13.0,5.0,,"Given the information you have, how likely is it that the apparent pattern is a result of some systematic error (a systematic bias in the study that could not be cancelled out by collecting more data)?",Somewhat Unlikely,True,-1.5237860395527745,Evidence,0.0,0.0,0.0,0.0,0.0,0.0,0.0,0.0,0.0,-1.5237860395527745
32,Quality of evidence,,,,,,,,,,,,,,,,,,,,,,,,,,,,,0.0,,0.0,0.0,0.0,0.0,0.0,0.0,0.0,0.0,0.0,0.0
0,0,Probability,2.0,,ordinal,1.0,0.0,Inappropriate confidence,59.0,1739.0,a6a4d058630efccca1ce1f7e636ca8f3e392460db4e62c2280617edc9b209be0,87192c0c-8e66-4cde-83f9-f79b193d67fc,Probability Specialist V4,ec89ed7bea5590f2895c70af9c9c45b1f948ae50d5cca4279dd5104fc6cdd37d,6fbb26fe-b954-46df-998e-d104237a4007,ordinal,1.0,0.9543918083934404,0.9543918083934404,[],,,0.9543918083934404,13.0,5.0,,To what extent does the confidence seem justified?,Completely justified,True,0.0,Probability,0.0,0.0,0.0,0.0,0.0,0.0,0.0,0.0,0.0,0.0
1,1,Probability,2.0,,ordinal,2.0,-0.5,Inappropriate confidence,136.0,1728.0,b3ab388528c6115f1d85529f203b533fb84143f467acfc31d289bdc58c08d49d,d0f68b50-fde6-4e33-bd5a-a2afe2836c97,Probability Specialist V4,ec89ed7bea5590f2895c70af9c9c45b1f948ae50d5cca4279dd5104fc6cdd37d,5aebf433-a606-4b5c-8e30-50afe39e951e,ordinal,2.0,0.8082213927893762,0.8082213927893762,[],,,0.8082213927893762,12.0,5.0,,To what extent does the confidence seem justified?,Mostly justified,True,-0.4041106963946881,Probability,0.0,0.0,0.0,0.0,0.0,0.0,0.0,0.0,0.0,-0.4041106963946881
2,2,Probability,2.0,,ordinal,2.0,-0.5,Inappropriate confidence,91.0,1728.0,b3ab388528c6115f1d85529f203b533fb84143f467acfc31d289bdc58c08d49d,a518dca8-66c5-4b51-85a5-bdcc4f9da03a,Probability Specialist V4,ec89ed7bea5590f2895c70af9c9c45b1f948ae50d5cca4279dd5104fc6cdd37d,5aebf433-a606-4b5c-8e30-50afe39e951e,ordinal,2.0,0.7882545281188738,0.7882545281188738,[],,,0.7882545281188738,11.0,5.0,,To what extent does the confidence seem justified?,Mostly justified,True,-0.3941272640594369,Probability,0.0,0.0,0.0,0.0,0.0,0.0,0.0,0.0,0.0,-0.3941272640594369
3,3,Probability,2.0,,ordinal,2.0,-0.5,Inappropriate confidence,129.0,1731.0,bad910fd0ffb399b223269afb4f75029d6e91fb55362ccaad4f28685ff1dc61e,c02cfc14-2993-4bbc-a1a1-4693f0ea0abe,Probability Specialist V4,ec89ed7bea5590f2895c70af9c9c45b1f948ae50d5cca4279dd5104fc6cdd37d,5aebf433-a606-4b5c-8e30-50afe39e951e,ordinal,2.0,0.6866879778291937,0.6866879778291937,[],,,0.6866879778291937,12.0,5.0,,To what extent does the confidence seem justified?,Mostly justified,True,-0.34334398891459683,Probability,0.0,0.0,0.0,0.0,0.0,0.0,0.0,0.0,0.0,-0.34334398891459683
4,4,Probability,2.0,,ordinal,2.0,-0.5,Inappropriate confidence,84.0,1731.0,bad910fd0ffb399b223269afb4f75029d6e91fb55362ccaad4f28685ff1dc61e,a0676049-64a3-4b96-8a7d-a41eaaee3723,Probability Specialist V4,ec89ed7bea5590f2895c70af9c9c45b1f948ae50d5cca4279dd5104fc6cdd37d,5aebf433-a606-4b5c-8e30-50afe39e951e,ordinal,2.0,0.6813488190905544,0.6813488190905544,[],,,0.6813488190905544,13.0,5.0,,To what extent does the confidence seem justified?,Mostly justified,True,-0.3406744095452772,Probability,0.0,0.0,0.0,0.0,0.0,0.0,0.0,0.0,0.0,-0.3406744095452772
5,5,Probability,2.0,,ordinal,2.0,-0.5,Inappropriate confidence,41.0,1737.0,c35844f62ee12d09c0450281624c89e2533bbb621f23dd1b7062a6ee26ae2b97,49af7261-174a-4ade-a2e1-8208050e50bf,Probability Specialist V4,ec89ed7bea5590f2895c70af9c9c45b1f948ae50d5cca4279dd5104fc6cdd37d,5aebf433-a606-4b5c-8e30-50afe39e951e,ordinal,2.0,0.8269227161988467,0.8269227161988467,[],,,0.8269227161988467,12.0,5.0,,To what extent does the confidence seem justified?,Mostly justified,True,-0.41346135809942336,Probability,0.0,0.0,0.0,0.0,0.0,0.0,0.0,0.0,0.0,-0.41346135809942336
6,6,Probability,2.0,,ordinal,2.0,-0.5,Inappropriate confidence,75.0,1739.0,a6a4d058630efccca1ce1f7e636ca8f3e392460db4e62c2280617edc9b209be0,9efd6971-6f70-447c-83a9-27de8a9f62dc,Probability Specialist V4,ec89ed7bea5590f2895c70af9c9c45b1f948ae50d5cca4279dd5104fc6cdd37d,5aebf433-a606-4b5c-8e30-50afe39e951e,ordinal,2.0,0.5859463646430214,0.5859463646430214,[],,,0.5859463646430214,13.0,5.0,,To what extent does the confidence seem justified?,Mostly justified,True,-0.2929731823215107,Probability,0.0,0.0,0.0,0.0,0.0,0.0,0.0,0.0,0.0,-0.2929731823215107
7,7,Probability,2.0,,ordinal,2.0,-0.5,Inappropriate confidence,68.0,1739.0,a6a4d058630efccca1ce1f7e636ca8f3e392460db4e62c2280617edc9b209be0,89a5ffa6-3799-419e-9df5-1c69b25c7e55,Probability Specialist V4,ec89ed7bea5590f2895c70af9c9c45b1f948ae50d5cca4279dd5104fc6cdd37d,5aebf433-a606-4b5c-8e30-50afe39e951e,ordinal,2.0,0.7240816441744341,0.7240816441744341,[],,,0.7240816441744341,12.0,5.0,,To what extent does the confidence seem justified?,Mostly justified,True,-0.36204082208721705,Probability,0.0,0.0,0.0,0.0,0.0,0.0,0.0,0.0,0.0,-0.36204082208721705
8,8,Probability,2.0,,ordinal,3.0,-1.0,Inappropriate confidence,122.0,1728.0,b3ab388528c6115f1d85529f203b533fb84143f467acfc31d289bdc58c08d49d,bdc4220c-ae4b-4678-a463-b05dca7b77d2,Probability Specialist V4,ec89ed7bea5590f2895c70af9c9c45b1f948ae50d5cca4279dd5104fc6cdd37d,46b42a03-4765-4644-a834-b6755171bc54,ordinal,3.0,0.8088286353081535,0.8088286353081535,[],,,0.8088286353081535,12.0,5.0,,To what extent does the confidence seem justified?,Somewhat justified,True,-0.8088286353081535,Probability,0.0,0.0,0.0,0.0,0.0,0.0,0.0,0.0,0.0,-0.8088286353081535
9,9,Probability,2.0,,ordinal,3.0,-1.0,Inappropriate confidence,152.0,1731.0,bad910fd0ffb399b223269afb4f75029d6e91fb55362ccaad4f28685ff1dc61e,d3c4ef19-4147-4d5e-9a2e-b9077308c818,Probability Specialist V4,ec89ed7bea5590f2895c70af9c9c45b1f948ae50d5cca4279dd5104fc6cdd37d,46b42a03-4765-4644-a834-b6755171bc54,ordinal,3.0,0.6937809990113853,0.6937809990113853,[],,,0.6937809990113853,12.0,5.0,,To what extent does the confidence seem justified?,Somewhat justified,True,-0.6937809990113853,Probability,0.0,0.0,0.0,0.0,0.0,0.0,0.0,0.0,0.0,-0.6937809990113853
10,10,Probability,2.0,,ordinal,3.0,-1.0,Inappropriate confidence,145.0,1739.0,a6a4d058630efccca1ce1f7e636ca8f3e392460db4e62c2280617edc9b209be0,d36cc9a6-fedd-4bd5-a7bc-978a12535c95,Probability Specialist V4,ec89ed7bea5590f2895c70af9c9c45b1f948ae50d5cca4279dd5104fc6cdd37d,46b42a03-4765-4644-a834-b6755171bc54,ordinal,3.0,0.7327594771631538,0.7327594771631538,[],,,0.7327594771631538,12.0,5.0,,To what extent does the confidence seem justified?,Somewhat justified,True,-0.7327594771631538,Probability,0.0,0.0,0.0,0.0,0.0,0.0,0.0,0.0,0.0,-0.7327594771631538
11,11,Probability,2.0,,ordinal,3.0,-1.0,Inappropriate confidence,10.0,1739.0,a6a4d058630efccca1ce1f7e636ca8f3e392460db4e62c2280617edc9b209be0,0c855bef-69cd-4d43-8a97-c35443c44d28,Probability Specialist V4,ec89ed7bea5590f2895c70af9c9c45b1f948ae50d5cca4279dd5104fc6cdd37d,46b42a03-4765-4644-a834-b6755171bc54,ordinal,3.0,0.6774443898168746,0.6774443898168746,[],,,0.6774443898168746,12.0,5.0,,To what extent does the confidence seem justified?,Somewhat justified,True,-0.6774443898168746,Probability,0.0,0.0,0.0,0.0,0.0,0.0,0.0,0.0,0.0,-0.6774443898168746
12,12,Probability,5.0,,ordinal,2.0,-1.0,False precision,137.0,1728.0,b3ab388528c6115f1d85529f203b533fb84143f467acfc31d289bdc58c08d49d,d0f68b50-fde6-4e33-bd5a-a2afe2836c97,Probability Specialist V4,ec89ed7bea5590f2895c70af9c9c45b1f948ae50d5cca4279dd5104fc6cdd37d,779779b2-6509-46c4-bbbc-18c1cc298422,ordinal,2.0,0.707518749639422,0.707518749639422,L,L,L,0.353759374819711,12.0,3.0,,"Does the text acknowledge that their favored theory is in any way uncertain? If so, highlight the relevant section.","Yes, implicitly",True,-0.353759374819711,Probability,0.0,0.0,0.0,0.0,0.0,0.0,0.0,0.0,0.0,-0.353759374819711
13,13,Probability,5.0,,ordinal,2.0,-1.0,False precision,92.0,1728.0,b3ab388528c6115f1d85529f203b533fb84143f467acfc31d289bdc58c08d49d,a518dca8-66c5-4b51-85a5-bdcc4f9da03a,Probability Specialist V4,ec89ed7bea5590f2895c70af9c9c45b1f948ae50d5cca4279dd5104fc6cdd37d,779779b2-6509-46c4-bbbc-18c1cc298422,ordinal,2.0,0.6166240708746678,0.6166240708746678,L,L,L,0.3083120354373339,11.0,3.0,,"Does the text acknowledge that their favored theory is in any way uncertain? If so, highlight the relevant section.","Yes, implicitly",True,-0.3083120354373339,Probability,0.0,0.0,0.0,0.0,0.0,0.0,0.0,0.0,0.0,-0.3083120354373339
14,14,Probability,5.0,,ordinal,2.0,-1.0,False precision,153.0,1731.0,bad910fd0ffb399b223269afb4f75029d6e91fb55362ccaad4f28685ff1dc61e,d3c4ef19-4147-4d5e-9a2e-b9077308c818,Probability Specialist V4,ec89ed7bea5590f2895c70af9c9c45b1f948ae50d5cca4279dd5104fc6cdd37d,779779b2-6509-46c4-bbbc-18c1cc298422,ordinal,2.0,0.6451619113216152,0.6451619113216152,L,L,L,0.3225809556608076,12.0,3.0,,"Does the text acknowledge that their favored theory is in any way uncertain? If so, highlight the relevant section.","Yes, implicitly",True,-0.3225809556608076,Probability,0.0,0.0,0.0,0.0,0.0,0.0,0.0,0.0,0.0,-0.3225809556608076
15,15,Probability,5.0,,ordinal,2.0,-1.0,False precision,42.0,1737.0,c35844f62ee12d09c0450281624c89e2533bbb621f23dd1b7062a6ee26ae2b97,49af7261-174a-4ade-a2e1-8208050e50bf,Probability Specialist V4,ec89ed7bea5590f2895c70af9c9c45b1f948ae50d5cca4279dd5104fc6cdd37d,779779b2-6509-46c4-bbbc-18c1cc298422,ordinal,2.0,0.6451619113216152,0.6451619113216152,"[1314, 1315, 1316, 1317, 1318, 1540, 1541, 1542, 1888, 1889, 1890, 1891, 1892, 1893, 1894, 1895]",0.4261588081274299,0.4261588081274299,0.5356603597245225,12.0,3.0,could//may//believes,"Does the text acknowledge that their favored theory is in any way uncertain? If so, highlight the relevant section.","Yes, implicitly",True,-0.5356603597245225,Probability,0.0,0.0,0.0,0.0,0.0,0.0,0.0,0.0,0.0,-0.5356603597245225
16,16,Probability,5.0,,ordinal,2.0,-1.0,False precision,76.0,1739.0,a6a4d058630efccca1ce1f7e636ca8f3e392460db4e62c2280617edc9b209be0,9efd6971-6f70-447c-83a9-27de8a9f62dc,Probability Specialist V4,ec89ed7bea5590f2895c70af9c9c45b1f948ae50d5cca4279dd5104fc6cdd37d,779779b2-6509-46c4-bbbc-18c1cc298422,ordinal,2.0,0.7042530310666268,0.7042530310666268,L,L,L,0.3521265155333134,13.0,3.0,,"Does the text acknowledge that their favored theory is in any way uncertain? If so, highlight the relevant section.","Yes, implicitly",True,-0.3521265155333134,Probability,0.0,0.0,0.0,0.0,0.0,0.0,0.0,0.0,0.0,-0.3521265155333134
17,17,Probability,5.0,,ordinal,3.0,0.0,False precision,123.0,1728.0,b3ab388528c6115f1d85529f203b533fb84143f467acfc31d289bdc58c08d49d,bdc4220c-ae4b-4678-a463-b05dca7b77d2,Probability Specialist V4,ec89ed7bea5590f2895c70af9c9c45b1f948ae50d5cca4279dd5104fc6cdd37d,ee7111c1-d9df-4d98-9c42-118bcaf64d04,ordinal,3.0,0.9773466659180378,0.9773466659180378,L,L,L,0.4886733329590189,12.0,3.0,,"Does the text acknowledge that their favored theory is in any way uncertain? If so, highlight the relevant section.",No,True,0.0,Probability,0.0,0.0,0.0,0.0,0.0,0.0,0.0,0.0,0.0,0.0
18,18,Probability,5.0,,ordinal,3.0,0.0,False precision,130.0,1731.0,bad910fd0ffb399b223269afb4f75029d6e91fb55362ccaad4f28685ff1dc61e,c02cfc14-2993-4bbc-a1a1-4693f0ea0abe,Probability Specialist V4,ec89ed7bea5590f2895c70af9c9c45b1f948ae50d5cca4279dd5104fc6cdd37d,ee7111c1-d9df-4d98-9c42-118bcaf64d04,ordinal,3.0,0.6879896910350257,0.6879896910350257,"[569, 570, 571, 572, 573, 574, 575, 576, 577, 578]",0.7313418579443755,0.7313418579443755,0.7096657744897006,12.0,3.0,apparently,"Does the text acknowledge that their favored theory is in any way uncertain? If so, highlight the relevant section.",No,True,0.0,Probability,0.0,0.0,0.0,0.0,0.0,0.0,0.0,0.0,0.0,0.0
19,19,Probability,5.0,,ordinal,3.0,0.0,False precision,27.0,1739.0,a6a4d058630efccca1ce1f7e636ca8f3e392460db4e62c2280617edc9b209be0,2865558d-1d6c-48af-8f25-35371e8c8301,Probability Specialist V4,ec89ed7bea5590f2895c70af9c9c45b1f948ae50d5cca4279dd5104fc6cdd37d,ee7111c1-d9df-4d98-9c42-118bcaf64d04,ordinal,3.0,0.9871114450218768,0.9871114450218768,[],,,0.9871114450218768,3.0,3.0,,"Does the text acknowledge that their favored theory is in any way uncertain? If so, highlight the relevant section.",No,True,0.0,Probability,0.0,0.0,0.0,0.0,0.0,0.0,0.0,0.0,0.0,0.0
20,20,Probability,5.0,,ordinal,3.0,0.0,False precision,60.0,1739.0,a6a4d058630efccca1ce1f7e636ca8f3e392460db4e62c2280617edc9b209be0,87192c0c-8e66-4cde-83f9-f79b193d67fc,Probability Specialist V4,ec89ed7bea5590f2895c70af9c9c45b1f948ae50d5cca4279dd5104fc6cdd37d,ee7111c1-d9df-4d98-9c42-118bcaf64d04,ordinal,3.0,1.0,1.0,[],,,1.0,13.0,3.0,,"Does the text acknowledge that their favored theory is in any way uncertain? If so, highlight the relevant section.",No,True,0.0,Probability,0.0,0.0,0.0,0.0,0.0,0.0,0.0,0.0,0.0,0.0
21,21,Probability,5.0,,ordinal,3.0,0.0,False precision,11.0,1739.0,a6a4d058630efccca1ce1f7e636ca8f3e392460db4e62c2280617edc9b209be0,0c855bef-69cd-4d43-8a97-c35443c44d28,Probability Specialist V4,ec89ed7bea5590f2895c70af9c9c45b1f948ae50d5cca4279dd5104fc6cdd37d,ee7111c1-d9df-4d98-9c42-118bcaf64d04,ordinal,3.0,0.5992703995259135,0.5992703995259135,L,L,L,0.2996351997629568,12.0,3.0,,"Does the text acknowledge that their favored theory is in any way uncertain? If so, highlight the relevant section.",No,True,0.0,Probability,0.0,0.0,0.0,0.0,0.0,0.0,0.0,0.0,0.0,0.0
22,22,Probability,5.0,,ordinal,3.0,0.0,False precision,146.0,1739.0,a6a4d058630efccca1ce1f7e636ca8f3e392460db4e62c2280617edc9b209be0,d36cc9a6-fedd-4bd5-a7bc-978a12535c95,Probability Specialist V4,ec89ed7bea5590f2895c70af9c9c45b1f948ae50d5cca4279dd5104fc6cdd37d,ee7111c1-d9df-4d98-9c42-118bcaf64d04,ordinal,3.0,0.6141379951385052,0.6141379951385052,[],,,0.6141379951385052,12.0,3.0,,"Does the text acknowledge that their favored theory is in any way uncertain? If so, highlight the relevant section.",No,True,0.0,Probability,0.0,0.0,0.0,0.0,0.0,0.0,0.0,0.0,0.0,0.0
23,23,Probability,5.0,,ordinal,3.0,0.0,False precision,69.0,1739.0,a6a4d058630efccca1ce1f7e636ca8f3e392460db4e62c2280617edc9b209be0,89a5ffa6-3799-419e-9df5-1c69b25c7e55,Probability Specialist V4,ec89ed7bea5590f2895c70af9c9c45b1f948ae50d5cca4279dd5104fc6cdd37d,ee7111c1-d9df-4d98-9c42-118bcaf64d04,ordinal,3.0,0.6207404754010502,0.6207404754010502,L,L,L,0.3103702377005251,12.0,3.0,,"Does the text acknowledge that their favored theory is in any way uncertain? If so, highlight the relevant section.",No,True,0.0,Probability,0.0,0.0,0.0,0.0,0.0,0.0,0.0,0.0,0.0,0.0
0,0,Language,3.0,,ordinal,3.0,-2.5,Exaggeration,58.0,1712.0,38428e24cdfa0392f3f5e1efda3253ffab6d7ed3051b1dee9f209f871ca91e2c,8614287c-a0ac-4122-8f05-6507ce2460df,Language Specialist V3,790464e4ab80caa9bb7db172bd2709ac818ba19a667245731fd32bce14f6e4d2,ff2dc973-7591-42f6-887b-9417b5f8c4d2,ordinal,3.0,0.8156680163951291,0.8156680163951291,[],,,0.8156680163951291,17.0,5.0,,How much does the exaggeration misrepresent reality?,Some misrepresentation,True,-2.0391700409878233,Language,0.0,0.0,0.0,0.0,0.0,0.0,0.0,0.0,0.0,-2.0391700409878233
1,1,Language,7.0,,ordinal,4.0,-0.25,Inappropriate slang,68.0,1712.0,38428e24cdfa0392f3f5e1efda3253ffab6d7ed3051b1dee9f209f871ca91e2c,8614287c-a0ac-4122-8f05-6507ce2460df,Language Specialist V3,790464e4ab80caa9bb7db172bd2709ac818ba19a667245731fd32bce14f6e4d2,7e3fa8c4-0d22-4847-b30c-238bb7ce45a7,ordinal,4.0,0.6380281961582359,0.6380281961582359,[],,,0.6380281961582359,17.0,5.0,,How inappropriate is the slang?,Mildly inappropriate,True,-0.15950704903955898,Language,0.0,0.0,0.0,0.0,0.0,0.0,0.0,0.0,0.0,-0.15950704903955898
2,2,Language,8.0,,ordinal,5.0,0.0,Denigration,69.0,1712.0,38428e24cdfa0392f3f5e1efda3253ffab6d7ed3051b1dee9f209f871ca91e2c,8614287c-a0ac-4122-8f05-6507ce2460df,Language Specialist V3,790464e4ab80caa9bb7db172bd2709ac818ba19a667245731fd32bce14f6e4d2,45049e96-4f36-40cb-b6c5-7d0dc94e83ed,ordinal,5.0,0.7685226206969948,0.7685226206969948,[],,,0.7685226206969948,17.0,5.0,,Is the slang used to denigrate a group or perspective?,Not at all,True,0.0,Language,0.0,0.0,0.0,0.0,0.0,0.0,0.0,0.0,0.0,0.0
3,3,Language,10.0,,ordinal,4.0,-1.25,Other problematic tone,42.0,1737.0,c35844f62ee12d09c0450281624c89e2533bbb621f23dd1b7062a6ee26ae2b97,66a3d733-bbd2-49bb-82a3-ff3a7af11986,Language Specialist V3,790464e4ab80caa9bb7db172bd2709ac818ba19a667245731fd32bce14f6e4d2,1632486c-d4fb-449b-97e2-fae055d387f5,ordinal,4.0,0.8042896812540785,0.8042896812540785,[],,,0.8042896812540785,12.0,5.0,,How misleading or otherwise problematic is the colorful language?,Very Mildly,True,-1.0053621015675982,Language,0.0,0.0,0.0,0.0,0.0,0.0,0.0,0.0,0.0,-1.0053621015675982
4,4,Language,11.0,,ordinal,1.0,0.5,Well-balanced,72.0,1712.0,38428e24cdfa0392f3f5e1efda3253ffab6d7ed3051b1dee9f209f871ca91e2c,8614287c-a0ac-4122-8f05-6507ce2460df,Language Specialist V3,790464e4ab80caa9bb7db172bd2709ac818ba19a667245731fd32bce14f6e4d2,450384e6-f939-455f-838f-0b6de27a40bc,ordinal,1.0,0.8552778762416621,0.8552778762416621,[],,,0.8552778762416621,17.0,4.0,,"Does the bolded passage contain a particularly neutral, circumspect, or measured account of a frequently heated issue? If so, please offer them kudos.",Nope,True,0.42763893812083104,Language,0.0,0.0,0.0,0.0,0.0,0.0,0.0,0.0,0.0,0.42763893812083104
5,5,Language,11.0,,ordinal,1.0,0.5,Well-balanced,16.0,1712.0,38428e24cdfa0392f3f5e1efda3253ffab6d7ed3051b1dee9f209f871ca91e2c,2633533d-4af6-441f-985f-2bd7b5433549,Language Specialist V3,790464e4ab80caa9bb7db172bd2709ac818ba19a667245731fd32bce14f6e4d2,450384e6-f939-455f-838f-0b6de27a40bc,ordinal,1.0,0.8850613667171369,0.8850613667171369,[],,,0.8850613667171369,12.0,4.0,,"Does the bolded passage contain a particularly neutral, circumspect, or measured account of a frequently heated issue? If so, please offer them kudos.",Nope,True,0.4425306833585684,Language,0.0,0.0,0.0,0.0,0.0,0.0,0.0,0.0,0.0,0.4425306833585684
6,6,Language,11.0,,ordinal,1.0,0.5,Well-balanced,43.0,1737.0,c35844f62ee12d09c0450281624c89e2533bbb621f23dd1b7062a6ee26ae2b97,66a3d733-bbd2-49bb-82a3-ff3a7af11986,Language Specialist V3,790464e4ab80caa9bb7db172bd2709ac818ba19a667245731fd32bce14f6e4d2,450384e6-f939-455f-838f-0b6de27a40bc,ordinal,1.0,0.7486031194916987,0.7486031194916987,"[2005, 2006, 2007, 2008, 2009, 2010, 2011, 2012, 2013, 2014, 2015, 2016, 2017, 2018, 2019, 2020, 2021, 2022, 2023, 2024, 2025, 2026, 2027, 2028, 2029, 2030, 2031, 2032, 2033, 2034, 2035, 2036, 2037, 2038, 2039, 2040, 2041, 2042, 2043, 2044, 2045, 2046, 2047, 2048, 2049, 2050, 2051, 2052, 2053, 2054, 2055, 2056, 2057, 2058, 2059, 2060, 2061, 2062, 2063, 2064, 2065, 2066, 2067, 2068, 2069, 2070, 2071, 2072, 2073, 2074, 2075, 2076, 2077, 2078, 2079, 2080, 2081, 2082, 2083, 2084, 2085, 2086, 2087, 2088, 2089, 2090, 2091, 2092, 2093, 2094, 2095, 2096, 2097, 2098, 2099, 2100, 2101, 2102, 2103, 2104, 2105, 2106, 2107, 2108, 2109, 2110, 2111, 2112, 2113, 2114, 2115, 2116, 2117, 2118, 2119, 2120, 2121, 2122, 2123, 2124, 2125, 2126, 2127, 2128, 2129, 2130, 2131, 2132, 2133, 2134, 2135, 2136, 2137, 2138, 2139, 2140, 2141, 2142, 2143, 2144, 2145, 2146, 2147, 2148, 2149, 2150, 2151, 2152, 2153, 2154, 2155, 2156, 2157, 2158, 2159, 2160, 2161, 2162, 2163, 2164, 2165, 2166, 2167, 2168, 2169, 2170, 2171, 2172, 2173, 2174, 2175]",0.34942769058969025,0.34942769058969025,0.5490154050406945,17.0,4.0,The scans also showed that the changes were more dramatic in the astronauts who spent months aboard the ISS as opposed to those who only had brief trips aboard the shuttle,"Does the bolded passage contain a particularly neutral, circumspect, or measured account of a frequently heated issue? If so, please offer them kudos.",Nope,True,0.27450770252034723,Language,0.0,0.0,0.0,0.0,0.0,0.0,0.0,0.0,0.0,0.27450770252034723
