article_num,article_sha256,quiz_task_uuid,schema_namespace,schema_sha256,question_Number,answer_uuid,question_type,agreed_Answer,coding_perc_agreement,one_two_diff,highlighted_indices,alpha_unitizing_score,alpha_unitizing_score_inclusive,agreement_score,num_users,num_answer_choices,target_text,question_text,answer_content
1739,a6a4d058630efccca1ce1f7e636ca8f3e392460db4e62c2280617edc9b209be0,01cc39ab-4c15-438d-8418-5f09945391fd,Probability Specialist V4,Probability Specialist V4,1,0,ordinal,U,0.7369655941662062,0.7369655941662062,U,U,U,0.3684827970831031,2,3,U,Does the text make any claims with great confidence? Highlight the relevant part.,U
1739,a6a4d058630efccca1ce1f7e636ca8f3e392460db4e62c2280617edc9b209be0,01cc39ab-4c15-438d-8418-5f09945391fd,Probability Specialist V4,Probability Specialist V4,2,0,ordinal,U,0.84799690655495,0.84799690655495,U,U,U,0.423998453277475,2,5,U,To what extent does the confidence seem justified?,U
1739,a6a4d058630efccca1ce1f7e636ca8f3e392460db4e62c2280617edc9b209be0,01cc39ab-4c15-438d-8418-5f09945391fd,Probability Specialist V4,Probability Specialist V4,5,0,ordinal,U,0.7369655941662062,0.7369655941662062,U,U,U,0.3684827970831031,2,3,U,"Does the text acknowledge that their favored theory is in any way uncertain? If so, highlight the relevant section.",U
1739,a6a4d058630efccca1ce1f7e636ca8f3e392460db4e62c2280617edc9b209be0,01cc39ab-4c15-438d-8418-5f09945391fd,Probability Specialist V4,Probability Specialist V4,6,0,ordinal,U,1.0,1.0,U,U,U,0.5,2,3,U,Are any numbers given?,U
1739,a6a4d058630efccca1ce1f7e636ca8f3e392460db4e62c2280617edc9b209be0,01cc39ab-4c15-438d-8418-5f09945391fd,Probability Specialist V4,Probability Specialist V4,7,0,ordinal,U,0.84799690655495,0.84799690655495,U,U,U,0.423998453277475,2,5,U,"Since a number is given, is a comparison number for a similar case given for context?",U
1739,a6a4d058630efccca1ce1f7e636ca8f3e392460db4e62c2280617edc9b209be0,01cc39ab-4c15-438d-8418-5f09945391fd,Probability Specialist V4,Probability Specialist V4,10,0,ordinal,U,0.7369655941662062,0.7369655941662062,U,U,U,0.3684827970831031,2,3,U,"Does the text make a specific point estimate as if their probability estimate was definitely exactly right? (e.g. no “about,” “approximately,” or confidence intervals)",U
1739,a6a4d058630efccca1ce1f7e636ca8f3e392460db4e62c2280617edc9b209be0,01cc39ab-4c15-438d-8418-5f09945391fd,Probability Specialist V4,Probability Specialist V4,11,0,ordinal,U,0.5849625007211562,0.5849625007211562,U,U,U,0.2924812503605781,2,4,U,Does the text acknowledge that additional evidence might shift our understanding of the topics discussed in the article?,U
1739,a6a4d058630efccca1ce1f7e636ca8f3e392460db4e62c2280617edc9b209be0,01cc39ab-4c15-438d-8418-5f09945391fd,Probability Specialist V4,Probability Specialist V4,12,0,ordinal,U,1.0,1.0,U,U,U,0.5,1,4,U,Does the text acknowledge the possibility of additional evidence that would (check all that apply):,U
1739,a6a4d058630efccca1ce1f7e636ca8f3e392460db4e62c2280617edc9b209be0,01cc39ab-4c15-438d-8418-5f09945391fd,Probability Specialist V4,Probability Specialist V4,14,0,ordinal,U,0.84799690655495,0.84799690655495,U,U,U,0.423998453277475,2,10,U,"How confident are you about your answers, on the whole?",U
1739,a6a4d058630efccca1ce1f7e636ca8f3e392460db4e62c2280617edc9b209be0,0c855bef-69cd-4d43-8a97-c35443c44d28,Probability Specialist V4,Probability Specialist V4,1,XXX,ordinal,2,0.7236271874695049,0.7236271874695049,"[8155, 8156, 8157, 8158, 8159, 8160, 8161, 8162, 8163, 8164, 8165, 8166]",0.3554763304302424,0.3554763304302424,0.5395517589498737,12,3,also tend to,Does the text make any claims with great confidence? Highlight the relevant part.,Maybe
1739,a6a4d058630efccca1ce1f7e636ca8f3e392460db4e62c2280617edc9b209be0,0c855bef-69cd-4d43-8a97-c35443c44d28,Probability Specialist V4,Probability Specialist V4,2,XXX,ordinal,3,0.6774443898168746,0.6774443898168746,[],NA,NA,0.6774443898168746,12,5,NA,To what extent does the confidence seem justified?,Somewhat justified
1739,a6a4d058630efccca1ce1f7e636ca8f3e392460db4e62c2280617edc9b209be0,0c855bef-69cd-4d43-8a97-c35443c44d28,Probability Specialist V4,Probability Specialist V4,5,XXX,ordinal,3,0.5992703995259135,0.5992703995259135,L,L,L,0.29963519976295677,12,3,N/A,"Does the text acknowledge that their favored theory is in any way uncertain? If so, highlight the relevant section.",No
1739,a6a4d058630efccca1ce1f7e636ca8f3e392460db4e62c2280617edc9b209be0,0c855bef-69cd-4d43-8a97-c35443c44d28,Probability Specialist V4,Probability Specialist V4,6,XXX,ordinal,1,1.0,1.0,[],NA,NA,1.0,12,3,NA,Are any numbers given?,No
1739,a6a4d058630efccca1ce1f7e636ca8f3e392460db4e62c2280617edc9b209be0,0c855bef-69cd-4d43-8a97-c35443c44d28,Probability Specialist V4,Probability Specialist V4,11,XXX,ordinal,3,0.7298829227732895,0.7298829227732895,L,L,L,0.36494146138664474,12,4,N/A,Does the text acknowledge that additional evidence might shift our understanding of the topics discussed in the article?,I can't tell
1739,a6a4d058630efccca1ce1f7e636ca8f3e392460db4e62c2280617edc9b209be0,0c855bef-69cd-4d43-8a97-c35443c44d28,Probability Specialist V4,Probability Specialist V4,12,XXX,ordinal,1,0.9805691028936556,0.9805691028936556,L,L,L,0.4902845514468278,3,4,N/A,Does the text acknowledge the possibility of additional evidence that would (check all that apply):,Change the claim fundamentally
1739,a6a4d058630efccca1ce1f7e636ca8f3e392460db4e62c2280617edc9b209be0,0c855bef-69cd-4d43-8a97-c35443c44d28,Probability Specialist V4,Probability Specialist V4,14,XXX,ordinal,5,0.7760715164508507,0.7760715164508507,[],NA,NA,0.7760715164508507,12,10,NA,"How confident are you about your answers, on the whole?",5: 50-50
1739,a6a4d058630efccca1ce1f7e636ca8f3e392460db4e62c2280617edc9b209be0,0ebc9dea-3bc3-4837-8c22-41ed930f4fec,Probability Specialist V4,Probability Specialist V4,1,0,ordinal,U,0.7369655941662062,0.7369655941662062,U,U,U,0.3684827970831031,2,3,U,Does the text make any claims with great confidence? Highlight the relevant part.,U
1739,a6a4d058630efccca1ce1f7e636ca8f3e392460db4e62c2280617edc9b209be0,0ebc9dea-3bc3-4837-8c22-41ed930f4fec,Probability Specialist V4,Probability Specialist V4,2,0,ordinal,U,0.84799690655495,0.84799690655495,U,U,U,0.423998453277475,2,5,U,To what extent does the confidence seem justified?,U
1739,a6a4d058630efccca1ce1f7e636ca8f3e392460db4e62c2280617edc9b209be0,0ebc9dea-3bc3-4837-8c22-41ed930f4fec,Probability Specialist V4,Probability Specialist V4,5,0,ordinal,U,0.4150374992788439,0.4150374992788439,U,U,U,0.20751874963942196,2,3,U,"Does the text acknowledge that their favored theory is in any way uncertain? If so, highlight the relevant section.",U
1739,a6a4d058630efccca1ce1f7e636ca8f3e392460db4e62c2280617edc9b209be0,0ebc9dea-3bc3-4837-8c22-41ed930f4fec,Probability Specialist V4,Probability Specialist V4,6,0,ordinal,U,0.7369655941662062,0.7369655941662062,U,U,U,0.3684827970831031,2,3,U,Are any numbers given?,U
1739,a6a4d058630efccca1ce1f7e636ca8f3e392460db4e62c2280617edc9b209be0,0ebc9dea-3bc3-4837-8c22-41ed930f4fec,Probability Specialist V4,Probability Specialist V4,7,0,ordinal,U,0.6780719051126377,0.6780719051126377,U,U,U,0.33903595255631885,2,5,U,"Since a number is given, is a comparison number for a similar case given for context?",U
1739,a6a4d058630efccca1ce1f7e636ca8f3e392460db4e62c2280617edc9b209be0,0ebc9dea-3bc3-4837-8c22-41ed930f4fec,Probability Specialist V4,Probability Specialist V4,10,0,ordinal,U,0.4150374992788439,0.4150374992788439,U,U,U,0.20751874963942196,2,3,U,"Does the text make a specific point estimate as if their probability estimate was definitely exactly right? (e.g. no “about,” “approximately,” or confidence intervals)",U
1739,a6a4d058630efccca1ce1f7e636ca8f3e392460db4e62c2280617edc9b209be0,0ebc9dea-3bc3-4837-8c22-41ed930f4fec,Probability Specialist V4,Probability Specialist V4,11,0,ordinal,U,0.5849625007211562,0.5849625007211562,U,U,U,0.2924812503605781,2,4,U,Does the text acknowledge that additional evidence might shift our understanding of the topics discussed in the article?,U
1739,a6a4d058630efccca1ce1f7e636ca8f3e392460db4e62c2280617edc9b209be0,0ebc9dea-3bc3-4837-8c22-41ed930f4fec,Probability Specialist V4,Probability Specialist V4,12,0,ordinal,U,1.0,1.0,U,U,U,0.5,1,4,U,Does the text acknowledge the possibility of additional evidence that would (check all that apply):,U
1739,a6a4d058630efccca1ce1f7e636ca8f3e392460db4e62c2280617edc9b209be0,0ebc9dea-3bc3-4837-8c22-41ed930f4fec,Probability Specialist V4,Probability Specialist V4,14,0,ordinal,U,0.925999418556223,0.925999418556223,U,U,U,0.4629997092781115,2,10,U,"How confident are you about your answers, on the whole?",U
1739,a6a4d058630efccca1ce1f7e636ca8f3e392460db4e62c2280617edc9b209be0,2865558d-1d6c-48af-8f25-35371e8c8301,Probability Specialist V4,Probability Specialist V4,1,0,ordinal,M,0.765859972576889,0.765859972576889,M,M,M,0.3829299862884445,3,3,M,Does the text make any claims with great confidence? Highlight the relevant part.,M
1739,a6a4d058630efccca1ce1f7e636ca8f3e392460db4e62c2280617edc9b209be0,2865558d-1d6c-48af-8f25-35371e8c8301,Probability Specialist V4,Probability Specialist V4,2,0,ordinal,M,0.7853812700750918,0.7853812700750918,M,M,M,0.3926906350375459,3,5,M,To what extent does the confidence seem justified?,M
1739,a6a4d058630efccca1ce1f7e636ca8f3e392460db4e62c2280617edc9b209be0,2865558d-1d6c-48af-8f25-35371e8c8301,Probability Specialist V4,Probability Specialist V4,5,XXX,ordinal,3,0.9871114450218768,0.9871114450218768,L,L,L,0.4935557225109384,3,3,N/A,"Does the text acknowledge that their favored theory is in any way uncertain? If so, highlight the relevant section.",No
1739,a6a4d058630efccca1ce1f7e636ca8f3e392460db4e62c2280617edc9b209be0,2865558d-1d6c-48af-8f25-35371e8c8301,Probability Specialist V4,Probability Specialist V4,6,XXX,ordinal,1,1.0,1.0,[],NA,NA,1.0,3,3,NA,Are any numbers given?,No
1739,a6a4d058630efccca1ce1f7e636ca8f3e392460db4e62c2280617edc9b209be0,2865558d-1d6c-48af-8f25-35371e8c8301,Probability Specialist V4,Probability Specialist V4,11,XXX,ordinal,3,0.8286346099994961,0.8286346099994961,[],NA,NA,0.8286346099994961,3,4,NA,Does the text acknowledge that additional evidence might shift our understanding of the topics discussed in the article?,I can't tell
1739,a6a4d058630efccca1ce1f7e636ca8f3e392460db4e62c2280617edc9b209be0,2865558d-1d6c-48af-8f25-35371e8c8301,Probability Specialist V4,Probability Specialist V4,14,XXX,ordinal,5,0.8986646043699666,0.8986646043699666,[],NA,NA,0.8986646043699666,3,10,NA,"How confident are you about your answers, on the whole?",5: 50-50
1739,a6a4d058630efccca1ce1f7e636ca8f3e392460db4e62c2280617edc9b209be0,357b1074-a6aa-4e5d-9204-cd754231fed2,Probability Specialist V4,Probability Specialist V4,1,0,ordinal,U,1.0,1.0,U,U,U,0.5,2,3,U,Does the text make any claims with great confidence? Highlight the relevant part.,U
1739,a6a4d058630efccca1ce1f7e636ca8f3e392460db4e62c2280617edc9b209be0,357b1074-a6aa-4e5d-9204-cd754231fed2,Probability Specialist V4,Probability Specialist V4,2,0,ordinal,U,0.9708536543404835,0.9708536543404835,U,U,U,0.48542682717024177,2,5,U,To what extent does the confidence seem justified?,U
1739,a6a4d058630efccca1ce1f7e636ca8f3e392460db4e62c2280617edc9b209be0,357b1074-a6aa-4e5d-9204-cd754231fed2,Probability Specialist V4,Probability Specialist V4,5,0,ordinal,U,0.4150374992788439,0.4150374992788439,U,U,U,0.20751874963942196,2,3,U,"Does the text acknowledge that their favored theory is in any way uncertain? If so, highlight the relevant section.",U
1739,a6a4d058630efccca1ce1f7e636ca8f3e392460db4e62c2280617edc9b209be0,357b1074-a6aa-4e5d-9204-cd754231fed2,Probability Specialist V4,Probability Specialist V4,6,0,ordinal,U,0.4150374992788439,0.4150374992788439,U,U,U,0.20751874963942196,2,3,U,Are any numbers given?,U
1739,a6a4d058630efccca1ce1f7e636ca8f3e392460db4e62c2280617edc9b209be0,357b1074-a6aa-4e5d-9204-cd754231fed2,Probability Specialist V4,Probability Specialist V4,7,0,ordinal,U,1.0,1.0,U,U,U,0.5,1,5,U,"Since a number is given, is a comparison number for a similar case given for context?",U
1739,a6a4d058630efccca1ce1f7e636ca8f3e392460db4e62c2280617edc9b209be0,357b1074-a6aa-4e5d-9204-cd754231fed2,Probability Specialist V4,Probability Specialist V4,10,0,ordinal,U,1.0,1.0,U,U,U,0.5,1,3,U,"Does the text make a specific point estimate as if their probability estimate was definitely exactly right? (e.g. no “about,” “approximately,” or confidence intervals)",U
1739,a6a4d058630efccca1ce1f7e636ca8f3e392460db4e62c2280617edc9b209be0,357b1074-a6aa-4e5d-9204-cd754231fed2,Probability Specialist V4,Probability Specialist V4,11,0,ordinal,U,0.8073549220576041,0.8073549220576041,U,U,U,0.40367746102880203,2,4,U,Does the text acknowledge that additional evidence might shift our understanding of the topics discussed in the article?,U
1739,a6a4d058630efccca1ce1f7e636ca8f3e392460db4e62c2280617edc9b209be0,357b1074-a6aa-4e5d-9204-cd754231fed2,Probability Specialist V4,Probability Specialist V4,12,0,ordinal,U,1.0,1.0,U,U,U,0.5,1,4,U,Does the text acknowledge the possibility of additional evidence that would (check all that apply):,U
1739,a6a4d058630efccca1ce1f7e636ca8f3e392460db4e62c2280617edc9b209be0,357b1074-a6aa-4e5d-9204-cd754231fed2,Probability Specialist V4,Probability Specialist V4,14,0,ordinal,U,0.925999418556223,0.925999418556223,U,U,U,0.4629997092781115,2,10,U,"How confident are you about your answers, on the whole?",U
1737,c35844f62ee12d09c0450281624c89e2533bbb621f23dd1b7062a6ee26ae2b97,49af7261-174a-4ade-a2e1-8208050e50bf,Probability Specialist V4,Probability Specialist V4,1,XXX,ordinal,1,0.677307918236304,0.677307918236304,"[1628, 1629, 1630, 1631, 1632, 1633, 1634, 1635, 1636, 1637, 1638, 1639, 1640, 1641, 1642, 1643]",0.27054100637169,0.21923837487612552,0.473924462303997,12,3,actually changed,Does the text make any claims with great confidence? Highlight the relevant part.,Yes
1737,c35844f62ee12d09c0450281624c89e2533bbb621f23dd1b7062a6ee26ae2b97,49af7261-174a-4ade-a2e1-8208050e50bf,Probability Specialist V4,Probability Specialist V4,2,XXX,ordinal,2,0.8269227161988467,0.8269227161988467,[],NA,NA,0.8269227161988467,12,5,NA,To what extent does the confidence seem justified?,Mostly justified
1737,c35844f62ee12d09c0450281624c89e2533bbb621f23dd1b7062a6ee26ae2b97,49af7261-174a-4ade-a2e1-8208050e50bf,Probability Specialist V4,Probability Specialist V4,5,XXX,ordinal,2,0.6451619113216152,0.6451619113216152,"[1314, 1315, 1316, 1317, 1318, 1540, 1541, 1542, 1888, 1889, 1890, 1891, 1892, 1893, 1894, 1895]",0.4261588081274299,0.4261588081274299,0.5356603597245225,12,3,could//may//believes,"Does the text acknowledge that their favored theory is in any way uncertain? If so, highlight the relevant section.","Yes, implicitly"
1737,c35844f62ee12d09c0450281624c89e2533bbb621f23dd1b7062a6ee26ae2b97,49af7261-174a-4ade-a2e1-8208050e50bf,Probability Specialist V4,Probability Specialist V4,6,XXX,ordinal,1,0.9189057799051339,0.9189057799051339,L,L,L,0.45945288995256695,12,3,N/A,Are any numbers given?,No
1737,c35844f62ee12d09c0450281624c89e2533bbb621f23dd1b7062a6ee26ae2b97,49af7261-174a-4ade-a2e1-8208050e50bf,Probability Specialist V4,Probability Specialist V4,7,0,ordinal,U,1.0,1.0,U,U,U,0.5,1,5,U,"Since a number is given, is a comparison number for a similar case given for context?",U
1737,c35844f62ee12d09c0450281624c89e2533bbb621f23dd1b7062a6ee26ae2b97,49af7261-174a-4ade-a2e1-8208050e50bf,Probability Specialist V4,Probability Specialist V4,10,0,ordinal,U,1.0,1.0,U,U,U,0.5,1,3,U,"Does the text make a specific point estimate as if their probability estimate was definitely exactly right? (e.g. no “about,” “approximately,” or confidence intervals)",U
1737,c35844f62ee12d09c0450281624c89e2533bbb621f23dd1b7062a6ee26ae2b97,49af7261-174a-4ade-a2e1-8208050e50bf,Probability Specialist V4,Probability Specialist V4,11,0,ordinal,M,0.5697620779945022,0.5697620779945022,M,M,M,0.2848810389972511,12,4,M,Does the text acknowledge that additional evidence might shift our understanding of the topics discussed in the article?,M
1737,c35844f62ee12d09c0450281624c89e2533bbb621f23dd1b7062a6ee26ae2b97,49af7261-174a-4ade-a2e1-8208050e50bf,Probability Specialist V4,Probability Specialist V4,12,XXX,ordinal,4,0.7598332473811373,0.7598332473811373,L,L,L,0.37991662369056867,7,4,N/A,Does the text acknowledge the possibility of additional evidence that would (check all that apply):,Illuminate further aspects of the claim
1737,c35844f62ee12d09c0450281624c89e2533bbb621f23dd1b7062a6ee26ae2b97,49af7261-174a-4ade-a2e1-8208050e50bf,Probability Specialist V4,Probability Specialist V4,14,XXX,ordinal,8,0.8173473393066778,0.8173473393066778,[],NA,NA,0.8173473393066778,12,10,NA,"How confident are you about your answers, on the whole?",8
1728,b3ab388528c6115f1d85529f203b533fb84143f467acfc31d289bdc58c08d49d,867e7f22-664a-4e56-9d6f-e848ce0944d4,Probability Specialist V4,Probability Specialist V4,1,0,ordinal,U,1.0,1.0,U,U,U,0.5,1,3,U,Does the text make any claims with great confidence? Highlight the relevant part.,U
1728,b3ab388528c6115f1d85529f203b533fb84143f467acfc31d289bdc58c08d49d,867e7f22-664a-4e56-9d6f-e848ce0944d4,Probability Specialist V4,Probability Specialist V4,2,0,ordinal,U,1.0,1.0,U,U,U,0.5,1,5,U,To what extent does the confidence seem justified?,U
1728,b3ab388528c6115f1d85529f203b533fb84143f467acfc31d289bdc58c08d49d,867e7f22-664a-4e56-9d6f-e848ce0944d4,Probability Specialist V4,Probability Specialist V4,5,0,ordinal,U,1.0,1.0,U,U,U,0.5,1,3,U,"Does the text acknowledge that their favored theory is in any way uncertain? If so, highlight the relevant section.",U
1728,b3ab388528c6115f1d85529f203b533fb84143f467acfc31d289bdc58c08d49d,867e7f22-664a-4e56-9d6f-e848ce0944d4,Probability Specialist V4,Probability Specialist V4,6,0,ordinal,U,1.0,1.0,U,U,U,0.5,1,3,U,Are any numbers given?,U
1728,b3ab388528c6115f1d85529f203b533fb84143f467acfc31d289bdc58c08d49d,867e7f22-664a-4e56-9d6f-e848ce0944d4,Probability Specialist V4,Probability Specialist V4,7,0,ordinal,U,1.0,1.0,U,U,U,0.5,1,5,U,"Since a number is given, is a comparison number for a similar case given for context?",U
1728,b3ab388528c6115f1d85529f203b533fb84143f467acfc31d289bdc58c08d49d,867e7f22-664a-4e56-9d6f-e848ce0944d4,Probability Specialist V4,Probability Specialist V4,10,0,ordinal,U,1.0,1.0,U,U,U,0.5,1,3,U,"Does the text make a specific point estimate as if their probability estimate was definitely exactly right? (e.g. no “about,” “approximately,” or confidence intervals)",U
1728,b3ab388528c6115f1d85529f203b533fb84143f467acfc31d289bdc58c08d49d,867e7f22-664a-4e56-9d6f-e848ce0944d4,Probability Specialist V4,Probability Specialist V4,11,0,ordinal,U,1.0,1.0,U,U,U,0.5,1,4,U,Does the text acknowledge that additional evidence might shift our understanding of the topics discussed in the article?,U
1728,b3ab388528c6115f1d85529f203b533fb84143f467acfc31d289bdc58c08d49d,867e7f22-664a-4e56-9d6f-e848ce0944d4,Probability Specialist V4,Probability Specialist V4,12,0,ordinal,U,1.0,1.0,U,U,U,0.5,1,4,U,Does the text acknowledge the possibility of additional evidence that would (check all that apply):,U
1728,b3ab388528c6115f1d85529f203b533fb84143f467acfc31d289bdc58c08d49d,867e7f22-664a-4e56-9d6f-e848ce0944d4,Probability Specialist V4,Probability Specialist V4,14,0,ordinal,U,1.0,1.0,U,U,U,0.5,1,10,U,"How confident are you about your answers, on the whole?",U
1739,a6a4d058630efccca1ce1f7e636ca8f3e392460db4e62c2280617edc9b209be0,87192c0c-8e66-4cde-83f9-f79b193d67fc,Probability Specialist V4,Probability Specialist V4,1,XXX,ordinal,3,0.9751647364541169,0.9751647364541169,"[450, 451, 452, 453, 454, 455, 456, 457, 458, 459, 460, 461, 462, 463, 464, 465, 466, 467, 468, 469, 470, 471, 472, 473]",0.6967407658229983,0.6967407658229983,0.8359527511385576,13,3,began taking a few puffs,Does the text make any claims with great confidence? Highlight the relevant part.,No
1739,a6a4d058630efccca1ce1f7e636ca8f3e392460db4e62c2280617edc9b209be0,87192c0c-8e66-4cde-83f9-f79b193d67fc,Probability Specialist V4,Probability Specialist V4,2,XXX,ordinal,1,0.9543918083934403,0.9543918083934403,[],NA,NA,0.9543918083934403,13,5,NA,To what extent does the confidence seem justified?,Completely justified
1739,a6a4d058630efccca1ce1f7e636ca8f3e392460db4e62c2280617edc9b209be0,87192c0c-8e66-4cde-83f9-f79b193d67fc,Probability Specialist V4,Probability Specialist V4,5,XXX,ordinal,3,1.0,1.0,[],NA,NA,1.0,13,3,NA,"Does the text acknowledge that their favored theory is in any way uncertain? If so, highlight the relevant section.",No
1739,a6a4d058630efccca1ce1f7e636ca8f3e392460db4e62c2280617edc9b209be0,87192c0c-8e66-4cde-83f9-f79b193d67fc,Probability Specialist V4,Probability Specialist V4,6,XXX,ordinal,1,0.924599139867482,0.924599139867482,L,L,L,0.462299569933741,13,3,N/A,Are any numbers given?,No
1739,a6a4d058630efccca1ce1f7e636ca8f3e392460db4e62c2280617edc9b209be0,87192c0c-8e66-4cde-83f9-f79b193d67fc,Probability Specialist V4,Probability Specialist V4,7,0,ordinal,U,1.0,1.0,U,U,U,0.5,1,5,U,"Since a number is given, is a comparison number for a similar case given for context?",U
1739,a6a4d058630efccca1ce1f7e636ca8f3e392460db4e62c2280617edc9b209be0,87192c0c-8e66-4cde-83f9-f79b193d67fc,Probability Specialist V4,Probability Specialist V4,10,0,ordinal,U,1.0,1.0,U,U,U,0.5,1,3,U,"Does the text make a specific point estimate as if their probability estimate was definitely exactly right? (e.g. no “about,” “approximately,” or confidence intervals)",U
1739,a6a4d058630efccca1ce1f7e636ca8f3e392460db4e62c2280617edc9b209be0,87192c0c-8e66-4cde-83f9-f79b193d67fc,Probability Specialist V4,Probability Specialist V4,11,XXX,ordinal,4,0.7730916690723542,0.7730916690723542,L,L,L,0.3865458345361771,13,4,N/A,Does the text acknowledge that additional evidence might shift our understanding of the topics discussed in the article?,"No, not at all"
1739,a6a4d058630efccca1ce1f7e636ca8f3e392460db4e62c2280617edc9b209be0,87192c0c-8e66-4cde-83f9-f79b193d67fc,Probability Specialist V4,Probability Specialist V4,12,0,ordinal,U,1.0,1.0,U,U,U,0.5,1,4,U,Does the text acknowledge the possibility of additional evidence that would (check all that apply):,U
1739,a6a4d058630efccca1ce1f7e636ca8f3e392460db4e62c2280617edc9b209be0,87192c0c-8e66-4cde-83f9-f79b193d67fc,Probability Specialist V4,Probability Specialist V4,14,XXX,ordinal,5,0.7184410268350022,0.7184410268350022,[],NA,NA,0.7184410268350022,13,10,NA,"How confident are you about your answers, on the whole?",5: 50-50
1739,a6a4d058630efccca1ce1f7e636ca8f3e392460db4e62c2280617edc9b209be0,89a5ffa6-3799-419e-9df5-1c69b25c7e55,Probability Specialist V4,Probability Specialist V4,1,XXX,ordinal,2,0.7684461238129617,0.7684461238129617,"[, 997, , 998, , 999, 1000, 1001, 1002, 1003]",0.40208375766981097,0.40208375766981097,0.5852649407413864,12,3,seem to,Does the text make any claims with great confidence? Highlight the relevant part.,Maybe
1739,a6a4d058630efccca1ce1f7e636ca8f3e392460db4e62c2280617edc9b209be0,89a5ffa6-3799-419e-9df5-1c69b25c7e55,Probability Specialist V4,Probability Specialist V4,2,XXX,ordinal,2,0.724081644174434,0.724081644174434,[],NA,NA,0.724081644174434,12,5,NA,To what extent does the confidence seem justified?,Mostly justified
1739,a6a4d058630efccca1ce1f7e636ca8f3e392460db4e62c2280617edc9b209be0,89a5ffa6-3799-419e-9df5-1c69b25c7e55,Probability Specialist V4,Probability Specialist V4,5,XXX,ordinal,3,0.6207404754010502,0.6207404754010502,L,L,L,0.3103702377005251,12,3,N/A,"Does the text acknowledge that their favored theory is in any way uncertain? If so, highlight the relevant section.",No
1739,a6a4d058630efccca1ce1f7e636ca8f3e392460db4e62c2280617edc9b209be0,89a5ffa6-3799-419e-9df5-1c69b25c7e55,Probability Specialist V4,Probability Specialist V4,6,XXX,ordinal,1,1.0,1.0,[],NA,NA,1.0,12,3,NA,Are any numbers given?,No
1739,a6a4d058630efccca1ce1f7e636ca8f3e392460db4e62c2280617edc9b209be0,89a5ffa6-3799-419e-9df5-1c69b25c7e55,Probability Specialist V4,Probability Specialist V4,11,XXX,ordinal,3,0.7298829227732895,0.7298829227732895,L,L,L,0.36494146138664474,12,4,N/A,Does the text acknowledge that additional evidence might shift our understanding of the topics discussed in the article?,I can't tell
1739,a6a4d058630efccca1ce1f7e636ca8f3e392460db4e62c2280617edc9b209be0,89a5ffa6-3799-419e-9df5-1c69b25c7e55,Probability Specialist V4,Probability Specialist V4,12,0,ordinal,M,0.629656229203752,0.629656229203752,M,M,M,0.314828114601876,3,4,M,Does the text acknowledge the possibility of additional evidence that would (check all that apply):,M
1739,a6a4d058630efccca1ce1f7e636ca8f3e392460db4e62c2280617edc9b209be0,89a5ffa6-3799-419e-9df5-1c69b25c7e55,Probability Specialist V4,Probability Specialist V4,14,XXX,ordinal,6,0.7787157980003384,0.7787157980003384,[],NA,NA,0.7787157980003384,12,10,NA,"How confident are you about your answers, on the whole?",6
1739,a6a4d058630efccca1ce1f7e636ca8f3e392460db4e62c2280617edc9b209be0,9efd6971-6f70-447c-83a9-27de8a9f62dc,Probability Specialist V4,Probability Specialist V4,1,XXX,ordinal,2,0.7385023069461496,0.7385023069461496,"[1673, 1674, 1675, 1676, 1677, 1678, 1679, 1680, 1681, 1682, 1683, 1684, 1685, 1686, 1694, 1695, 1696, 1697, 1698, 1699, 1700]",0.2990448840312332,0.2990448840312332,0.5187735954886914,13,3,Often pregnant//presume,Does the text make any claims with great confidence? Highlight the relevant part.,Maybe
1739,a6a4d058630efccca1ce1f7e636ca8f3e392460db4e62c2280617edc9b209be0,9efd6971-6f70-447c-83a9-27de8a9f62dc,Probability Specialist V4,Probability Specialist V4,2,XXX,ordinal,2,0.5859463646430214,0.5859463646430214,[],NA,NA,0.5859463646430214,13,5,NA,To what extent does the confidence seem justified?,Mostly justified
1739,a6a4d058630efccca1ce1f7e636ca8f3e392460db4e62c2280617edc9b209be0,9efd6971-6f70-447c-83a9-27de8a9f62dc,Probability Specialist V4,Probability Specialist V4,5,XXX,ordinal,2,0.7042530310666268,0.7042530310666268,L,L,L,0.3521265155333134,13,3,N/A,"Does the text acknowledge that their favored theory is in any way uncertain? If so, highlight the relevant section.","Yes, implicitly"
1739,a6a4d058630efccca1ce1f7e636ca8f3e392460db4e62c2280617edc9b209be0,9efd6971-6f70-447c-83a9-27de8a9f62dc,Probability Specialist V4,Probability Specialist V4,6,0,ordinal,M,0.561534581447024,0.561534581447024,M,M,M,0.280767290723512,13,3,M,Are any numbers given?,M
1739,a6a4d058630efccca1ce1f7e636ca8f3e392460db4e62c2280617edc9b209be0,9efd6971-6f70-447c-83a9-27de8a9f62dc,Probability Specialist V4,Probability Specialist V4,7,XXX,ordinal,5,0.9558234062310907,0.9558234062310907,"[2485, 2486, 2487, 2488, 2489, 2490, 2491, 2492, 2493, 2494, 2495, 2496, 2497, 2498, 2499, 2500, 2501, 2502, 2503, 2504, 2505, 2506, 2507, 2508, 2509, 2510, 2511, 2512, 2513, 2514, 2515, 2516, 2517]",0.4331524699632152,0.4331524699632152,0.6944879380971529,4,5,compared with 2.4 percent in 2002,"Since a number is given, is a comparison number for a similar case given for context?",Similar comparison number given for context (e.g. for previous year or nearby place)
1739,a6a4d058630efccca1ce1f7e636ca8f3e392460db4e62c2280617edc9b209be0,9efd6971-6f70-447c-83a9-27de8a9f62dc,Probability Specialist V4,Probability Specialist V4,10,XXX,ordinal,3,1.0,1.0,[],NA,NA,1.0,4,3,NA,"Does the text make a specific point estimate as if their probability estimate was definitely exactly right? (e.g. no “about,” “approximately,” or confidence intervals)",No
1739,a6a4d058630efccca1ce1f7e636ca8f3e392460db4e62c2280617edc9b209be0,9efd6971-6f70-447c-83a9-27de8a9f62dc,Probability Specialist V4,Probability Specialist V4,11,XXX,ordinal,3,0.8257942854990019,0.8257942854990019,L,L,L,0.41289714274950096,13,4,N/A,Does the text acknowledge that additional evidence might shift our understanding of the topics discussed in the article?,I can't tell
1739,a6a4d058630efccca1ce1f7e636ca8f3e392460db4e62c2280617edc9b209be0,9efd6971-6f70-447c-83a9-27de8a9f62dc,Probability Specialist V4,Probability Specialist V4,12,0,ordinal,U,0.5849625007211562,0.5849625007211562,U,U,U,0.2924812503605781,2,4,U,Does the text acknowledge the possibility of additional evidence that would (check all that apply):,U
1739,a6a4d058630efccca1ce1f7e636ca8f3e392460db4e62c2280617edc9b209be0,9efd6971-6f70-447c-83a9-27de8a9f62dc,Probability Specialist V4,Probability Specialist V4,14,XXX,ordinal,6,0.8121035885237688,0.8121035885237688,[],NA,NA,0.8121035885237688,13,10,NA,"How confident are you about your answers, on the whole?",6
1731,bad910fd0ffb399b223269afb4f75029d6e91fb55362ccaad4f28685ff1dc61e,a0676049-64a3-4b96-8a7d-a41eaaee3723,Probability Specialist V4,Probability Specialist V4,1,XXX,ordinal,2,0.7300173073594665,0.7300173073594665,"[9532, 9533, 9534, 9535, 9536, 9537, 9538, 9539, 9540, 9541, 9542, 9543, 9544, 9545, 9546, 9547, 9548, 9549, 9550, 9551, 9552, 9553, 9554, 9555, 9556, 9557, 9558, 9559, 9560, 9561, 9562, 9563, 9564, 9565]",0.4250476905760715,0.3582628200304664,0.577532498967769,13,3,possibility that we might be wrong,Does the text make any claims with great confidence? Highlight the relevant part.,Maybe
1731,bad910fd0ffb399b223269afb4f75029d6e91fb55362ccaad4f28685ff1dc61e,a0676049-64a3-4b96-8a7d-a41eaaee3723,Probability Specialist V4,Probability Specialist V4,2,XXX,ordinal,2,0.6813488190905544,0.6813488190905544,[],NA,NA,0.6813488190905544,13,5,NA,To what extent does the confidence seem justified?,Mostly justified
1731,bad910fd0ffb399b223269afb4f75029d6e91fb55362ccaad4f28685ff1dc61e,a0676049-64a3-4b96-8a7d-a41eaaee3723,Probability Specialist V4,Probability Specialist V4,5,0,ordinal,M,0.5596322760555948,0.5596322760555948,M,M,M,0.2798161380277974,13,3,M,"Does the text acknowledge that their favored theory is in any way uncertain? If so, highlight the relevant section.",M
1731,bad910fd0ffb399b223269afb4f75029d6e91fb55362ccaad4f28685ff1dc61e,a0676049-64a3-4b96-8a7d-a41eaaee3723,Probability Specialist V4,Probability Specialist V4,6,XXX,ordinal,1,1.0,1.0,[],NA,NA,1.0,13,3,NA,Are any numbers given?,No
1731,bad910fd0ffb399b223269afb4f75029d6e91fb55362ccaad4f28685ff1dc61e,a0676049-64a3-4b96-8a7d-a41eaaee3723,Probability Specialist V4,Probability Specialist V4,11,XXX,ordinal,3,0.6849891211777994,0.6849891211777994,"[9528, 9529, 9530, 9531, 9532, 9533, 9534, 9535, 9536, 9537, 9538, 9539, 9540, 9541, 9542, 9543, 9544, 9545, 9546, 9547, 9548, 9549, 9550, 9551, 9552, 9553, 9554, 9555, 9556, 9557, 9558, 9559, 9560, 9561, 9562, 9563, 9564, 9565]",0.644446640546331,0.644446640546331,0.6647178808620653,13,4,the possibility that we might be wrong,Does the text acknowledge that additional evidence might shift our understanding of the topics discussed in the article?,I can't tell
1731,bad910fd0ffb399b223269afb4f75029d6e91fb55362ccaad4f28685ff1dc61e,a0676049-64a3-4b96-8a7d-a41eaaee3723,Probability Specialist V4,Probability Specialist V4,12,XXX,ordinal,2,0.771240625180289,0.771240625180289,"[9561, 9562, 9563, 9564, 9565]",0.6468529815103797,0.25980998885398376,0.7090468033453343,5,4,wrong,Does the text acknowledge the possibility of additional evidence that would (check all that apply):,Challenge the claim
1731,bad910fd0ffb399b223269afb4f75029d6e91fb55362ccaad4f28685ff1dc61e,a0676049-64a3-4b96-8a7d-a41eaaee3723,Probability Specialist V4,Probability Specialist V4,14,XXX,ordinal,5,0.8027020553067244,0.8027020553067244,[],NA,NA,0.8027020553067244,13,10,NA,"How confident are you about your answers, on the whole?",5: 50-50
1728,b3ab388528c6115f1d85529f203b533fb84143f467acfc31d289bdc58c08d49d,a518dca8-66c5-4b51-85a5-bdcc4f9da03a,Probability Specialist V4,Probability Specialist V4,1,XXX,ordinal,1,0.6113992332437558,0.6113992332437558,"[2213, 2214, 2215, 2216, 2221, 2222, 2223, 2224, 2225, 2226, 2227, 2228, 2229, 2230, 2231, 2232, 2233, 2234, 2235, 2236, 2237, 2238, 2239, 2240, 2241, 2242, 2243, 2244, 2245, 2246, 2247, 2248, 2249, 2250, 2251, 2252, 2253, 2254, 2255, 2256, 2257, 2258, 2259, 2260, 2261, 2262, 2263, 2264]",0.37448460592730404,0.37448460592730404,0.4929419195855299,11,3,None//the diets increased HDL levels significantly,Does the text make any claims with great confidence? Highlight the relevant part.,Yes
1728,b3ab388528c6115f1d85529f203b533fb84143f467acfc31d289bdc58c08d49d,a518dca8-66c5-4b51-85a5-bdcc4f9da03a,Probability Specialist V4,Probability Specialist V4,2,XXX,ordinal,2,0.7882545281188738,0.7882545281188738,[],NA,NA,0.7882545281188738,11,5,NA,To what extent does the confidence seem justified?,Mostly justified
1728,b3ab388528c6115f1d85529f203b533fb84143f467acfc31d289bdc58c08d49d,a518dca8-66c5-4b51-85a5-bdcc4f9da03a,Probability Specialist V4,Probability Specialist V4,5,XXX,ordinal,2,0.6166240708746678,0.6166240708746678,L,L,L,0.3083120354373339,11,3,N/A,"Does the text acknowledge that their favored theory is in any way uncertain? If so, highlight the relevant section.","Yes, implicitly"
1728,b3ab388528c6115f1d85529f203b533fb84143f467acfc31d289bdc58c08d49d,a518dca8-66c5-4b51-85a5-bdcc4f9da03a,Probability Specialist V4,Probability Specialist V4,6,XXX,ordinal,1,0.7958243190060779,0.7958243190060779,[],NA,NA,0.7958243190060779,11,3,NA,Are any numbers given?,No
1728,b3ab388528c6115f1d85529f203b533fb84143f467acfc31d289bdc58c08d49d,a518dca8-66c5-4b51-85a5-bdcc4f9da03a,Probability Specialist V4,Probability Specialist V4,7,0,ordinal,U,1.0,1.0,U,U,U,0.5,1,5,U,"Since a number is given, is a comparison number for a similar case given for context?",U
1728,b3ab388528c6115f1d85529f203b533fb84143f467acfc31d289bdc58c08d49d,a518dca8-66c5-4b51-85a5-bdcc4f9da03a,Probability Specialist V4,Probability Specialist V4,10,0,ordinal,U,1.0,1.0,U,U,U,0.5,1,3,U,"Does the text make a specific point estimate as if their probability estimate was definitely exactly right? (e.g. no “about,” “approximately,” or confidence intervals)",U
1728,b3ab388528c6115f1d85529f203b533fb84143f467acfc31d289bdc58c08d49d,a518dca8-66c5-4b51-85a5-bdcc4f9da03a,Probability Specialist V4,Probability Specialist V4,11,XXX,ordinal,3,0.7273784162544982,0.7273784162544982,"[2528, 2529, 2530, 2531, 2532, 2533, 2534, 2535, 2536, 2537, 2538, 2539, 2540, 2541, 2542, 2543, 2544, 2545, 2546, 2547, 2548, 2549, 2550, 2551, 2552, 2553, 2554, 2555, 2556, 2557, 2558, 2559, 2560, 2561, 2562, 2563, 2564, 2565]",0.30645146176911553,0.30645146176911553,0.5169149390118069,11,4,scientists haven’t conclusively proven,Does the text acknowledge that additional evidence might shift our understanding of the topics discussed in the article?,I can't tell
1728,b3ab388528c6115f1d85529f203b533fb84143f467acfc31d289bdc58c08d49d,a518dca8-66c5-4b51-85a5-bdcc4f9da03a,Probability Specialist V4,Probability Specialist V4,12,0,ordinal,M,0.7387138949015927,0.7387138949015927,M,M,M,0.36935694745079634,3,4,M,Does the text acknowledge the possibility of additional evidence that would (check all that apply):,M
1728,b3ab388528c6115f1d85529f203b533fb84143f467acfc31d289bdc58c08d49d,a518dca8-66c5-4b51-85a5-bdcc4f9da03a,Probability Specialist V4,Probability Specialist V4,14,XXX,ordinal,7,0.803887140367287,0.803887140367287,[],NA,NA,0.803887140367287,11,10,NA,"How confident are you about your answers, on the whole?",7
1737,c35844f62ee12d09c0450281624c89e2533bbb621f23dd1b7062a6ee26ae2b97,a6680bd3-69d4-479f-9e9c-cf8518691c7d,Probability Specialist V4,Probability Specialist V4,1,0,ordinal,U,1.0,1.0,U,U,U,0.5,1,3,U,Does the text make any claims with great confidence? Highlight the relevant part.,U
1737,c35844f62ee12d09c0450281624c89e2533bbb621f23dd1b7062a6ee26ae2b97,a6680bd3-69d4-479f-9e9c-cf8518691c7d,Probability Specialist V4,Probability Specialist V4,2,0,ordinal,U,1.0,1.0,U,U,U,0.5,1,5,U,To what extent does the confidence seem justified?,U
1737,c35844f62ee12d09c0450281624c89e2533bbb621f23dd1b7062a6ee26ae2b97,a6680bd3-69d4-479f-9e9c-cf8518691c7d,Probability Specialist V4,Probability Specialist V4,5,0,ordinal,U,1.0,1.0,U,U,U,0.5,1,3,U,"Does the text acknowledge that their favored theory is in any way uncertain? If so, highlight the relevant section.",U
1737,c35844f62ee12d09c0450281624c89e2533bbb621f23dd1b7062a6ee26ae2b97,a6680bd3-69d4-479f-9e9c-cf8518691c7d,Probability Specialist V4,Probability Specialist V4,6,0,ordinal,U,1.0,1.0,U,U,U,0.5,1,3,U,Are any numbers given?,U
1737,c35844f62ee12d09c0450281624c89e2533bbb621f23dd1b7062a6ee26ae2b97,a6680bd3-69d4-479f-9e9c-cf8518691c7d,Probability Specialist V4,Probability Specialist V4,11,0,ordinal,U,1.0,1.0,U,U,U,0.5,1,4,U,Does the text acknowledge that additional evidence might shift our understanding of the topics discussed in the article?,U
1737,c35844f62ee12d09c0450281624c89e2533bbb621f23dd1b7062a6ee26ae2b97,a6680bd3-69d4-479f-9e9c-cf8518691c7d,Probability Specialist V4,Probability Specialist V4,12,0,ordinal,U,1.0,1.0,U,U,U,0.5,1,4,U,Does the text acknowledge the possibility of additional evidence that would (check all that apply):,U
1737,c35844f62ee12d09c0450281624c89e2533bbb621f23dd1b7062a6ee26ae2b97,a6680bd3-69d4-479f-9e9c-cf8518691c7d,Probability Specialist V4,Probability Specialist V4,14,0,ordinal,U,1.0,1.0,U,U,U,0.5,1,10,U,"How confident are you about your answers, on the whole?",U
1739,a6a4d058630efccca1ce1f7e636ca8f3e392460db4e62c2280617edc9b209be0,a8e227be-2cf0-417a-a301-0a838ab31bf5,Probability Specialist V4,Probability Specialist V4,1,0,ordinal,U,0.7369655941662062,0.7369655941662062,U,U,U,0.3684827970831031,2,3,U,Does the text make any claims with great confidence? Highlight the relevant part.,U
1739,a6a4d058630efccca1ce1f7e636ca8f3e392460db4e62c2280617edc9b209be0,a8e227be-2cf0-417a-a301-0a838ab31bf5,Probability Specialist V4,Probability Specialist V4,2,0,ordinal,U,0.9855004303048849,0.9855004303048849,U,U,U,0.49275021515244244,2,5,U,To what extent does the confidence seem justified?,U
1739,a6a4d058630efccca1ce1f7e636ca8f3e392460db4e62c2280617edc9b209be0,a8e227be-2cf0-417a-a301-0a838ab31bf5,Probability Specialist V4,Probability Specialist V4,5,0,ordinal,U,1.0,1.0,U,U,U,0.5,2,3,U,"Does the text acknowledge that their favored theory is in any way uncertain? If so, highlight the relevant section.",U
1739,a6a4d058630efccca1ce1f7e636ca8f3e392460db4e62c2280617edc9b209be0,a8e227be-2cf0-417a-a301-0a838ab31bf5,Probability Specialist V4,Probability Specialist V4,6,0,ordinal,U,0.4150374992788439,0.4150374992788439,U,U,U,0.20751874963942196,2,3,U,Are any numbers given?,U
1739,a6a4d058630efccca1ce1f7e636ca8f3e392460db4e62c2280617edc9b209be0,a8e227be-2cf0-417a-a301-0a838ab31bf5,Probability Specialist V4,Probability Specialist V4,7,0,ordinal,U,1.0,1.0,U,U,U,0.5,1,5,U,"Since a number is given, is a comparison number for a similar case given for context?",U
1739,a6a4d058630efccca1ce1f7e636ca8f3e392460db4e62c2280617edc9b209be0,a8e227be-2cf0-417a-a301-0a838ab31bf5,Probability Specialist V4,Probability Specialist V4,10,0,ordinal,U,1.0,1.0,U,U,U,0.5,1,3,U,"Does the text make a specific point estimate as if their probability estimate was definitely exactly right? (e.g. no “about,” “approximately,” or confidence intervals)",U
1739,a6a4d058630efccca1ce1f7e636ca8f3e392460db4e62c2280617edc9b209be0,a8e227be-2cf0-417a-a301-0a838ab31bf5,Probability Specialist V4,Probability Specialist V4,11,0,ordinal,U,0.5849625007211562,0.5849625007211562,U,U,U,0.2924812503605781,2,4,U,Does the text acknowledge that additional evidence might shift our understanding of the topics discussed in the article?,U
1739,a6a4d058630efccca1ce1f7e636ca8f3e392460db4e62c2280617edc9b209be0,a8e227be-2cf0-417a-a301-0a838ab31bf5,Probability Specialist V4,Probability Specialist V4,12,0,ordinal,U,0.8073549220576041,0.8073549220576041,U,U,U,0.40367746102880203,1,4,U,Does the text acknowledge the possibility of additional evidence that would (check all that apply):,U
1739,a6a4d058630efccca1ce1f7e636ca8f3e392460db4e62c2280617edc9b209be0,a8e227be-2cf0-417a-a301-0a838ab31bf5,Probability Specialist V4,Probability Specialist V4,14,0,ordinal,U,0.925999418556223,0.925999418556223,U,U,U,0.4629997092781115,2,10,U,"How confident are you about your answers, on the whole?",U
1731,bad910fd0ffb399b223269afb4f75029d6e91fb55362ccaad4f28685ff1dc61e,aab06d77-d2a7-4c1a-ac86-7b44988a4b73,Probability Specialist V4,Probability Specialist V4,1,0,ordinal,U,1.0,1.0,U,U,U,0.5,1,3,U,Does the text make any claims with great confidence? Highlight the relevant part.,U
1731,bad910fd0ffb399b223269afb4f75029d6e91fb55362ccaad4f28685ff1dc61e,aab06d77-d2a7-4c1a-ac86-7b44988a4b73,Probability Specialist V4,Probability Specialist V4,2,0,ordinal,U,1.0,1.0,U,U,U,0.5,1,5,U,To what extent does the confidence seem justified?,U
1731,bad910fd0ffb399b223269afb4f75029d6e91fb55362ccaad4f28685ff1dc61e,aab06d77-d2a7-4c1a-ac86-7b44988a4b73,Probability Specialist V4,Probability Specialist V4,5,0,ordinal,U,1.0,1.0,U,U,U,0.5,1,3,U,"Does the text acknowledge that their favored theory is in any way uncertain? If so, highlight the relevant section.",U
1731,bad910fd0ffb399b223269afb4f75029d6e91fb55362ccaad4f28685ff1dc61e,aab06d77-d2a7-4c1a-ac86-7b44988a4b73,Probability Specialist V4,Probability Specialist V4,6,0,ordinal,U,1.0,1.0,U,U,U,0.5,1,3,U,Are any numbers given?,U
1731,bad910fd0ffb399b223269afb4f75029d6e91fb55362ccaad4f28685ff1dc61e,aab06d77-d2a7-4c1a-ac86-7b44988a4b73,Probability Specialist V4,Probability Specialist V4,11,0,ordinal,U,1.0,1.0,U,U,U,0.5,1,4,U,Does the text acknowledge that additional evidence might shift our understanding of the topics discussed in the article?,U
1731,bad910fd0ffb399b223269afb4f75029d6e91fb55362ccaad4f28685ff1dc61e,aab06d77-d2a7-4c1a-ac86-7b44988a4b73,Probability Specialist V4,Probability Specialist V4,14,0,ordinal,U,1.0,1.0,U,U,U,0.5,1,10,U,"How confident are you about your answers, on the whole?",U
1728,b3ab388528c6115f1d85529f203b533fb84143f467acfc31d289bdc58c08d49d,bdc4220c-ae4b-4678-a463-b05dca7b77d2,Probability Specialist V4,Probability Specialist V4,1,XXX,ordinal,1,0.9189057799051339,0.9189057799051339,"[3086, 3087, 3088, 3089, 3090, 3091, 3092]",0.19620989512347387,0.19114091392695287,0.5575578375143039,12,3,We know,Does the text make any claims with great confidence? Highlight the relevant part.,Yes
1728,b3ab388528c6115f1d85529f203b533fb84143f467acfc31d289bdc58c08d49d,bdc4220c-ae4b-4678-a463-b05dca7b77d2,Probability Specialist V4,Probability Specialist V4,2,XXX,ordinal,3,0.8088286353081535,0.8088286353081535,[],NA,NA,0.8088286353081535,12,5,NA,To what extent does the confidence seem justified?,Somewhat justified
1728,b3ab388528c6115f1d85529f203b533fb84143f467acfc31d289bdc58c08d49d,bdc4220c-ae4b-4678-a463-b05dca7b77d2,Probability Specialist V4,Probability Specialist V4,5,XXX,ordinal,3,0.9773466659180378,0.9773466659180378,L,L,L,0.4886733329590189,12,3,N/A,"Does the text acknowledge that their favored theory is in any way uncertain? If so, highlight the relevant section.",No
1728,b3ab388528c6115f1d85529f203b533fb84143f467acfc31d289bdc58c08d49d,bdc4220c-ae4b-4678-a463-b05dca7b77d2,Probability Specialist V4,Probability Specialist V4,6,XXX,ordinal,1,1.0,1.0,[],NA,NA,1.0,12,3,NA,Are any numbers given?,No
1728,b3ab388528c6115f1d85529f203b533fb84143f467acfc31d289bdc58c08d49d,bdc4220c-ae4b-4678-a463-b05dca7b77d2,Probability Specialist V4,Probability Specialist V4,11,XXX,ordinal,2,0.6327614163694963,0.6327614163694963,"[3213, 3214, 3215, 3216, 3217, 3218, 3219, 3220, 3221, 3222, 3223, 3224, 3225, 3226, 3227, 3228, 3229, 3230, 3231, 3232, 3233, 3234, 3235, 3236, 3237, 3238, 3239, 3240, 3241]",0.4476064218583259,0.3248221486966173,0.5401839191139111,12,4,probably more than one reason,Does the text acknowledge that additional evidence might shift our understanding of the topics discussed in the article?,"Yes, implicitly"
1728,b3ab388528c6115f1d85529f203b533fb84143f467acfc31d289bdc58c08d49d,bdc4220c-ae4b-4678-a463-b05dca7b77d2,Probability Specialist V4,Probability Specialist V4,12,XXX,ordinal,3,0.8764139158675059,0.8764139158675059,L,L,L,0.43820695793375297,5,4,N/A,Does the text acknowledge the possibility of additional evidence that would (check all that apply):,Add evidence to the claim
1728,b3ab388528c6115f1d85529f203b533fb84143f467acfc31d289bdc58c08d49d,bdc4220c-ae4b-4678-a463-b05dca7b77d2,Probability Specialist V4,Probability Specialist V4,14,XXX,ordinal,7,0.8313644260424261,0.8313644260424261,[],NA,NA,0.8313644260424261,12,10,NA,"How confident are you about your answers, on the whole?",7
1731,bad910fd0ffb399b223269afb4f75029d6e91fb55362ccaad4f28685ff1dc61e,c02cfc14-2993-4bbc-a1a1-4693f0ea0abe,Probability Specialist V4,Probability Specialist V4,1,XXX,ordinal,2,0.6838582616694376,0.6838582616694376,"[565, 566, 567, 568, 569, 570, 571, 572, 573, 574, 575, 576, 577, 578]",0.3088368609590739,0.3088368609590739,0.4963475613142558,12,3,has apparently,Does the text make any claims with great confidence? Highlight the relevant part.,Maybe
1731,bad910fd0ffb399b223269afb4f75029d6e91fb55362ccaad4f28685ff1dc61e,c02cfc14-2993-4bbc-a1a1-4693f0ea0abe,Probability Specialist V4,Probability Specialist V4,2,XXX,ordinal,2,0.6866879778291937,0.6866879778291937,[],NA,NA,0.6866879778291937,12,5,NA,To what extent does the confidence seem justified?,Mostly justified
1731,bad910fd0ffb399b223269afb4f75029d6e91fb55362ccaad4f28685ff1dc61e,c02cfc14-2993-4bbc-a1a1-4693f0ea0abe,Probability Specialist V4,Probability Specialist V4,5,XXX,ordinal,3,0.6879896910350257,0.6879896910350257,"[569, 570, 571, 572, 573, 574, 575, 576, 577, 578]",0.7313418579443755,0.7313418579443755,0.7096657744897006,12,3,apparently,"Does the text acknowledge that their favored theory is in any way uncertain? If so, highlight the relevant section.",No
1731,bad910fd0ffb399b223269afb4f75029d6e91fb55362ccaad4f28685ff1dc61e,c02cfc14-2993-4bbc-a1a1-4693f0ea0abe,Probability Specialist V4,Probability Specialist V4,6,XXX,ordinal,1,1.0,1.0,[],NA,NA,1.0,12,3,NA,Are any numbers given?,No
1731,bad910fd0ffb399b223269afb4f75029d6e91fb55362ccaad4f28685ff1dc61e,c02cfc14-2993-4bbc-a1a1-4693f0ea0abe,Probability Specialist V4,Probability Specialist V4,11,XXX,ordinal,3,0.7788900148005601,0.7788900148005601,L,L,L,0.38944500740028004,12,4,N/A,Does the text acknowledge that additional evidence might shift our understanding of the topics discussed in the article?,I can't tell
1731,bad910fd0ffb399b223269afb4f75029d6e91fb55362ccaad4f28685ff1dc61e,c02cfc14-2993-4bbc-a1a1-4693f0ea0abe,Probability Specialist V4,Probability Specialist V4,12,0,ordinal,U,1.0,1.0,U,U,U,0.5,1,4,U,Does the text acknowledge the possibility of additional evidence that would (check all that apply):,U
1731,bad910fd0ffb399b223269afb4f75029d6e91fb55362ccaad4f28685ff1dc61e,c02cfc14-2993-4bbc-a1a1-4693f0ea0abe,Probability Specialist V4,Probability Specialist V4,14,XXX,ordinal,6,0.8006240210491449,0.8006240210491449,[],NA,NA,0.8006240210491449,12,10,NA,"How confident are you about your answers, on the whole?",6
1728,b3ab388528c6115f1d85529f203b533fb84143f467acfc31d289bdc58c08d49d,d0f68b50-fde6-4e33-bd5a-a2afe2836c97,Probability Specialist V4,Probability Specialist V4,1,XXX,ordinal,1,0.62074047540105,0.62074047540105,"[261, 262, 263, 264, 265, 266, 267, 268, 269, 270, 271, 272, 273, 274, 275, 276]",0.465216982941137,0.2887262153644351,0.5429787291710935,12,3,at least in part,Does the text make any claims with great confidence? Highlight the relevant part.,Yes
1728,b3ab388528c6115f1d85529f203b533fb84143f467acfc31d289bdc58c08d49d,d0f68b50-fde6-4e33-bd5a-a2afe2836c97,Probability Specialist V4,Probability Specialist V4,2,XXX,ordinal,2,0.8082213927893762,0.8082213927893762,[],NA,NA,0.8082213927893762,12,5,NA,To what extent does the confidence seem justified?,Mostly justified
1728,b3ab388528c6115f1d85529f203b533fb84143f467acfc31d289bdc58c08d49d,d0f68b50-fde6-4e33-bd5a-a2afe2836c97,Probability Specialist V4,Probability Specialist V4,5,XXX,ordinal,2,0.707518749639422,0.707518749639422,L,L,L,0.353759374819711,12,3,N/A,"Does the text acknowledge that their favored theory is in any way uncertain? If so, highlight the relevant section.","Yes, implicitly"
1728,b3ab388528c6115f1d85529f203b533fb84143f467acfc31d289bdc58c08d49d,d0f68b50-fde6-4e33-bd5a-a2afe2836c97,Probability Specialist V4,Probability Specialist V4,6,XXX,ordinal,1,0.9189057799051339,0.9189057799051339,L,L,L,0.45945288995256695,12,3,N/A,Are any numbers given?,No
1728,b3ab388528c6115f1d85529f203b533fb84143f467acfc31d289bdc58c08d49d,d0f68b50-fde6-4e33-bd5a-a2afe2836c97,Probability Specialist V4,Probability Specialist V4,7,0,ordinal,U,1.0,1.0,U,U,U,0.5,1,5,U,"Since a number is given, is a comparison number for a similar case given for context?",U
1728,b3ab388528c6115f1d85529f203b533fb84143f467acfc31d289bdc58c08d49d,d0f68b50-fde6-4e33-bd5a-a2afe2836c97,Probability Specialist V4,Probability Specialist V4,10,0,ordinal,U,1.0,1.0,U,U,U,0.5,1,3,U,"Does the text make a specific point estimate as if their probability estimate was definitely exactly right? (e.g. no “about,” “approximately,” or confidence intervals)",U
1728,b3ab388528c6115f1d85529f203b533fb84143f467acfc31d289bdc58c08d49d,d0f68b50-fde6-4e33-bd5a-a2afe2836c97,Probability Specialist V4,Probability Specialist V4,11,XXX,ordinal,4,0.767606841912666,0.767606841912666,L,L,L,0.383803420956333,12,4,N/A,Does the text acknowledge that additional evidence might shift our understanding of the topics discussed in the article?,"No, not at all"
1728,b3ab388528c6115f1d85529f203b533fb84143f467acfc31d289bdc58c08d49d,d0f68b50-fde6-4e33-bd5a-a2afe2836c97,Probability Specialist V4,Probability Specialist V4,12,0,ordinal,U,0.8073549220576041,0.8073549220576041,U,U,U,0.40367746102880203,1,4,U,Does the text acknowledge the possibility of additional evidence that would (check all that apply):,U
1728,b3ab388528c6115f1d85529f203b533fb84143f467acfc31d289bdc58c08d49d,d0f68b50-fde6-4e33-bd5a-a2afe2836c97,Probability Specialist V4,Probability Specialist V4,14,XXX,ordinal,8,0.8358611266224651,0.8358611266224651,[],NA,NA,0.8358611266224651,12,10,NA,"How confident are you about your answers, on the whole?",8
1739,a6a4d058630efccca1ce1f7e636ca8f3e392460db4e62c2280617edc9b209be0,d36cc9a6-fedd-4bd5-a7bc-978a12535c95,Probability Specialist V4,Probability Specialist V4,1,XXX,ordinal,1,0.8530339859564858,0.8530339859564858,"[6840, 6841, 6842, 6843, 6844, 6845, 6846, 6847, 6848, 6849, 6850, 6851, 6852, 6853, 6854, 6855]",0.4310119901976832,0.4310119901976832,0.6420229880770845,12,3,the same risk as,Does the text make any claims with great confidence? Highlight the relevant part.,Yes
1739,a6a4d058630efccca1ce1f7e636ca8f3e392460db4e62c2280617edc9b209be0,d36cc9a6-fedd-4bd5-a7bc-978a12535c95,Probability Specialist V4,Probability Specialist V4,2,XXX,ordinal,3,0.7327594771631538,0.7327594771631538,[],NA,NA,0.7327594771631538,12,5,NA,To what extent does the confidence seem justified?,Somewhat justified
1739,a6a4d058630efccca1ce1f7e636ca8f3e392460db4e62c2280617edc9b209be0,d36cc9a6-fedd-4bd5-a7bc-978a12535c95,Probability Specialist V4,Probability Specialist V4,5,XXX,ordinal,3,0.6141379951385052,0.6141379951385052,L,L,L,0.3070689975692526,12,3,N/A,"Does the text acknowledge that their favored theory is in any way uncertain? If so, highlight the relevant section.",No
1739,a6a4d058630efccca1ce1f7e636ca8f3e392460db4e62c2280617edc9b209be0,d36cc9a6-fedd-4bd5-a7bc-978a12535c95,Probability Specialist V4,Probability Specialist V4,6,XXX,ordinal,1,1.0,1.0,[],NA,NA,1.0,12,3,NA,Are any numbers given?,No
1739,a6a4d058630efccca1ce1f7e636ca8f3e392460db4e62c2280617edc9b209be0,d36cc9a6-fedd-4bd5-a7bc-978a12535c95,Probability Specialist V4,Probability Specialist V4,11,XXX,ordinal,3,0.7740381219969352,0.7740381219969352,L,L,L,0.3870190609984676,12,4,N/A,Does the text acknowledge that additional evidence might shift our understanding of the topics discussed in the article?,I can't tell
1739,a6a4d058630efccca1ce1f7e636ca8f3e392460db4e62c2280617edc9b209be0,d36cc9a6-fedd-4bd5-a7bc-978a12535c95,Probability Specialist V4,Probability Specialist V4,12,XXX,ordinal,4,1.0,1.0,L,L,L,0.5,4,4,N/A,Does the text acknowledge the possibility of additional evidence that would (check all that apply):,Illuminate further aspects of the claim
1739,a6a4d058630efccca1ce1f7e636ca8f3e392460db4e62c2280617edc9b209be0,d36cc9a6-fedd-4bd5-a7bc-978a12535c95,Probability Specialist V4,Probability Specialist V4,14,XXX,ordinal,7,0.8859483671391206,0.8859483671391206,[],NA,NA,0.8859483671391206,12,10,NA,"How confident are you about your answers, on the whole?",7
1731,bad910fd0ffb399b223269afb4f75029d6e91fb55362ccaad4f28685ff1dc61e,d3c4ef19-4147-4d5e-9a2e-b9077308c818,Probability Specialist V4,Probability Specialist V4,1,XXX,ordinal,3,0.6755517946523557,0.6755517946523557,"[9086, 9087, 9088, 9089, 9090]",0.7584481834480294,0.7584481834480294,0.7169999890501926,12,3,seems,Does the text make any claims with great confidence? Highlight the relevant part.,No
1731,bad910fd0ffb399b223269afb4f75029d6e91fb55362ccaad4f28685ff1dc61e,d3c4ef19-4147-4d5e-9a2e-b9077308c818,Probability Specialist V4,Probability Specialist V4,2,XXX,ordinal,3,0.6937809990113853,0.6937809990113853,[],NA,NA,0.6937809990113853,12,5,NA,To what extent does the confidence seem justified?,Somewhat justified
1731,bad910fd0ffb399b223269afb4f75029d6e91fb55362ccaad4f28685ff1dc61e,d3c4ef19-4147-4d5e-9a2e-b9077308c818,Probability Specialist V4,Probability Specialist V4,5,XXX,ordinal,2,0.6451619113216152,0.6451619113216152,L,L,L,0.3225809556608076,12,3,N/A,"Does the text acknowledge that their favored theory is in any way uncertain? If so, highlight the relevant section.","Yes, implicitly"
1731,bad910fd0ffb399b223269afb4f75029d6e91fb55362ccaad4f28685ff1dc61e,d3c4ef19-4147-4d5e-9a2e-b9077308c818,Probability Specialist V4,Probability Specialist V4,6,XXX,ordinal,1,0.9189057799051339,0.9189057799051339,L,L,L,0.45945288995256695,12,3,N/A,Are any numbers given?,No
1731,bad910fd0ffb399b223269afb4f75029d6e91fb55362ccaad4f28685ff1dc61e,d3c4ef19-4147-4d5e-9a2e-b9077308c818,Probability Specialist V4,Probability Specialist V4,7,0,ordinal,U,1.0,1.0,U,U,U,0.5,1,5,U,"Since a number is given, is a comparison number for a similar case given for context?",U
1731,bad910fd0ffb399b223269afb4f75029d6e91fb55362ccaad4f28685ff1dc61e,d3c4ef19-4147-4d5e-9a2e-b9077308c818,Probability Specialist V4,Probability Specialist V4,10,0,ordinal,U,1.0,1.0,U,U,U,0.5,1,3,U,"Does the text make a specific point estimate as if their probability estimate was definitely exactly right? (e.g. no “about,” “approximately,” or confidence intervals)",U
1731,bad910fd0ffb399b223269afb4f75029d6e91fb55362ccaad4f28685ff1dc61e,d3c4ef19-4147-4d5e-9a2e-b9077308c818,Probability Specialist V4,Probability Specialist V4,11,XXX,ordinal,3,0.7740381219969353,0.7740381219969353,L,L,L,0.38701906099846767,12,4,N/A,Does the text acknowledge that additional evidence might shift our understanding of the topics discussed in the article?,I can't tell
1731,bad910fd0ffb399b223269afb4f75029d6e91fb55362ccaad4f28685ff1dc61e,d3c4ef19-4147-4d5e-9a2e-b9077308c818,Probability Specialist V4,Probability Specialist V4,12,0,ordinal,U,0.9740917395500914,0.9740917395500914,U,U,U,0.4870458697750457,2,4,U,Does the text acknowledge the possibility of additional evidence that would (check all that apply):,U
1731,bad910fd0ffb399b223269afb4f75029d6e91fb55362ccaad4f28685ff1dc61e,d3c4ef19-4147-4d5e-9a2e-b9077308c818,Probability Specialist V4,Probability Specialist V4,14,XXX,ordinal,8,0.7849556709684711,0.7849556709684711,[],NA,NA,0.7849556709684711,12,10,NA,"How confident are you about your answers, on the whole?",8
