schema_namespace,schema_sha256,quiz_task_uuid,task_url,article_batch_name,article_number,article_filename,article_sha256,quiz_taskrun_uuid,contributor_uuid,topic_name,question_label,question_text,answer_label,answer_content,answer_uuid,submitted_tua_uuid,answer_text,case_number,start_pos,end_pos,target_text,source_text_length
LanguageSpecialist_2018_08_24,ac4621272fae57b70487dae75abece3740d59f32c812e39883464d216fc3d5cd,ef335a02-a550-4d8b-9cbd-fb6622ad8c8f,https://pe.goodlylabs.org/project/DemoLang/task/1247,Demo2,1712,1712SSSArticle12.txt,38428e24cdfa0392f3f5e1efda3253ffab6d7ed3051b1dee9f209f871ca91e2c,b5e91993-374b-49ee-841d-1d116df6a9dc,2abbe1a3-c9a7-41ab-9738-64ca86756d37,Language Specialist V3,T1.Q1,"Which of the following appears in the bolded text to the left? Check all that apply, or none, and highlight the part of the passage in which you see each.",T1.Q1.A1,Metaphorical Language,96bca7a1-0be8-42bf-b9d8-bb03b45ea122,b5e91993-374b-49ee-841d-1d116df6a9dc,Metaphorical Language,1,844,858,wind up hooked,5385
LanguageSpecialist_2018_08_24,ac4621272fae57b70487dae75abece3740d59f32c812e39883464d216fc3d5cd,ef335a02-a550-4d8b-9cbd-fb6622ad8c8f,https://pe.goodlylabs.org/project/DemoLang/task/1247,Demo2,1712,1712SSSArticle12.txt,38428e24cdfa0392f3f5e1efda3253ffab6d7ed3051b1dee9f209f871ca91e2c,b1c6e5ce-8466-4c20-84d1-ca40fd4c17f6,2abbe1a3-c9a7-41ab-9738-64ca86756d37,Language Specialist V3,T1.Q1,"Which of the following appears in the bolded text to the left? Check all that apply, or none, and highlight the part of the passage in which you see each.",T1.Q1.A2,Exaggeration,67a95b42-1bf4-4b81-9113-3917291ad12f,b1c6e5ce-8466-4c20-84d1-ca40fd4c17f6,Exaggeration,1,585,603,so shockingly high,5385
LanguageSpecialist_2018_08_24,ac4621272fae57b70487dae75abece3740d59f32c812e39883464d216fc3d5cd,ef335a02-a550-4d8b-9cbd-fb6622ad8c8f,https://pe.goodlylabs.org/project/DemoLang/task/1247,Demo2,1712,1712SSSArticle12.txt,38428e24cdfa0392f3f5e1efda3253ffab6d7ed3051b1dee9f209f871ca91e2c,d2aadc4d-c503-4ddf-892e-a0d1decad95b,2abbe1a3-c9a7-41ab-9738-64ca86756d37,Language Specialist V3,T1.Q1,"Which of the following appears in the bolded text to the left? Check all that apply, or none, and highlight the part of the passage in which you see each.",T1.Q1.A5,Shock or surprise,11b71a76-0b92-4b01-8924-3aaf44a8dceb,d2aadc4d-c503-4ddf-892e-a0d1decad95b,Shock or surprise,1,585,603,so shockingly high,5385
LanguageSpecialist_2018_08_24,ac4621272fae57b70487dae75abece3740d59f32c812e39883464d216fc3d5cd,ef335a02-a550-4d8b-9cbd-fb6622ad8c8f,https://pe.goodlylabs.org/project/DemoLang/task/1247,Demo2,1712,1712SSSArticle12.txt,38428e24cdfa0392f3f5e1efda3253ffab6d7ed3051b1dee9f209f871ca91e2c,1940d10d-7188-4d21-aa13-10933d06ef78,2abbe1a3-c9a7-41ab-9738-64ca86756d37,Language Specialist V3,T1.Q1,"Which of the following appears in the bolded text to the left? Check all that apply, or none, and highlight the part of the passage in which you see each.",T1.Q1.A6,Slang,0bddd655-dd94-45d6-b469-86953b983701,1940d10d-7188-4d21-aa13-10933d06ef78,Slang,1,844,858,wind up hooked,5385
LanguageSpecialist_2018_08_24,ac4621272fae57b70487dae75abece3740d59f32c812e39883464d216fc3d5cd,ef335a02-a550-4d8b-9cbd-fb6622ad8c8f,https://pe.goodlylabs.org/project/DemoLang/task/1247,Demo2,1712,1712SSSArticle12.txt,38428e24cdfa0392f3f5e1efda3253ffab6d7ed3051b1dee9f209f871ca91e2c,a9b2648e-e4cf-41ed-9489-d7e66f9ed305,2abbe1a3-c9a7-41ab-9738-64ca86756d37,Language Specialist V3,T1.Q1,"Which of the following appears in the bolded text to the left? Check all that apply, or none, and highlight the part of the passage in which you see each.",T1.Q1.A12,Other problem with language,061d1a1c-ae3a-4238-bccc-9fb36ae60613,a9b2648e-e4cf-41ed-9489-d7e66f9ed305,Other problem with language,1,2167,2173,hugely,5385
LanguageSpecialist_2018_08_24,ac4621272fae57b70487dae75abece3740d59f32c812e39883464d216fc3d5cd,ef335a02-a550-4d8b-9cbd-fb6622ad8c8f,https://pe.goodlylabs.org/project/DemoLang/task/1247,Demo2,1712,1712SSSArticle12.txt,38428e24cdfa0392f3f5e1efda3253ffab6d7ed3051b1dee9f209f871ca91e2c,ecf7eb72-4c53-4dba-a87b-8f64e2204b82,2abbe1a3-c9a7-41ab-9738-64ca86756d37,Language Specialist V3,T1.Q12,"Does the passage contain a particularly neutral, circumspect, or measured account of a frequently heated issue? If so, please offer them kudos.",T1.Q12.A1,Nope,6cf6e5c3-63be-4c97-b980-3b9d786c86bc,ecf7eb72-4c53-4dba-a87b-8f64e2204b82,Nope,1,737,858,"Patients seek relief from some minor problem like a toothache or back pain, leave with a prescription, and wind up hooked",5385
LanguageSpecialist_2018_08_24,ac4621272fae57b70487dae75abece3740d59f32c812e39883464d216fc3d5cd,755877c4-7dc1-401e-894a-04b9d70e70e7,https://pe.goodlylabs.org/project/DemoLang/task/1248,SSSPETest2-Demo1,1737,1737SSSArticle.txt,c35844f62ee12d09c0450281624c89e2533bbb621f23dd1b7062a6ee26ae2b97,48f2b74d-35d9-4b77-9d9e-ad6d06afbd97,2abbe1a3-c9a7-41ab-9738-64ca86756d37,Language Specialist V3,T1.Q1,"Which of the following appears in the bolded text to the left? Check all that apply, or none, and highlight the part of the passage in which you see each.",T1.Q1.A1,Metaphorical Language,96bca7a1-0be8-42bf-b9d8-bb03b45ea122,48f2b74d-35d9-4b77-9d9e-ad6d06afbd97,Metaphorical Language,1,633,641,shocking,2342
LanguageSpecialist_2018_08_24,ac4621272fae57b70487dae75abece3740d59f32c812e39883464d216fc3d5cd,755877c4-7dc1-401e-894a-04b9d70e70e7,https://pe.goodlylabs.org/project/DemoLang/task/1248,SSSPETest2-Demo1,1737,1737SSSArticle.txt,c35844f62ee12d09c0450281624c89e2533bbb621f23dd1b7062a6ee26ae2b97,3c1f6b32-542f-4278-a98a-f5b05bc5e800,2abbe1a3-c9a7-41ab-9738-64ca86756d37,Language Specialist V3,T1.Q1,"Which of the following appears in the bolded text to the left? Check all that apply, or none, and highlight the part of the passage in which you see each.",T1.Q1.A5,Shock or surprise,11b71a76-0b92-4b01-8924-3aaf44a8dceb,3c1f6b32-542f-4278-a98a-f5b05bc5e800,Shock or surprise,1,633,641,shocking,2342
LanguageSpecialist_2018_08_24,ac4621272fae57b70487dae75abece3740d59f32c812e39883464d216fc3d5cd,f108dd02-4869-4485-96c6-6b7ab391c281,https://pe.goodlylabs.org/project/DemoLang/task/1249,Demo2,1712,1712SSSArticle12.txt,38428e24cdfa0392f3f5e1efda3253ffab6d7ed3051b1dee9f209f871ca91e2c,216fef74-d034-4480-bb4c-98c0901d4fb6,2abbe1a3-c9a7-41ab-9738-64ca86756d37,Language Specialist V3,T1.Q1,"Which of the following appears in the bolded text to the left? Check all that apply, or none, and highlight the part of the passage in which you see each.",T1.Q1.A13,Nothing wrong with language,f9a2a481-869c-4620-b727-1eff5be163eb,216fef74-d034-4480-bb4c-98c0901d4fb6,Nothing wrong with language,1,641,656,A common belief,5385
LanguageSpecialist_2018_08_24,ac4621272fae57b70487dae75abece3740d59f32c812e39883464d216fc3d5cd,ef335a02-a550-4d8b-9cbd-fb6622ad8c8f,https://pe.goodlylabs.org/project/DemoLang/task/1247,Demo2,1712,1712SSSArticle12.txt,38428e24cdfa0392f3f5e1efda3253ffab6d7ed3051b1dee9f209f871ca91e2c,53a7a9ca-bd8e-400f-8147-0e8d76d57af1,e4a2f20b-0ee3-4d4c-a622-e392d1150ec8,Language Specialist V3,T1.Q1,"Which of the following appears in the bolded text to the left? Check all that apply, or none, and highlight the part of the passage in which you see each.",T1.Q1.A5,Shock or surprise,11b71a76-0b92-4b01-8924-3aaf44a8dceb,53a7a9ca-bd8e-400f-8147-0e8d76d57af1,Shock or surprise,1,585,598,so shockingly,5385
LanguageSpecialist_2018_08_24,ac4621272fae57b70487dae75abece3740d59f32c812e39883464d216fc3d5cd,ef335a02-a550-4d8b-9cbd-fb6622ad8c8f,https://pe.goodlylabs.org/project/DemoLang/task/1247,Demo2,1712,1712SSSArticle12.txt,38428e24cdfa0392f3f5e1efda3253ffab6d7ed3051b1dee9f209f871ca91e2c,66f9215d-d1b5-4983-815d-013d20a6919a,e4a2f20b-0ee3-4d4c-a622-e392d1150ec8,Language Specialist V3,T1.Q1,"Which of the following appears in the bolded text to the left? Check all that apply, or none, and highlight the part of the passage in which you see each.",T1.Q1.A6,Slang,0bddd655-dd94-45d6-b469-86953b983701,66f9215d-d1b5-4983-815d-013d20a6919a,Slang,1,844,858,wind up hooked,5385
LanguageSpecialist_2018_08_24,ac4621272fae57b70487dae75abece3740d59f32c812e39883464d216fc3d5cd,ef335a02-a550-4d8b-9cbd-fb6622ad8c8f,https://pe.goodlylabs.org/project/DemoLang/task/1247,Demo2,1712,1712SSSArticle12.txt,38428e24cdfa0392f3f5e1efda3253ffab6d7ed3051b1dee9f209f871ca91e2c,8618964a-7c0d-4476-9595-24bee821f20a,e4a2f20b-0ee3-4d4c-a622-e392d1150ec8,Language Specialist V3,T1.Q1,"Which of the following appears in the bolded text to the left? Check all that apply, or none, and highlight the part of the passage in which you see each.",T1.Q1.A1,Metaphorical Language,96bca7a1-0be8-42bf-b9d8-bb03b45ea122,8618964a-7c0d-4476-9595-24bee821f20a,Metaphorical Language,1,844,858,wind up hooked,5385
LanguageSpecialist_2018_08_24,ac4621272fae57b70487dae75abece3740d59f32c812e39883464d216fc3d5cd,755877c4-7dc1-401e-894a-04b9d70e70e7,https://pe.goodlylabs.org/project/DemoLang/task/1248,SSSPETest2-Demo1,1737,1737SSSArticle.txt,c35844f62ee12d09c0450281624c89e2533bbb621f23dd1b7062a6ee26ae2b97,29048ad6-8315-48eb-8d5e-2590df67696a,e4a2f20b-0ee3-4d4c-a622-e392d1150ec8,Language Specialist V3,T1.Q1,"Which of the following appears in the bolded text to the left? Check all that apply, or none, and highlight the part of the passage in which you see each.",T1.Q1.A5,Shock or surprise,11b71a76-0b92-4b01-8924-3aaf44a8dceb,29048ad6-8315-48eb-8d5e-2590df67696a,Shock or surprise,1,633,641,shocking,2342
LanguageSpecialist_2018_08_24,ac4621272fae57b70487dae75abece3740d59f32c812e39883464d216fc3d5cd,ef335a02-a550-4d8b-9cbd-fb6622ad8c8f,https://pe.goodlylabs.org/project/DemoLang/task/1247,Demo2,1712,1712SSSArticle12.txt,38428e24cdfa0392f3f5e1efda3253ffab6d7ed3051b1dee9f209f871ca91e2c,61ec0dff-b6a7-49c8-a77f-d6c979f3b6d0,789ee4ea-ea9b-4fa4-b25c-8fd978f82877,Language Specialist V3,T1.Q1,"Which of the following appears in the bolded text to the left? Check all that apply, or none, and highlight the part of the passage in which you see each.",T1.Q1.A2,Exaggeration,67a95b42-1bf4-4b81-9113-3917291ad12f,61ec0dff-b6a7-49c8-a77f-d6c979f3b6d0,Exaggeration,1,585,603,so shockingly high,5385
LanguageSpecialist_2018_08_24,ac4621272fae57b70487dae75abece3740d59f32c812e39883464d216fc3d5cd,ef335a02-a550-4d8b-9cbd-fb6622ad8c8f,https://pe.goodlylabs.org/project/DemoLang/task/1247,Demo2,1712,1712SSSArticle12.txt,38428e24cdfa0392f3f5e1efda3253ffab6d7ed3051b1dee9f209f871ca91e2c,3ce3db42-8494-4a30-b102-6c82548ff890,789ee4ea-ea9b-4fa4-b25c-8fd978f82877,Language Specialist V3,T1.Q1,"Which of the following appears in the bolded text to the left? Check all that apply, or none, and highlight the part of the passage in which you see each.",T1.Q1.A2,Exaggeration,67a95b42-1bf4-4b81-9113-3917291ad12f,3ce3db42-8494-4a30-b102-6c82548ff890,Exaggeration,2,768,858,"minor problem like a toothache or back pain, leave with a prescription, and wind up hooked",5385
LanguageSpecialist_2018_08_24,ac4621272fae57b70487dae75abece3740d59f32c812e39883464d216fc3d5cd,ef335a02-a550-4d8b-9cbd-fb6622ad8c8f,https://pe.goodlylabs.org/project/DemoLang/task/1247,Demo2,1712,1712SSSArticle12.txt,38428e24cdfa0392f3f5e1efda3253ffab6d7ed3051b1dee9f209f871ca91e2c,fc300291-a96b-4bfe-9916-cdf8e9c3a24c,789ee4ea-ea9b-4fa4-b25c-8fd978f82877,Language Specialist V3,T1.Q1,"Which of the following appears in the bolded text to the left? Check all that apply, or none, and highlight the part of the passage in which you see each.",T1.Q1.A5,Shock or surprise,11b71a76-0b92-4b01-8924-3aaf44a8dceb,fc300291-a96b-4bfe-9916-cdf8e9c3a24c,Shock or surprise,1,840,858,and wind up hooked,5385
LanguageSpecialist_2018_08_24,ac4621272fae57b70487dae75abece3740d59f32c812e39883464d216fc3d5cd,755877c4-7dc1-401e-894a-04b9d70e70e7,https://pe.goodlylabs.org/project/DemoLang/task/1248,SSSPETest2-Demo1,1737,1737SSSArticle.txt,c35844f62ee12d09c0450281624c89e2533bbb621f23dd1b7062a6ee26ae2b97,b4f14609-37e7-465c-b8ff-d91db82107e8,789ee4ea-ea9b-4fa4-b25c-8fd978f82877,Language Specialist V3,T1.Q1,"Which of the following appears in the bolded text to the left? Check all that apply, or none, and highlight the part of the passage in which you see each.",T1.Q1.A5,Shock or surprise,11b71a76-0b92-4b01-8924-3aaf44a8dceb,b4f14609-37e7-465c-b8ff-d91db82107e8,Shock or surprise,1,596,641,and some of the changes observed are shocking,2342
LanguageSpecialist_2018_08_24,ac4621272fae57b70487dae75abece3740d59f32c812e39883464d216fc3d5cd,755877c4-7dc1-401e-894a-04b9d70e70e7,https://pe.goodlylabs.org/project/DemoLang/task/1248,SSSPETest2-Demo1,1737,1737SSSArticle.txt,c35844f62ee12d09c0450281624c89e2533bbb621f23dd1b7062a6ee26ae2b97,c47f0eb2-d32b-4870-91fd-c927109b8292,789ee4ea-ea9b-4fa4-b25c-8fd978f82877,Language Specialist V3,T1.Q12,"Does the passage contain a particularly neutral, circumspect, or measured account of a frequently heated issue? If so, please offer them kudos.",T1.Q12.A2,Good job!,aae074a7-50cc-42ff-b6b7-84f5eb672283,c47f0eb2-d32b-4870-91fd-c927109b8292,Good job!,1,2005,2123,The scans also showed that the changes were more dramatic in the astronauts who spent months aboard the ISS as opposed,2342
LanguageSpecialist_2018_08_24,ac4621272fae57b70487dae75abece3740d59f32c812e39883464d216fc3d5cd,ef335a02-a550-4d8b-9cbd-fb6622ad8c8f,https://pe.goodlylabs.org/project/DemoLang/task/1247,Demo2,1712,1712SSSArticle12.txt,38428e24cdfa0392f3f5e1efda3253ffab6d7ed3051b1dee9f209f871ca91e2c,2489949f-1f22-4548-9c60-26ddb935ef86,4d73af15-21ec-432e-9ca0-cb19c21a62a3,Language Specialist V3,T1.Q1,"Which of the following appears in the bolded text to the left? Check all that apply, or none, and highlight the part of the passage in which you see each.",T1.Q1.A5,Shock or surprise,11b71a76-0b92-4b01-8924-3aaf44a8dceb,2489949f-1f22-4548-9c60-26ddb935ef86,Shock or surprise,1,585,603,so shockingly high,5385
LanguageSpecialist_2018_08_24,ac4621272fae57b70487dae75abece3740d59f32c812e39883464d216fc3d5cd,ef335a02-a550-4d8b-9cbd-fb6622ad8c8f,https://pe.goodlylabs.org/project/DemoLang/task/1247,Demo2,1712,1712SSSArticle12.txt,38428e24cdfa0392f3f5e1efda3253ffab6d7ed3051b1dee9f209f871ca91e2c,3bbef0de-be49-4270-8f3e-4068a3c5671b,4d73af15-21ec-432e-9ca0-cb19c21a62a3,Language Specialist V3,T1.Q1,"Which of the following appears in the bolded text to the left? Check all that apply, or none, and highlight the part of the passage in which you see each.",T1.Q1.A6,Slang,0bddd655-dd94-45d6-b469-86953b983701,3bbef0de-be49-4270-8f3e-4068a3c5671b,Slang,1,844,858,wind up hooked,5385
LanguageSpecialist_2018_08_24,ac4621272fae57b70487dae75abece3740d59f32c812e39883464d216fc3d5cd,ef335a02-a550-4d8b-9cbd-fb6622ad8c8f,https://pe.goodlylabs.org/project/DemoLang/task/1247,Demo2,1712,1712SSSArticle12.txt,38428e24cdfa0392f3f5e1efda3253ffab6d7ed3051b1dee9f209f871ca91e2c,b63a6ecd-bbf9-4a9b-bcb9-96faf1c493f0,4d73af15-21ec-432e-9ca0-cb19c21a62a3,Language Specialist V3,T1.Q1,"Which of the following appears in the bolded text to the left? Check all that apply, or none, and highlight the part of the passage in which you see each.",T1.Q1.A2,Exaggeration,67a95b42-1bf4-4b81-9113-3917291ad12f,b63a6ecd-bbf9-4a9b-bcb9-96faf1c493f0,Exaggeration,1,2167,2173,hugely,5385
LanguageSpecialist_2018_08_24,ac4621272fae57b70487dae75abece3740d59f32c812e39883464d216fc3d5cd,ef335a02-a550-4d8b-9cbd-fb6622ad8c8f,https://pe.goodlylabs.org/project/DemoLang/task/1247,Demo2,1712,1712SSSArticle12.txt,38428e24cdfa0392f3f5e1efda3253ffab6d7ed3051b1dee9f209f871ca91e2c,b63a6ecd-bbf9-4a9b-bcb9-96faf1c493f0,4d73af15-21ec-432e-9ca0-cb19c21a62a3,Language Specialist V3,T1.Q1,"Which of the following appears in the bolded text to the left? Check all that apply, or none, and highlight the part of the passage in which you see each.",T1.Q1.A2,Exaggeration,67a95b42-1bf4-4b81-9113-3917291ad12f,b63a6ecd-bbf9-4a9b-bcb9-96faf1c493f0,Exaggeration,1,737,858,"Patients seek relief from some minor problem like a toothache or back pain, leave with a prescription, and wind up hooked",5385
LanguageSpecialist_2018_08_24,ac4621272fae57b70487dae75abece3740d59f32c812e39883464d216fc3d5cd,755877c4-7dc1-401e-894a-04b9d70e70e7,https://pe.goodlylabs.org/project/DemoLang/task/1248,SSSPETest2-Demo1,1737,1737SSSArticle.txt,c35844f62ee12d09c0450281624c89e2533bbb621f23dd1b7062a6ee26ae2b97,febbce6e-ff48-47cf-aea9-5ede92a72ce9,4d73af15-21ec-432e-9ca0-cb19c21a62a3,Language Specialist V3,T1.Q1,"Which of the following appears in the bolded text to the left? Check all that apply, or none, and highlight the part of the passage in which you see each.",T1.Q1.A5,Shock or surprise,11b71a76-0b92-4b01-8924-3aaf44a8dceb,febbce6e-ff48-47cf-aea9-5ede92a72ce9,Shock or surprise,1,600,641,some of the changes observed are shocking,2342
LanguageSpecialist_2018_08_24,ac4621272fae57b70487dae75abece3740d59f32c812e39883464d216fc3d5cd,755877c4-7dc1-401e-894a-04b9d70e70e7,https://pe.goodlylabs.org/project/DemoLang/task/1248,SSSPETest2-Demo1,1737,1737SSSArticle.txt,c35844f62ee12d09c0450281624c89e2533bbb621f23dd1b7062a6ee26ae2b97,0e65f187-b22c-471f-81bc-9f8fd698c235,4d73af15-21ec-432e-9ca0-cb19c21a62a3,Language Specialist V3,T1.Q12,"Does the passage contain a particularly neutral, circumspect, or measured account of a frequently heated issue? If so, please offer them kudos.",T1.Q12.A1,Nope,6cf6e5c3-63be-4c97-b980-3b9d786c86bc,0e65f187-b22c-471f-81bc-9f8fd698c235,Nope,1,1691,1707,"but there\u2019s more",2342
LanguageSpecialist_2018_08_24,ac4621272fae57b70487dae75abece3740d59f32c812e39883464d216fc3d5cd,755877c4-7dc1-401e-894a-04b9d70e70e7,https://pe.goodlylabs.org/project/DemoLang/task/1248,SSSPETest2-Demo1,1737,1737SSSArticle.txt,c35844f62ee12d09c0450281624c89e2533bbb621f23dd1b7062a6ee26ae2b97,843fe8e2-d137-41c7-8901-4546f875baf4,4d73af15-21ec-432e-9ca0-cb19c21a62a3,Language Specialist V3,T1.Q12,"Does the passage contain a particularly neutral, circumspect, or measured account of a frequently heated issue? If so, please offer them kudos.",T1.Q12.A2,Good job!,aae074a7-50cc-42ff-b6b7-84f5eb672283,843fe8e2-d137-41c7-8901-4546f875baf4,Good job!,1,1709,2176,"The scans showed that areas that saw increases in gray matter were the sections that process movement information, and more specifically the movement of a person\u2019s legs. The team believes that may be related to the brain working harder to learn new ways of moving related to the lack of gravity. The scans also showed that the changes were more dramatic in the astronauts who spent months aboard the ISS as opposed to those who only had brief trips aboard the shuttle",2342
LanguageSpecialist_2018_08_24,ac4621272fae57b70487dae75abece3740d59f32c812e39883464d216fc3d5cd,755877c4-7dc1-401e-894a-04b9d70e70e7,https://pe.goodlylabs.org/project/DemoLang/task/1248,SSSPETest2-Demo1,1737,1737SSSArticle.txt,c35844f62ee12d09c0450281624c89e2533bbb621f23dd1b7062a6ee26ae2b97,843fe8e2-d137-41c7-8901-4546f875baf4,4d73af15-21ec-432e-9ca0-cb19c21a62a3,Language Specialist V3,T1.Q12,"Does the passage contain a particularly neutral, circumspect, or measured account of a frequently heated issue? If so, please offer them kudos.",T1.Q12.A2,Good job!,aae074a7-50cc-42ff-b6b7-84f5eb672283,843fe8e2-d137-41c7-8901-4546f875baf4,Good job!,1,1252,1594,"We found large regions of gray matter volume decreases, which could be related to redistribution of cerebrospinal fluid in space,\u201d Seidler explained in a post detailing the study. \u201cGravity is not available to pull fluids down in the body, resulting in so-called puffy face in space. This may result in a shift of brain position or compression",2342
LanguageSpecialist_2018_08_24,ac4621272fae57b70487dae75abece3740d59f32c812e39883464d216fc3d5cd,ef335a02-a550-4d8b-9cbd-fb6622ad8c8f,https://pe.goodlylabs.org/project/DemoLang/task/1247,Demo2,1712,1712SSSArticle12.txt,38428e24cdfa0392f3f5e1efda3253ffab6d7ed3051b1dee9f209f871ca91e2c,80d6ff3a-8192-4c3a-8ffb-6b4d0177dee5,6ac98bad-9204-48e3-8c52-e0911a795664,Language Specialist V3,T1.Q1,"Which of the following appears in the bolded text to the left? Check all that apply, or none, and highlight the part of the passage in which you see each.",T1.Q1.A4,Emotional tone (including expletives),b416ceee-7f20-446a-9455-a7439c26b3ba,80d6ff3a-8192-4c3a-8ffb-6b4d0177dee5,Emotional tone (including expletives),1,588,598,shockingly,5385
LanguageSpecialist_2018_08_24,ac4621272fae57b70487dae75abece3740d59f32c812e39883464d216fc3d5cd,ef335a02-a550-4d8b-9cbd-fb6622ad8c8f,https://pe.goodlylabs.org/project/DemoLang/task/1247,Demo2,1712,1712SSSArticle12.txt,38428e24cdfa0392f3f5e1efda3253ffab6d7ed3051b1dee9f209f871ca91e2c,7cc256ce-dad6-4c78-8bd2-a5f322e4ca04,6ac98bad-9204-48e3-8c52-e0911a795664,Language Specialist V3,T1.Q1,"Which of the following appears in the bolded text to the left? Check all that apply, or none, and highlight the part of the passage in which you see each.",T1.Q1.A8,Bad grammar,31ca5eb7-5ad0-4e8e-ba4e-5032381f77d4,7cc256ce-dad6-4c78-8bd2-a5f322e4ca04,Bad grammar,1,2167,2173,hugely,5385
LanguageSpecialist_2018_08_24,ac4621272fae57b70487dae75abece3740d59f32c812e39883464d216fc3d5cd,ef335a02-a550-4d8b-9cbd-fb6622ad8c8f,https://pe.goodlylabs.org/project/DemoLang/task/1247,Demo2,1712,1712SSSArticle12.txt,38428e24cdfa0392f3f5e1efda3253ffab6d7ed3051b1dee9f209f871ca91e2c,01a1b392-84e4-4193-9b4a-e40e7c29bce8,6ac98bad-9204-48e3-8c52-e0911a795664,Language Specialist V3,T1.Q1,"Which of the following appears in the bolded text to the left? Check all that apply, or none, and highlight the part of the passage in which you see each.",T1.Q1.A6,Slang,0bddd655-dd94-45d6-b469-86953b983701,01a1b392-84e4-4193-9b4a-e40e7c29bce8,Slang,1,852,858,hooked,5385
LanguageSpecialist_2018_08_24,ac4621272fae57b70487dae75abece3740d59f32c812e39883464d216fc3d5cd,755877c4-7dc1-401e-894a-04b9d70e70e7,https://pe.goodlylabs.org/project/DemoLang/task/1248,SSSPETest2-Demo1,1737,1737SSSArticle.txt,c35844f62ee12d09c0450281624c89e2533bbb621f23dd1b7062a6ee26ae2b97,5f72efd2-c35e-4bd5-9322-87462b7217fc,6ac98bad-9204-48e3-8c52-e0911a795664,Language Specialist V3,T1.Q1,"Which of the following appears in the bolded text to the left? Check all that apply, or none, and highlight the part of the passage in which you see each.",T1.Q1.A4,Emotional tone (including expletives),b416ceee-7f20-446a-9455-a7439c26b3ba,5f72efd2-c35e-4bd5-9322-87462b7217fc,Emotional tone (including expletives),1,2054,2062,dramatic,2342
LanguageSpecialist_2018_08_24,ac4621272fae57b70487dae75abece3740d59f32c812e39883464d216fc3d5cd,755877c4-7dc1-401e-894a-04b9d70e70e7,https://pe.goodlylabs.org/project/DemoLang/task/1248,SSSPETest2-Demo1,1737,1737SSSArticle.txt,c35844f62ee12d09c0450281624c89e2533bbb621f23dd1b7062a6ee26ae2b97,5f72efd2-c35e-4bd5-9322-87462b7217fc,6ac98bad-9204-48e3-8c52-e0911a795664,Language Specialist V3,T1.Q1,"Which of the following appears in the bolded text to the left? Check all that apply, or none, and highlight the part of the passage in which you see each.",T1.Q1.A4,Emotional tone (including expletives),b416ceee-7f20-446a-9455-a7439c26b3ba,5f72efd2-c35e-4bd5-9322-87462b7217fc,Emotional tone (including expletives),1,633,641,shocking,2342
LanguageSpecialist_2018_08_24,ac4621272fae57b70487dae75abece3740d59f32c812e39883464d216fc3d5cd,f108dd02-4869-4485-96c6-6b7ab391c281,https://pe.goodlylabs.org/project/DemoLang/task/1249,Demo2,1712,1712SSSArticle12.txt,38428e24cdfa0392f3f5e1efda3253ffab6d7ed3051b1dee9f209f871ca91e2c,90317f9d-10a6-4d66-a1c4-b78a010cff19,6ac98bad-9204-48e3-8c52-e0911a795664,Language Specialist V3,T1.Q1,"Which of the following appears in the bolded text to the left? Check all that apply, or none, and highlight the part of the passage in which you see each.",T1.Q1.A13,Nothing wrong with language,f9a2a481-869c-4620-b727-1eff5be163eb,90317f9d-10a6-4d66-a1c4-b78a010cff19,Nothing wrong with language,1,643,656,common belief,5385
LanguageSpecialist_2018_08_24,ac4621272fae57b70487dae75abece3740d59f32c812e39883464d216fc3d5cd,ef335a02-a550-4d8b-9cbd-fb6622ad8c8f,https://pe.goodlylabs.org/project/DemoLang/task/1247,Demo2,1712,1712SSSArticle12.txt,38428e24cdfa0392f3f5e1efda3253ffab6d7ed3051b1dee9f209f871ca91e2c,ff5dafc3-3729-4286-ba36-bc0636fa0e44,8f5ca426-1f9e-4999-b229-0f567b6a5a84,Language Specialist V3,T1.Q1,"Which of the following appears in the bolded text to the left? Check all that apply, or none, and highlight the part of the passage in which you see each.",T1.Q1.A5,Shock or surprise,11b71a76-0b92-4b01-8924-3aaf44a8dceb,ff5dafc3-3729-4286-ba36-bc0636fa0e44,Shock or surprise,1,585,603,so shockingly high,5385
LanguageSpecialist_2018_08_24,ac4621272fae57b70487dae75abece3740d59f32c812e39883464d216fc3d5cd,ef335a02-a550-4d8b-9cbd-fb6622ad8c8f,https://pe.goodlylabs.org/project/DemoLang/task/1247,Demo2,1712,1712SSSArticle12.txt,38428e24cdfa0392f3f5e1efda3253ffab6d7ed3051b1dee9f209f871ca91e2c,7adbc302-a4f5-4920-83f5-b97d03802e33,8f5ca426-1f9e-4999-b229-0f567b6a5a84,Language Specialist V3,T1.Q1,"Which of the following appears in the bolded text to the left? Check all that apply, or none, and highlight the part of the passage in which you see each.",T1.Q1.A2,Exaggeration,67a95b42-1bf4-4b81-9113-3917291ad12f,7adbc302-a4f5-4920-83f5-b97d03802e33,Exaggeration,1,768,781,minor problem,5385
LanguageSpecialist_2018_08_24,ac4621272fae57b70487dae75abece3740d59f32c812e39883464d216fc3d5cd,ef335a02-a550-4d8b-9cbd-fb6622ad8c8f,https://pe.goodlylabs.org/project/DemoLang/task/1247,Demo2,1712,1712SSSArticle12.txt,38428e24cdfa0392f3f5e1efda3253ffab6d7ed3051b1dee9f209f871ca91e2c,7adbc302-a4f5-4920-83f5-b97d03802e33,8f5ca426-1f9e-4999-b229-0f567b6a5a84,Language Specialist V3,T1.Q1,"Which of the following appears in the bolded text to the left? Check all that apply, or none, and highlight the part of the passage in which you see each.",T1.Q1.A2,Exaggeration,67a95b42-1bf4-4b81-9113-3917291ad12f,7adbc302-a4f5-4920-83f5-b97d03802e33,Exaggeration,1,2167,2173,hugely,5385
LanguageSpecialist_2018_08_24,ac4621272fae57b70487dae75abece3740d59f32c812e39883464d216fc3d5cd,ef335a02-a550-4d8b-9cbd-fb6622ad8c8f,https://pe.goodlylabs.org/project/DemoLang/task/1247,Demo2,1712,1712SSSArticle12.txt,38428e24cdfa0392f3f5e1efda3253ffab6d7ed3051b1dee9f209f871ca91e2c,4d8b301d-6984-43c2-8f76-e182ff0936c2,8f5ca426-1f9e-4999-b229-0f567b6a5a84,Language Specialist V3,T1.Q1,"Which of the following appears in the bolded text to the left? Check all that apply, or none, and highlight the part of the passage in which you see each.",T1.Q1.A10,Other unnecessary or misleading coloring of language,43b9ac53-eaf0-41b0-95e3-6191481d642f,4d8b301d-6984-43c2-8f76-e182ff0936c2,Other unnecessary or misleading coloring of language,1,844,858,wind up hooked,5385
LanguageSpecialist_2018_08_24,ac4621272fae57b70487dae75abece3740d59f32c812e39883464d216fc3d5cd,ef335a02-a550-4d8b-9cbd-fb6622ad8c8f,https://pe.goodlylabs.org/project/DemoLang/task/1247,Demo2,1712,1712SSSArticle12.txt,38428e24cdfa0392f3f5e1efda3253ffab6d7ed3051b1dee9f209f871ca91e2c,d0b12780-dadc-4e6e-8553-f2a6516cbdc0,8f5ca426-1f9e-4999-b229-0f567b6a5a84,Language Specialist V3,T1.Q12,"Does the passage contain a particularly neutral, circumspect, or measured account of a frequently heated issue? If so, please offer them kudos.",T1.Q12.A1,Nope,6cf6e5c3-63be-4c97-b980-3b9d786c86bc,d0b12780-dadc-4e6e-8553-f2a6516cbdc0,Nope,1,2195,2196, ,5385
LanguageSpecialist_2018_08_24,ac4621272fae57b70487dae75abece3740d59f32c812e39883464d216fc3d5cd,755877c4-7dc1-401e-894a-04b9d70e70e7,https://pe.goodlylabs.org/project/DemoLang/task/1248,SSSPETest2-Demo1,1737,1737SSSArticle.txt,c35844f62ee12d09c0450281624c89e2533bbb621f23dd1b7062a6ee26ae2b97,6f87345d-1c7e-4fff-a2a7-10f05a373382,8f5ca426-1f9e-4999-b229-0f567b6a5a84,Language Specialist V3,T1.Q1,"Which of the following appears in the bolded text to the left? Check all that apply, or none, and highlight the part of the passage in which you see each.",T1.Q1.A5,Shock or surprise,11b71a76-0b92-4b01-8924-3aaf44a8dceb,6f87345d-1c7e-4fff-a2a7-10f05a373382,Shock or surprise,1,633,641,shocking,2342
LanguageSpecialist_2018_08_24,ac4621272fae57b70487dae75abece3740d59f32c812e39883464d216fc3d5cd,755877c4-7dc1-401e-894a-04b9d70e70e7,https://pe.goodlylabs.org/project/DemoLang/task/1248,SSSPETest2-Demo1,1737,1737SSSArticle.txt,c35844f62ee12d09c0450281624c89e2533bbb621f23dd1b7062a6ee26ae2b97,6f87345d-1c7e-4fff-a2a7-10f05a373382,8f5ca426-1f9e-4999-b229-0f567b6a5a84,Language Specialist V3,T1.Q1,"Which of the following appears in the bolded text to the left? Check all that apply, or none, and highlight the part of the passage in which you see each.",T1.Q1.A5,Shock or surprise,11b71a76-0b92-4b01-8924-3aaf44a8dceb,6f87345d-1c7e-4fff-a2a7-10f05a373382,Shock or surprise,1,2054,2062,dramatic,2342
LanguageSpecialist_2018_08_24,ac4621272fae57b70487dae75abece3740d59f32c812e39883464d216fc3d5cd,755877c4-7dc1-401e-894a-04b9d70e70e7,https://pe.goodlylabs.org/project/DemoLang/task/1248,SSSPETest2-Demo1,1737,1737SSSArticle.txt,c35844f62ee12d09c0450281624c89e2533bbb621f23dd1b7062a6ee26ae2b97,7dac2c7d-0826-4ec5-883a-92d031c31426,8f5ca426-1f9e-4999-b229-0f567b6a5a84,Language Specialist V3,T1.Q12,"Does the passage contain a particularly neutral, circumspect, or measured account of a frequently heated issue? If so, please offer them kudos.",T1.Q12.A1,Nope,6cf6e5c3-63be-4c97-b980-3b9d786c86bc,7dac2c7d-0826-4ec5-883a-92d031c31426,Nope,1,2085,2090,spent,2342
LanguageSpecialist_2018_08_24,ac4621272fae57b70487dae75abece3740d59f32c812e39883464d216fc3d5cd,f108dd02-4869-4485-96c6-6b7ab391c281,https://pe.goodlylabs.org/project/DemoLang/task/1249,Demo2,1712,1712SSSArticle12.txt,38428e24cdfa0392f3f5e1efda3253ffab6d7ed3051b1dee9f209f871ca91e2c,8cb938e1-b08e-457b-be75-d1b57c5b5a4e,8f5ca426-1f9e-4999-b229-0f567b6a5a84,Language Specialist V3,T1.Q12,"Does the passage contain a particularly neutral, circumspect, or measured account of a frequently heated issue? If so, please offer them kudos.",T1.Q12.A1,Nope,6cf6e5c3-63be-4c97-b980-3b9d786c86bc,8cb938e1-b08e-457b-be75-d1b57c5b5a4e,Nope,1,682,687,often,5385
LanguageSpecialist_2018_08_24,ac4621272fae57b70487dae75abece3740d59f32c812e39883464d216fc3d5cd,ef335a02-a550-4d8b-9cbd-fb6622ad8c8f,https://pe.goodlylabs.org/project/DemoLang/task/1247,Demo2,1712,1712SSSArticle12.txt,38428e24cdfa0392f3f5e1efda3253ffab6d7ed3051b1dee9f209f871ca91e2c,971d3eaf-a47d-486e-b6d0-0f92f7f0c8bd,e0834165-64cc-41e5-994f-9be97a16ef93,Language Specialist V3,T1.Q1,"Which of the following appears in the bolded text to the left? Check all that apply, or none, and highlight the part of the passage in which you see each.",T1.Q1.A6,Slang,0bddd655-dd94-45d6-b469-86953b983701,971d3eaf-a47d-486e-b6d0-0f92f7f0c8bd,Slang,1,844,858,wind up hooked,5385
LanguageSpecialist_2018_08_24,ac4621272fae57b70487dae75abece3740d59f32c812e39883464d216fc3d5cd,ef335a02-a550-4d8b-9cbd-fb6622ad8c8f,https://pe.goodlylabs.org/project/DemoLang/task/1247,Demo2,1712,1712SSSArticle12.txt,38428e24cdfa0392f3f5e1efda3253ffab6d7ed3051b1dee9f209f871ca91e2c,dfb8b074-13f7-4507-922f-9c3763424f86,e0834165-64cc-41e5-994f-9be97a16ef93,Language Specialist V3,T1.Q1,"Which of the following appears in the bolded text to the left? Check all that apply, or none, and highlight the part of the passage in which you see each.",T1.Q1.A4,Emotional tone (including expletives),b416ceee-7f20-446a-9455-a7439c26b3ba,dfb8b074-13f7-4507-922f-9c3763424f86,Emotional tone (including expletives),1,585,603,so shockingly high,5385
LanguageSpecialist_2018_08_24,ac4621272fae57b70487dae75abece3740d59f32c812e39883464d216fc3d5cd,ef335a02-a550-4d8b-9cbd-fb6622ad8c8f,https://pe.goodlylabs.org/project/DemoLang/task/1247,Demo2,1712,1712SSSArticle12.txt,38428e24cdfa0392f3f5e1efda3253ffab6d7ed3051b1dee9f209f871ca91e2c,cf4818f4-1a51-4d8e-9e1f-6135e5cd681d,e0834165-64cc-41e5-994f-9be97a16ef93,Language Specialist V3,T1.Q1,"Which of the following appears in the bolded text to the left? Check all that apply, or none, and highlight the part of the passage in which you see each.",T1.Q1.A5,Shock or surprise,11b71a76-0b92-4b01-8924-3aaf44a8dceb,cf4818f4-1a51-4d8e-9e1f-6135e5cd681d,Shock or surprise,1,585,603,so shockingly high,5385
LanguageSpecialist_2018_08_24,ac4621272fae57b70487dae75abece3740d59f32c812e39883464d216fc3d5cd,ef335a02-a550-4d8b-9cbd-fb6622ad8c8f,https://pe.goodlylabs.org/project/DemoLang/task/1247,Demo2,1712,1712SSSArticle12.txt,38428e24cdfa0392f3f5e1efda3253ffab6d7ed3051b1dee9f209f871ca91e2c,089c07cc-e257-4744-8243-61903f59ad60,e0834165-64cc-41e5-994f-9be97a16ef93,Language Specialist V3,T1.Q6,Which of the following emotions does the passage express? Check all that apply.,T1.Q6.A4,"Fear, threat",d1d2b449-ba1e-41f3-ac32-082ddbc291a5,089c07cc-e257-4744-8243-61903f59ad60,"Fear, threat",1,844,858,wind up hooked,5385
LanguageSpecialist_2018_08_24,ac4621272fae57b70487dae75abece3740d59f32c812e39883464d216fc3d5cd,ef335a02-a550-4d8b-9cbd-fb6622ad8c8f,https://pe.goodlylabs.org/project/DemoLang/task/1247,Demo2,1712,1712SSSArticle12.txt,38428e24cdfa0392f3f5e1efda3253ffab6d7ed3051b1dee9f209f871ca91e2c,c42ab91c-106c-4a23-aae4-6a8d35c893fb,e0834165-64cc-41e5-994f-9be97a16ef93,Language Specialist V3,T1.Q6,Which of the following emotions does the passage express? Check all that apply.,T1.Q6.A3,"Outrage, indignation",6d720695-cd69-4539-bc54-5b35635a69b4,c42ab91c-106c-4a23-aae4-6a8d35c893fb,"Outrage, indignation",1,585,603,so shockingly high,5385
LanguageSpecialist_2018_08_24,ac4621272fae57b70487dae75abece3740d59f32c812e39883464d216fc3d5cd,f108dd02-4869-4485-96c6-6b7ab391c281,https://pe.goodlylabs.org/project/DemoLang/task/1249,Demo2,1712,1712SSSArticle12.txt,38428e24cdfa0392f3f5e1efda3253ffab6d7ed3051b1dee9f209f871ca91e2c,fa80150d-8a1b-40d0-9676-17b5812265fa,f9143626-bfe0-4e69-b652-6d1525ab4eb0,Language Specialist V3,T1.Q1,"Which of the following appears in the bolded text to the left? Check all that apply, or none, and highlight the part of the passage in which you see each.",T1.Q1.A13,Nothing wrong with language,f9a2a481-869c-4620-b727-1eff5be163eb,fa80150d-8a1b-40d0-9676-17b5812265fa,Nothing wrong with language,2,641,656,A common belief,5385
LanguageSpecialist_2018_08_24,ac4621272fae57b70487dae75abece3740d59f32c812e39883464d216fc3d5cd,ef335a02-a550-4d8b-9cbd-fb6622ad8c8f,https://pe.goodlylabs.org/project/DemoLang/task/1247,Demo2,1712,1712SSSArticle12.txt,38428e24cdfa0392f3f5e1efda3253ffab6d7ed3051b1dee9f209f871ca91e2c,1373278f-ff4c-4546-ae41-f7f180c8f519,c2f193ad-2cdc-46b8-a5bf-c45cfbee3da7,Language Specialist V3,T1.Q1,"Which of the following appears in the bolded text to the left? Check all that apply, or none, and highlight the part of the passage in which you see each.",T1.Q1.A5,Shock or surprise,11b71a76-0b92-4b01-8924-3aaf44a8dceb,1373278f-ff4c-4546-ae41-f7f180c8f519,Shock or surprise,1,585,603,so shockingly high,5385
LanguageSpecialist_2018_08_24,ac4621272fae57b70487dae75abece3740d59f32c812e39883464d216fc3d5cd,ef335a02-a550-4d8b-9cbd-fb6622ad8c8f,https://pe.goodlylabs.org/project/DemoLang/task/1247,Demo2,1712,1712SSSArticle12.txt,38428e24cdfa0392f3f5e1efda3253ffab6d7ed3051b1dee9f209f871ca91e2c,0035534b-0825-46c7-a237-0cc01927b98c,c2f193ad-2cdc-46b8-a5bf-c45cfbee3da7,Language Specialist V3,T1.Q1,"Which of the following appears in the bolded text to the left? Check all that apply, or none, and highlight the part of the passage in which you see each.",T1.Q1.A6,Slang,0bddd655-dd94-45d6-b469-86953b983701,0035534b-0825-46c7-a237-0cc01927b98c,Slang,1,844,858,wind up hooked,5385
LanguageSpecialist_2018_08_24,ac4621272fae57b70487dae75abece3740d59f32c812e39883464d216fc3d5cd,755877c4-7dc1-401e-894a-04b9d70e70e7,https://pe.goodlylabs.org/project/DemoLang/task/1248,SSSPETest2-Demo1,1737,1737SSSArticle.txt,c35844f62ee12d09c0450281624c89e2533bbb621f23dd1b7062a6ee26ae2b97,727d51ab-66f0-405f-82aa-788294139a2e,c2f193ad-2cdc-46b8-a5bf-c45cfbee3da7,Language Specialist V3,T1.Q1,"Which of the following appears in the bolded text to the left? Check all that apply, or none, and highlight the part of the passage in which you see each.",T1.Q1.A11,Colorful but not misleading in any way,8f3c9424-e2a3-42c4-9015-1df33d42a79f,727d51ab-66f0-405f-82aa-788294139a2e,Colorful but not misleading in any way,1,2054,2062,dramatic,2342
LanguageSpecialist_2018_08_24,ac4621272fae57b70487dae75abece3740d59f32c812e39883464d216fc3d5cd,755877c4-7dc1-401e-894a-04b9d70e70e7,https://pe.goodlylabs.org/project/DemoLang/task/1248,SSSPETest2-Demo1,1737,1737SSSArticle.txt,c35844f62ee12d09c0450281624c89e2533bbb621f23dd1b7062a6ee26ae2b97,5708a244-62c8-4972-927d-c2947b6d8089,c2f193ad-2cdc-46b8-a5bf-c45cfbee3da7,Language Specialist V3,T1.Q1,"Which of the following appears in the bolded text to the left? Check all that apply, or none, and highlight the part of the passage in which you see each.",T1.Q1.A5,Shock or surprise,11b71a76-0b92-4b01-8924-3aaf44a8dceb,5708a244-62c8-4972-927d-c2947b6d8089,Shock or surprise,1,633,641,shocking,2342
LanguageSpecialist_2018_08_24,ac4621272fae57b70487dae75abece3740d59f32c812e39883464d216fc3d5cd,755877c4-7dc1-401e-894a-04b9d70e70e7,https://pe.goodlylabs.org/project/DemoLang/task/1248,SSSPETest2-Demo1,1737,1737SSSArticle.txt,c35844f62ee12d09c0450281624c89e2533bbb621f23dd1b7062a6ee26ae2b97,e4a7af99-6e0c-4651-9053-1212923437e4,f9143626-bfe0-4e69-b652-6d1525ab4eb0,Language Specialist V3,T1.Q1,"Which of the following appears in the bolded text to the left? Check all that apply, or none, and highlight the part of the passage in which you see each.",T1.Q1.A2,Exaggeration,67a95b42-1bf4-4b81-9113-3917291ad12f,e4a7af99-6e0c-4651-9053-1212923437e4,Exaggeration,1,2054,2062,dramatic,2342
LanguageSpecialist_2018_08_24,ac4621272fae57b70487dae75abece3740d59f32c812e39883464d216fc3d5cd,755877c4-7dc1-401e-894a-04b9d70e70e7,https://pe.goodlylabs.org/project/DemoLang/task/1248,SSSPETest2-Demo1,1737,1737SSSArticle.txt,c35844f62ee12d09c0450281624c89e2533bbb621f23dd1b7062a6ee26ae2b97,d5b71c0a-8680-4f3a-826c-960f7979fc0f,f9143626-bfe0-4e69-b652-6d1525ab4eb0,Language Specialist V3,T1.Q12,"Does the passage contain a particularly neutral, circumspect, or measured account of a frequently heated issue? If so, please offer them kudos.",T1.Q12.A1,Nope,6cf6e5c3-63be-4c97-b980-3b9d786c86bc,d5b71c0a-8680-4f3a-826c-960f7979fc0f,Nope,1,2032,2090,the changes were more dramatic in the astronauts who spent,2342
LanguageSpecialist_2018_08_24,ac4621272fae57b70487dae75abece3740d59f32c812e39883464d216fc3d5cd,ef335a02-a550-4d8b-9cbd-fb6622ad8c8f,https://pe.goodlylabs.org/project/DemoLang/task/1247,Demo2,1712,1712SSSArticle12.txt,38428e24cdfa0392f3f5e1efda3253ffab6d7ed3051b1dee9f209f871ca91e2c,cc151a31-64dd-4aca-8e34-b77d4ecf26ac,45211579-fb0b-48bf-bec4-d9dee0108ac0,Language Specialist V3,T1.Q1,"Which of the following appears in the bolded text to the left? Check all that apply, or none, and highlight the part of the passage in which you see each.",T1.Q1.A2,Exaggeration,67a95b42-1bf4-4b81-9113-3917291ad12f,cc151a31-64dd-4aca-8e34-b77d4ecf26ac,Exaggeration,1,768,781,minor problem,5385
LanguageSpecialist_2018_08_24,ac4621272fae57b70487dae75abece3740d59f32c812e39883464d216fc3d5cd,ef335a02-a550-4d8b-9cbd-fb6622ad8c8f,https://pe.goodlylabs.org/project/DemoLang/task/1247,Demo2,1712,1712SSSArticle12.txt,38428e24cdfa0392f3f5e1efda3253ffab6d7ed3051b1dee9f209f871ca91e2c,338b8c9b-acfd-4d1f-a91c-e9900519e98c,45211579-fb0b-48bf-bec4-d9dee0108ac0,Language Specialist V3,T1.Q12,"Does the passage contain a particularly neutral, circumspect, or measured account of a frequently heated issue? If so, please offer them kudos.",T1.Q12.A1,Nope,6cf6e5c3-63be-4c97-b980-3b9d786c86bc,338b8c9b-acfd-4d1f-a91c-e9900519e98c,Nope,1,782,798,like a toothache,5385
LanguageSpecialist_2018_08_24,ac4621272fae57b70487dae75abece3740d59f32c812e39883464d216fc3d5cd,ef335a02-a550-4d8b-9cbd-fb6622ad8c8f,https://pe.goodlylabs.org/project/DemoLang/task/1247,Demo2,1712,1712SSSArticle12.txt,38428e24cdfa0392f3f5e1efda3253ffab6d7ed3051b1dee9f209f871ca91e2c,a5ae4ca9-1a88-4c60-9e5d-28a9221eb1be,f9143626-bfe0-4e69-b652-6d1525ab4eb0,Language Specialist V3,T1.Q1,"Which of the following appears in the bolded text to the left? Check all that apply, or none, and highlight the part of the passage in which you see each.",T1.Q1.A2,Exaggeration,67a95b42-1bf4-4b81-9113-3917291ad12f,a5ae4ca9-1a88-4c60-9e5d-28a9221eb1be,Exaggeration,1,2158,2173,mattered hugely,5385
LanguageSpecialist_2018_08_24,ac4621272fae57b70487dae75abece3740d59f32c812e39883464d216fc3d5cd,ef335a02-a550-4d8b-9cbd-fb6622ad8c8f,https://pe.goodlylabs.org/project/DemoLang/task/1247,Demo2,1712,1712SSSArticle12.txt,38428e24cdfa0392f3f5e1efda3253ffab6d7ed3051b1dee9f209f871ca91e2c,438e35a3-151b-4c19-b583-151f7de58851,f9143626-bfe0-4e69-b652-6d1525ab4eb0,Language Specialist V3,T1.Q1,"Which of the following appears in the bolded text to the left? Check all that apply, or none, and highlight the part of the passage in which you see each.",T1.Q1.A6,Slang,0bddd655-dd94-45d6-b469-86953b983701,438e35a3-151b-4c19-b583-151f7de58851,Slang,1,844,858,wind up hooked,5385
LanguageSpecialist_2018_08_24,ac4621272fae57b70487dae75abece3740d59f32c812e39883464d216fc3d5cd,ef335a02-a550-4d8b-9cbd-fb6622ad8c8f,https://pe.goodlylabs.org/project/DemoLang/task/1247,Demo2,1712,1712SSSArticle12.txt,38428e24cdfa0392f3f5e1efda3253ffab6d7ed3051b1dee9f209f871ca91e2c,b99ac049-e5d3-4373-aa65-1a2e44c15d77,f9143626-bfe0-4e69-b652-6d1525ab4eb0,Language Specialist V3,T1.Q1,"Which of the following appears in the bolded text to the left? Check all that apply, or none, and highlight the part of the passage in which you see each.",T1.Q1.A5,Shock or surprise,11b71a76-0b92-4b01-8924-3aaf44a8dceb,b99ac049-e5d3-4373-aa65-1a2e44c15d77,Shock or surprise,1,585,603,so shockingly high,5385
LanguageSpecialist_2018_08_24,ac4621272fae57b70487dae75abece3740d59f32c812e39883464d216fc3d5cd,ef335a02-a550-4d8b-9cbd-fb6622ad8c8f,https://pe.goodlylabs.org/project/DemoLang/task/1247,Demo2,1712,1712SSSArticle12.txt,38428e24cdfa0392f3f5e1efda3253ffab6d7ed3051b1dee9f209f871ca91e2c,12a97fde-b96b-432c-bf3a-500ee8c60b1b,f9143626-bfe0-4e69-b652-6d1525ab4eb0,Language Specialist V3,T1.Q1,"Which of the following appears in the bolded text to the left? Check all that apply, or none, and highlight the part of the passage in which you see each.",T1.Q1.A4,Emotional tone (including expletives),b416ceee-7f20-446a-9455-a7439c26b3ba,12a97fde-b96b-432c-bf3a-500ee8c60b1b,Emotional tone (including expletives),1,2158,2173,mattered hugely,5385
LanguageSpecialist_2018_08_24,ac4621272fae57b70487dae75abece3740d59f32c812e39883464d216fc3d5cd,ef335a02-a550-4d8b-9cbd-fb6622ad8c8f,https://pe.goodlylabs.org/project/DemoLang/task/1247,Demo2,1712,1712SSSArticle12.txt,38428e24cdfa0392f3f5e1efda3253ffab6d7ed3051b1dee9f209f871ca91e2c,53a85765-71fe-4f1f-bc50-9bb765dbdf7a,f9143626-bfe0-4e69-b652-6d1525ab4eb0,Language Specialist V3,T1.Q1,"Which of the following appears in the bolded text to the left? Check all that apply, or none, and highlight the part of the passage in which you see each.",T1.Q1.A10,Other unnecessary or misleading coloring of language,43b9ac53-eaf0-41b0-95e3-6191481d642f,53a85765-71fe-4f1f-bc50-9bb765dbdf7a,Other unnecessary or misleading coloring of language,1,768,811,minor problem like a toothache or back pain,5385
LanguageSpecialist_2018_08_24,ac4621272fae57b70487dae75abece3740d59f32c812e39883464d216fc3d5cd,ef335a02-a550-4d8b-9cbd-fb6622ad8c8f,https://pe.goodlylabs.org/project/DemoLang/task/1247,Demo2,1712,1712SSSArticle12.txt,38428e24cdfa0392f3f5e1efda3253ffab6d7ed3051b1dee9f209f871ca91e2c,c730a85d-544b-42cf-b30e-3d2a9e716847,f9143626-bfe0-4e69-b652-6d1525ab4eb0,Language Specialist V3,T1.Q6,Which of the following emotions does the passage express? Check all that apply.,T1.Q6.A4,"Fear, threat",d1d2b449-ba1e-41f3-ac32-082ddbc291a5,c730a85d-544b-42cf-b30e-3d2a9e716847,"Fear, threat",1,844,858,wind up hooked,5385
LanguageSpecialist_2018_08_24,ac4621272fae57b70487dae75abece3740d59f32c812e39883464d216fc3d5cd,ef335a02-a550-4d8b-9cbd-fb6622ad8c8f,https://pe.goodlylabs.org/project/DemoLang/task/1247,Demo2,1712,1712SSSArticle12.txt,38428e24cdfa0392f3f5e1efda3253ffab6d7ed3051b1dee9f209f871ca91e2c,c730a85d-544b-42cf-b30e-3d2a9e716847,f9143626-bfe0-4e69-b652-6d1525ab4eb0,Language Specialist V3,T1.Q6,Which of the following emotions does the passage express? Check all that apply.,T1.Q6.A4,"Fear, threat",d1d2b449-ba1e-41f3-ac32-082ddbc291a5,c730a85d-544b-42cf-b30e-3d2a9e716847,"Fear, threat",1,588,603,shockingly high,5385
LanguageSpecialist_2018_08_24,ac4621272fae57b70487dae75abece3740d59f32c812e39883464d216fc3d5cd,ef335a02-a550-4d8b-9cbd-fb6622ad8c8f,https://pe.goodlylabs.org/project/DemoLang/task/1247,Demo2,1712,1712SSSArticle12.txt,38428e24cdfa0392f3f5e1efda3253ffab6d7ed3051b1dee9f209f871ca91e2c,c082a452-a428-449c-ace5-33f8cb5c1405,f9143626-bfe0-4e69-b652-6d1525ab4eb0,Language Specialist V3,T1.Q6,Which of the following emotions does the passage express? Check all that apply.,T1.Q6.A3,"Outrage, indignation",6d720695-cd69-4539-bc54-5b35635a69b4,c082a452-a428-449c-ace5-33f8cb5c1405,"Outrage, indignation",1,813,858,"leave with a prescription, and wind up hooked",5385
LanguageSpecialist_2018_08_24,ac4621272fae57b70487dae75abece3740d59f32c812e39883464d216fc3d5cd,ef335a02-a550-4d8b-9cbd-fb6622ad8c8f,https://pe.goodlylabs.org/project/DemoLang/task/1247,Demo2,1712,1712SSSArticle12.txt,38428e24cdfa0392f3f5e1efda3253ffab6d7ed3051b1dee9f209f871ca91e2c,6a3d1325-f09a-43db-a125-938b31f70fae,e1ae8875-a398-4dde-8f4e-4b21109784e3,Language Specialist V3,T1.Q1,"Which of the following appears in the bolded text to the left? Check all that apply, or none, and highlight the part of the passage in which you see each.",T1.Q1.A5,Shock or surprise,11b71a76-0b92-4b01-8924-3aaf44a8dceb,6a3d1325-f09a-43db-a125-938b31f70fae,Shock or surprise,1,585,603,so shockingly high,5385
LanguageSpecialist_2018_08_24,ac4621272fae57b70487dae75abece3740d59f32c812e39883464d216fc3d5cd,ef335a02-a550-4d8b-9cbd-fb6622ad8c8f,https://pe.goodlylabs.org/project/DemoLang/task/1247,Demo2,1712,1712SSSArticle12.txt,38428e24cdfa0392f3f5e1efda3253ffab6d7ed3051b1dee9f209f871ca91e2c,d01330fc-7382-44f1-ba74-d2fbf29d163c,e1ae8875-a398-4dde-8f4e-4b21109784e3,Language Specialist V3,T1.Q1,"Which of the following appears in the bolded text to the left? Check all that apply, or none, and highlight the part of the passage in which you see each.",T1.Q1.A10,Other unnecessary or misleading coloring of language,43b9ac53-eaf0-41b0-95e3-6191481d642f,d01330fc-7382-44f1-ba74-d2fbf29d163c,Other unnecessary or misleading coloring of language,1,768,781,minor problem,5385
LanguageSpecialist_2018_08_24,ac4621272fae57b70487dae75abece3740d59f32c812e39883464d216fc3d5cd,ef335a02-a550-4d8b-9cbd-fb6622ad8c8f,https://pe.goodlylabs.org/project/DemoLang/task/1247,Demo2,1712,1712SSSArticle12.txt,38428e24cdfa0392f3f5e1efda3253ffab6d7ed3051b1dee9f209f871ca91e2c,df094417-563c-453b-8293-ec5cd4e063d0,e1ae8875-a398-4dde-8f4e-4b21109784e3,Language Specialist V3,T1.Q1,"Which of the following appears in the bolded text to the left? Check all that apply, or none, and highlight the part of the passage in which you see each.",T1.Q1.A6,Slang,0bddd655-dd94-45d6-b469-86953b983701,df094417-563c-453b-8293-ec5cd4e063d0,Slang,1,844,858,wind up hooked,5385
LanguageSpecialist_2018_08_24,ac4621272fae57b70487dae75abece3740d59f32c812e39883464d216fc3d5cd,ef335a02-a550-4d8b-9cbd-fb6622ad8c8f,https://pe.goodlylabs.org/project/DemoLang/task/1247,Demo2,1712,1712SSSArticle12.txt,38428e24cdfa0392f3f5e1efda3253ffab6d7ed3051b1dee9f209f871ca91e2c,3d011c64-43a2-4b01-bbeb-2bfc0b016344,e1ae8875-a398-4dde-8f4e-4b21109784e3,Language Specialist V3,T1.Q1,"Which of the following appears in the bolded text to the left? Check all that apply, or none, and highlight the part of the passage in which you see each.",T1.Q1.A2,Exaggeration,67a95b42-1bf4-4b81-9113-3917291ad12f,3d011c64-43a2-4b01-bbeb-2bfc0b016344,Exaggeration,1,2137,2173,"the doctors\u2019 actions mattered hugely",5385
LanguageSpecialist_2018_08_24,ac4621272fae57b70487dae75abece3740d59f32c812e39883464d216fc3d5cd,755877c4-7dc1-401e-894a-04b9d70e70e7,https://pe.goodlylabs.org/project/DemoLang/task/1248,SSSPETest2-Demo1,1737,1737SSSArticle.txt,c35844f62ee12d09c0450281624c89e2533bbb621f23dd1b7062a6ee26ae2b97,61a6ab20-491d-46d2-800e-95cde9f2a840,e1ae8875-a398-4dde-8f4e-4b21109784e3,Language Specialist V3,T1.Q1,"Which of the following appears in the bolded text to the left? Check all that apply, or none, and highlight the part of the passage in which you see each.",T1.Q1.A5,Shock or surprise,11b71a76-0b92-4b01-8924-3aaf44a8dceb,61a6ab20-491d-46d2-800e-95cde9f2a840,Shock or surprise,1,633,641,shocking,2342
LanguageSpecialist_2018_08_24,ac4621272fae57b70487dae75abece3740d59f32c812e39883464d216fc3d5cd,755877c4-7dc1-401e-894a-04b9d70e70e7,https://pe.goodlylabs.org/project/DemoLang/task/1248,SSSPETest2-Demo1,1737,1737SSSArticle.txt,c35844f62ee12d09c0450281624c89e2533bbb621f23dd1b7062a6ee26ae2b97,4ac6f250-9655-4ac1-993f-d7442954b12b,e1ae8875-a398-4dde-8f4e-4b21109784e3,Language Specialist V3,T1.Q1,"Which of the following appears in the bolded text to the left? Check all that apply, or none, and highlight the part of the passage in which you see each.",T1.Q1.A10,Other unnecessary or misleading coloring of language,43b9ac53-eaf0-41b0-95e3-6191481d642f,4ac6f250-9655-4ac1-993f-d7442954b12b,Other unnecessary or misleading coloring of language,1,2049,2062,more dramatic,2342
LanguageSpecialist_2018_08_24,ac4621272fae57b70487dae75abece3740d59f32c812e39883464d216fc3d5cd,755877c4-7dc1-401e-894a-04b9d70e70e7,https://pe.goodlylabs.org/project/DemoLang/task/1248,SSSPETest2-Demo1,1737,1737SSSArticle.txt,c35844f62ee12d09c0450281624c89e2533bbb621f23dd1b7062a6ee26ae2b97,8875349a-ccc3-4bbc-bc96-684a5ff08ee5,b359f9af-81af-4246-96d3-ee2c770022bb,Language Specialist V3,T1.Q1,"Which of the following appears in the bolded text to the left? Check all that apply, or none, and highlight the part of the passage in which you see each.",T1.Q1.A5,Shock or surprise,11b71a76-0b92-4b01-8924-3aaf44a8dceb,8875349a-ccc3-4bbc-bc96-684a5ff08ee5,Shock or surprise,1,633,641,shocking,2342
LanguageSpecialist_2018_08_24,ac4621272fae57b70487dae75abece3740d59f32c812e39883464d216fc3d5cd,755877c4-7dc1-401e-894a-04b9d70e70e7,https://pe.goodlylabs.org/project/DemoLang/task/1248,SSSPETest2-Demo1,1737,1737SSSArticle.txt,c35844f62ee12d09c0450281624c89e2533bbb621f23dd1b7062a6ee26ae2b97,fb18407b-42e7-4c93-85df-47c20e26bb0a,b359f9af-81af-4246-96d3-ee2c770022bb,Language Specialist V3,T1.Q1,"Which of the following appears in the bolded text to the left? Check all that apply, or none, and highlight the part of the passage in which you see each.",T1.Q1.A11,Colorful but not misleading in any way,8f3c9424-e2a3-42c4-9015-1df33d42a79f,fb18407b-42e7-4c93-85df-47c20e26bb0a,Colorful but not misleading in any way,1,2054,2062,dramatic,2342
LanguageSpecialist_2018_08_24,ac4621272fae57b70487dae75abece3740d59f32c812e39883464d216fc3d5cd,755877c4-7dc1-401e-894a-04b9d70e70e7,https://pe.goodlylabs.org/project/DemoLang/task/1248,SSSPETest2-Demo1,1737,1737SSSArticle.txt,c35844f62ee12d09c0450281624c89e2533bbb621f23dd1b7062a6ee26ae2b97,6ab4777f-0133-4f3d-a625-8e03ea2b635c,a2f9116f-94e4-448c-b513-8a7ab93d3d2f,Language Specialist V3,T1.Q1,"Which of the following appears in the bolded text to the left? Check all that apply, or none, and highlight the part of the passage in which you see each.",T1.Q1.A2,Exaggeration,67a95b42-1bf4-4b81-9113-3917291ad12f,6ab4777f-0133-4f3d-a625-8e03ea2b635c,Exaggeration,1,633,641,shocking,2342
LanguageSpecialist_2018_08_24,ac4621272fae57b70487dae75abece3740d59f32c812e39883464d216fc3d5cd,755877c4-7dc1-401e-894a-04b9d70e70e7,https://pe.goodlylabs.org/project/DemoLang/task/1248,SSSPETest2-Demo1,1737,1737SSSArticle.txt,c35844f62ee12d09c0450281624c89e2533bbb621f23dd1b7062a6ee26ae2b97,6ab4777f-0133-4f3d-a625-8e03ea2b635c,a2f9116f-94e4-448c-b513-8a7ab93d3d2f,Language Specialist V3,T1.Q1,"Which of the following appears in the bolded text to the left? Check all that apply, or none, and highlight the part of the passage in which you see each.",T1.Q1.A2,Exaggeration,67a95b42-1bf4-4b81-9113-3917291ad12f,6ab4777f-0133-4f3d-a625-8e03ea2b635c,Exaggeration,1,2054,2062,dramatic,2342
LanguageSpecialist_2018_08_24,ac4621272fae57b70487dae75abece3740d59f32c812e39883464d216fc3d5cd,755877c4-7dc1-401e-894a-04b9d70e70e7,https://pe.goodlylabs.org/project/DemoLang/task/1248,SSSPETest2-Demo1,1737,1737SSSArticle.txt,c35844f62ee12d09c0450281624c89e2533bbb621f23dd1b7062a6ee26ae2b97,1a100b75-f699-4267-beb0-9155f3d49eb6,a2f9116f-94e4-448c-b513-8a7ab93d3d2f,Language Specialist V3,T1.Q1,"Which of the following appears in the bolded text to the left? Check all that apply, or none, and highlight the part of the passage in which you see each.",T1.Q1.A11,Colorful but not misleading in any way,8f3c9424-e2a3-42c4-9015-1df33d42a79f,1a100b75-f699-4267-beb0-9155f3d49eb6,Colorful but not misleading in any way,1,2054,2062,dramatic,2342
LanguageSpecialist_2018_08_24,ac4621272fae57b70487dae75abece3740d59f32c812e39883464d216fc3d5cd,755877c4-7dc1-401e-894a-04b9d70e70e7,https://pe.goodlylabs.org/project/DemoLang/task/1248,SSSPETest2-Demo1,1737,1737SSSArticle.txt,c35844f62ee12d09c0450281624c89e2533bbb621f23dd1b7062a6ee26ae2b97,1a100b75-f699-4267-beb0-9155f3d49eb6,a2f9116f-94e4-448c-b513-8a7ab93d3d2f,Language Specialist V3,T1.Q1,"Which of the following appears in the bolded text to the left? Check all that apply, or none, and highlight the part of the passage in which you see each.",T1.Q1.A11,Colorful but not misleading in any way,8f3c9424-e2a3-42c4-9015-1df33d42a79f,1a100b75-f699-4267-beb0-9155f3d49eb6,Colorful but not misleading in any way,1,2009,2053,scans also showed that the changes were more,2342
LanguageSpecialist_2018_08_24,ac4621272fae57b70487dae75abece3740d59f32c812e39883464d216fc3d5cd,f108dd02-4869-4485-96c6-6b7ab391c281,https://pe.goodlylabs.org/project/DemoLang/task/1249,Demo2,1712,1712SSSArticle12.txt,38428e24cdfa0392f3f5e1efda3253ffab6d7ed3051b1dee9f209f871ca91e2c,8e8cf4e4-b710-4f40-982c-4fe16148a9f9,b359f9af-81af-4246-96d3-ee2c770022bb,Language Specialist V3,T1.Q1,"Which of the following appears in the bolded text to the left? Check all that apply, or none, and highlight the part of the passage in which you see each.",T1.Q1.A12,Other problem with language,061d1a1c-ae3a-4238-bccc-9fb36ae60613,8e8cf4e4-b710-4f40-982c-4fe16148a9f9,Other problem with language,1,641,735,A common belief is that opioid addiction often begins with a single prescription from a doctor,5385
LanguageSpecialist_2018_08_24,ac4621272fae57b70487dae75abece3740d59f32c812e39883464d216fc3d5cd,f108dd02-4869-4485-96c6-6b7ab391c281,https://pe.goodlylabs.org/project/DemoLang/task/1249,Demo2,1712,1712SSSArticle12.txt,38428e24cdfa0392f3f5e1efda3253ffab6d7ed3051b1dee9f209f871ca91e2c,54529afe-edbd-48a3-8a78-3f33fb646c89,b359f9af-81af-4246-96d3-ee2c770022bb,Language Specialist V3,T1.Q12,"Does the passage contain a particularly neutral, circumspect, or measured account of a frequently heated issue? If so, please offer them kudos.",T1.Q12.A2,Good job!,aae074a7-50cc-42ff-b6b7-84f5eb672283,54529afe-edbd-48a3-8a78-3f33fb646c89,Good job!,1,641,735,A common belief is that opioid addiction often begins with a single prescription from a doctor,5385
LanguageSpecialist_2018_08_24,ac4621272fae57b70487dae75abece3740d59f32c812e39883464d216fc3d5cd,f108dd02-4869-4485-96c6-6b7ab391c281,https://pe.goodlylabs.org/project/DemoLang/task/1249,Demo2,1712,1712SSSArticle12.txt,38428e24cdfa0392f3f5e1efda3253ffab6d7ed3051b1dee9f209f871ca91e2c,af2017e5-6374-4eb3-9c65-63f50649d932,a2f9116f-94e4-448c-b513-8a7ab93d3d2f,Language Specialist V3,T1.Q1,"Which of the following appears in the bolded text to the left? Check all that apply, or none, and highlight the part of the passage in which you see each.",T1.Q1.A12,Other problem with language,061d1a1c-ae3a-4238-bccc-9fb36ae60613,af2017e5-6374-4eb3-9c65-63f50649d932,Other problem with language,1,641,656,A common belief,5385
LanguageSpecialist_2018_08_24,ac4621272fae57b70487dae75abece3740d59f32c812e39883464d216fc3d5cd,f108dd02-4869-4485-96c6-6b7ab391c281,https://pe.goodlylabs.org/project/DemoLang/task/1249,Demo2,1712,1712SSSArticle12.txt,38428e24cdfa0392f3f5e1efda3253ffab6d7ed3051b1dee9f209f871ca91e2c,a9176fc5-32c9-4b52-9742-b694909eb577,a2f9116f-94e4-448c-b513-8a7ab93d3d2f,Language Specialist V3,T1.Q12,"Does the passage contain a particularly neutral, circumspect, or measured account of a frequently heated issue? If so, please offer them kudos.",T1.Q12.A2,Good job!,aae074a7-50cc-42ff-b6b7-84f5eb672283,a9176fc5-32c9-4b52-9742-b694909eb577,Good job!,1,865,897,"there\u2019s not much actual evidence",5385
LanguageSpecialist_2018_08_24,ac4621272fae57b70487dae75abece3740d59f32c812e39883464d216fc3d5cd,755877c4-7dc1-401e-894a-04b9d70e70e7,https://pe.goodlylabs.org/project/DemoLang/task/1248,SSSPETest2-Demo1,1737,1737SSSArticle.txt,c35844f62ee12d09c0450281624c89e2533bbb621f23dd1b7062a6ee26ae2b97,67983d25-7f86-4245-a019-a6ce8bbb2cd5,f18207d6-37cb-4349-a31e-a4ff2adcf299,Language Specialist V3,T1.Q1,"Which of the following appears in the bolded text to the left? Check all that apply, or none, and highlight the part of the passage in which you see each.",T1.Q1.A5,Shock or surprise,11b71a76-0b92-4b01-8924-3aaf44a8dceb,67983d25-7f86-4245-a019-a6ce8bbb2cd5,Shock or surprise,1,633,641,shocking,2342
LanguageSpecialist_2018_08_24,ac4621272fae57b70487dae75abece3740d59f32c812e39883464d216fc3d5cd,755877c4-7dc1-401e-894a-04b9d70e70e7,https://pe.goodlylabs.org/project/DemoLang/task/1248,SSSPETest2-Demo1,1737,1737SSSArticle.txt,c35844f62ee12d09c0450281624c89e2533bbb621f23dd1b7062a6ee26ae2b97,def30bbb-dd27-4f3c-95e9-09e257aa88f2,f18207d6-37cb-4349-a31e-a4ff2adcf299,Language Specialist V3,T1.Q1,"Which of the following appears in the bolded text to the left? Check all that apply, or none, and highlight the part of the passage in which you see each.",T1.Q1.A2,Exaggeration,67a95b42-1bf4-4b81-9113-3917291ad12f,def30bbb-dd27-4f3c-95e9-09e257aa88f2,Exaggeration,1,2054,2062,dramatic,2342
LanguageSpecialist_2018_08_24,ac4621272fae57b70487dae75abece3740d59f32c812e39883464d216fc3d5cd,f108dd02-4869-4485-96c6-6b7ab391c281,https://pe.goodlylabs.org/project/DemoLang/task/1249,Demo2,1712,1712SSSArticle12.txt,38428e24cdfa0392f3f5e1efda3253ffab6d7ed3051b1dee9f209f871ca91e2c,bfce6f79-d495-4b2a-9fda-95e9c9ab8e35,f18207d6-37cb-4349-a31e-a4ff2adcf299,Language Specialist V3,T1.Q1,"Which of the following appears in the bolded text to the left? Check all that apply, or none, and highlight the part of the passage in which you see each.",T1.Q1.A2,Exaggeration,67a95b42-1bf4-4b81-9113-3917291ad12f,bfce6f79-d495-4b2a-9fda-95e9c9ab8e35,Exaggeration,1,641,656,A common belief,5385
