article_num,article_sha256,article_id,quiz_task_uuid,tua_uuid,schema_namespace,schema_sha256,question_Number,answer_uuid,question_type,agreed_Answer,coding_perc_agreement,one_two_diff,highlighted_indices,alpha_unitizing_score,alpha_unitizing_score_inclusive,agreement_score,num_users,num_answer_choices,target_text,question_text,answer_content
100054,7360da3cdcf83a48e365821654ef0750810f3483efb8e25ad792eed6f4bf0b6f,raw_307360da3cdcf83a48e365821654ef0750810f3483efb8e25ad792eed6f4bf0b6f,c5df7dbf-85ef-4935-81a7-c24daa809afe,89b3dc04-f6f7-48ba-bf2a-14f70ff5d16e,Covid_Evidence2020_03_21,45dce5251bd3ea6e908fa33ac9e6a8e17e6830215912ce1626cf4206e159819c,1,0,checklist,U,1.0,0.0,U,U,U,0.5,1,3,U,Is a general or singular causal claim made? Highlight the section(s) that supports your answer.,U
100054,7360da3cdcf83a48e365821654ef0750810f3483efb8e25ad792eed6f4bf0b6f,raw_307360da3cdcf83a48e365821654ef0750810f3483efb8e25ad792eed6f4bf0b6f,c5df7dbf-85ef-4935-81a7-c24daa809afe,89b3dc04-f6f7-48ba-bf2a-14f70ff5d16e,Covid_Evidence2020_03_21,45dce5251bd3ea6e908fa33ac9e6a8e17e6830215912ce1626cf4206e159819c,1,0,checklist,U,0.0,1.0,U,U,U,0.0,1,3,U,Is a general or singular causal claim made? Highlight the section(s) that supports your answer.,U
100054,7360da3cdcf83a48e365821654ef0750810f3483efb8e25ad792eed6f4bf0b6f,raw_307360da3cdcf83a48e365821654ef0750810f3483efb8e25ad792eed6f4bf0b6f,c5df7dbf-85ef-4935-81a7-c24daa809afe,89b3dc04-f6f7-48ba-bf2a-14f70ff5d16e,Covid_Evidence2020_03_21,45dce5251bd3ea6e908fa33ac9e6a8e17e6830215912ce1626cf4206e159819c,1,0,checklist,U,0.0,1.0,U,U,U,0.0,1,3,U,Is a general or singular causal claim made? Highlight the section(s) that supports your answer.,U
100054,7360da3cdcf83a48e365821654ef0750810f3483efb8e25ad792eed6f4bf0b6f,raw_307360da3cdcf83a48e365821654ef0750810f3483efb8e25ad792eed6f4bf0b6f,c5df7dbf-85ef-4935-81a7-c24daa809afe,89b3dc04-f6f7-48ba-bf2a-14f70ff5d16e,Covid_Evidence2020_03_21,45dce5251bd3ea6e908fa33ac9e6a8e17e6830215912ce1626cf4206e159819c,2,0,checklist,L,0.0,1.0,L,L,L,0.0,2,9,L,What evidence is given for the primary causal claim? Select all that apply.,L
100054,7360da3cdcf83a48e365821654ef0750810f3483efb8e25ad792eed6f4bf0b6f,raw_307360da3cdcf83a48e365821654ef0750810f3483efb8e25ad792eed6f4bf0b6f,c5df7dbf-85ef-4935-81a7-c24daa809afe,89b3dc04-f6f7-48ba-bf2a-14f70ff5d16e,Covid_Evidence2020_03_21,45dce5251bd3ea6e908fa33ac9e6a8e17e6830215912ce1626cf4206e159819c,2,0,checklist,L,0.0,1.0,L,L,L,0.0,2,9,L,What evidence is given for the primary causal claim? Select all that apply.,L
100054,7360da3cdcf83a48e365821654ef0750810f3483efb8e25ad792eed6f4bf0b6f,raw_307360da3cdcf83a48e365821654ef0750810f3483efb8e25ad792eed6f4bf0b6f,c5df7dbf-85ef-4935-81a7-c24daa809afe,89b3dc04-f6f7-48ba-bf2a-14f70ff5d16e,Covid_Evidence2020_03_21,45dce5251bd3ea6e908fa33ac9e6a8e17e6830215912ce1626cf4206e159819c,2,fee5e5ec-ce13-43e7-aca6-5babee4eb8a5,checklist,3,0.5,0.5,[],NA,NA,0.5,2,9,NA,What evidence is given for the primary causal claim? Select all that apply.,The correlation appears across multiple independent contexts
100054,7360da3cdcf83a48e365821654ef0750810f3483efb8e25ad792eed6f4bf0b6f,raw_307360da3cdcf83a48e365821654ef0750810f3483efb8e25ad792eed6f4bf0b6f,c5df7dbf-85ef-4935-81a7-c24daa809afe,89b3dc04-f6f7-48ba-bf2a-14f70ff5d16e,Covid_Evidence2020_03_21,45dce5251bd3ea6e908fa33ac9e6a8e17e6830215912ce1626cf4206e159819c,2,0,checklist,L,0.0,1.0,L,L,L,0.0,2,9,L,What evidence is given for the primary causal claim? Select all that apply.,L
100054,7360da3cdcf83a48e365821654ef0750810f3483efb8e25ad792eed6f4bf0b6f,raw_307360da3cdcf83a48e365821654ef0750810f3483efb8e25ad792eed6f4bf0b6f,c5df7dbf-85ef-4935-81a7-c24daa809afe,89b3dc04-f6f7-48ba-bf2a-14f70ff5d16e,Covid_Evidence2020_03_21,45dce5251bd3ea6e908fa33ac9e6a8e17e6830215912ce1626cf4206e159819c,2,0,checklist,L,0.0,1.0,L,L,L,0.0,2,9,L,What evidence is given for the primary causal claim? Select all that apply.,L
100054,7360da3cdcf83a48e365821654ef0750810f3483efb8e25ad792eed6f4bf0b6f,raw_307360da3cdcf83a48e365821654ef0750810f3483efb8e25ad792eed6f4bf0b6f,c5df7dbf-85ef-4935-81a7-c24daa809afe,89b3dc04-f6f7-48ba-bf2a-14f70ff5d16e,Covid_Evidence2020_03_21,45dce5251bd3ea6e908fa33ac9e6a8e17e6830215912ce1626cf4206e159819c,2,0,checklist,L,0.0,1.0,L,L,L,0.0,2,9,L,What evidence is given for the primary causal claim? Select all that apply.,L
100054,7360da3cdcf83a48e365821654ef0750810f3483efb8e25ad792eed6f4bf0b6f,raw_307360da3cdcf83a48e365821654ef0750810f3483efb8e25ad792eed6f4bf0b6f,c5df7dbf-85ef-4935-81a7-c24daa809afe,89b3dc04-f6f7-48ba-bf2a-14f70ff5d16e,Covid_Evidence2020_03_21,45dce5251bd3ea6e908fa33ac9e6a8e17e6830215912ce1626cf4206e159819c,2,0,checklist,L,0.0,1.0,L,L,L,0.0,2,9,L,What evidence is given for the primary causal claim? Select all that apply.,L
100054,7360da3cdcf83a48e365821654ef0750810f3483efb8e25ad792eed6f4bf0b6f,raw_307360da3cdcf83a48e365821654ef0750810f3483efb8e25ad792eed6f4bf0b6f,c5df7dbf-85ef-4935-81a7-c24daa809afe,89b3dc04-f6f7-48ba-bf2a-14f70ff5d16e,Covid_Evidence2020_03_21,45dce5251bd3ea6e908fa33ac9e6a8e17e6830215912ce1626cf4206e159819c,2,857d25f3-1a9c-45a3-b9dc-5cdc41e9d438,checklist,8,0.5,0.5,[],NA,NA,0.5,2,9,NA,What evidence is given for the primary causal claim? Select all that apply.,Other evidence
100054,7360da3cdcf83a48e365821654ef0750810f3483efb8e25ad792eed6f4bf0b6f,raw_307360da3cdcf83a48e365821654ef0750810f3483efb8e25ad792eed6f4bf0b6f,c5df7dbf-85ef-4935-81a7-c24daa809afe,89b3dc04-f6f7-48ba-bf2a-14f70ff5d16e,Covid_Evidence2020_03_21,45dce5251bd3ea6e908fa33ac9e6a8e17e6830215912ce1626cf4206e159819c,2,0,checklist,L,0.0,1.0,L,L,L,0.0,2,9,L,What evidence is given for the primary causal claim? Select all that apply.,L
100054,7360da3cdcf83a48e365821654ef0750810f3483efb8e25ad792eed6f4bf0b6f,raw_307360da3cdcf83a48e365821654ef0750810f3483efb8e25ad792eed6f4bf0b6f,c5df7dbf-85ef-4935-81a7-c24daa809afe,89b3dc04-f6f7-48ba-bf2a-14f70ff5d16e,Covid_Evidence2020_03_21,45dce5251bd3ea6e908fa33ac9e6a8e17e6830215912ce1626cf4206e159819c,3,XXX,0,0,0,0,0,0,0,0.0,0,0,0,What other evidence is given?,zero
100054,7360da3cdcf83a48e365821654ef0750810f3483efb8e25ad792eed6f4bf0b6f,raw_307360da3cdcf83a48e365821654ef0750810f3483efb8e25ad792eed6f4bf0b6f,c5df7dbf-85ef-4935-81a7-c24daa809afe,89b3dc04-f6f7-48ba-bf2a-14f70ff5d16e,Covid_Evidence2020_03_21,45dce5251bd3ea6e908fa33ac9e6a8e17e6830215912ce1626cf4206e159819c,7,XXX,0,0,0,0,0,0,0,0.0,0,0,0,What is the best alternative explanation you can think of that could lead to the same set of evidence?,zero
100054,7360da3cdcf83a48e365821654ef0750810f3483efb8e25ad792eed6f4bf0b6f,raw_307360da3cdcf83a48e365821654ef0750810f3483efb8e25ad792eed6f4bf0b6f,c5df7dbf-85ef-4935-81a7-c24daa809afe,89b3dc04-f6f7-48ba-bf2a-14f70ff5d16e,Covid_Evidence2020_03_21,45dce5251bd3ea6e908fa33ac9e6a8e17e6830215912ce1626cf4206e159819c,8,0,ordinal,U,1.0,1.0,U,U,U,0.5,1,5,U,"How likely is your alternative explanation for the same evidence, as compared to the author’s explanation?",U
100054,7360da3cdcf83a48e365821654ef0750810f3483efb8e25ad792eed6f4bf0b6f,raw_307360da3cdcf83a48e365821654ef0750810f3483efb8e25ad792eed6f4bf0b6f,c5df7dbf-85ef-4935-81a7-c24daa809afe,89b3dc04-f6f7-48ba-bf2a-14f70ff5d16e,Covid_Evidence2020_03_21,45dce5251bd3ea6e908fa33ac9e6a8e17e6830215912ce1626cf4206e159819c,9,0,ordinal,U,1.0,1.0,U,U,U,0.5,1,3,U,Is data presented as evidence for a pattern (e.g. A relationship between two variables)?,U
100054,7360da3cdcf83a48e365821654ef0750810f3483efb8e25ad792eed6f4bf0b6f,raw_307360da3cdcf83a48e365821654ef0750810f3483efb8e25ad792eed6f4bf0b6f,c5df7dbf-85ef-4935-81a7-c24daa809afe,89b3dc04-f6f7-48ba-bf2a-14f70ff5d16e,Covid_Evidence2020_03_21,45dce5251bd3ea6e908fa33ac9e6a8e17e6830215912ce1626cf4206e159819c,12,0,ordinal,U,1.0,1.0,U,U,U,0.5,1,4,U,Does the author suggest in any way that further evidence might improve our understanding of the topic?,U
100054,7360da3cdcf83a48e365821654ef0750810f3483efb8e25ad792eed6f4bf0b6f,raw_307360da3cdcf83a48e365821654ef0750810f3483efb8e25ad792eed6f4bf0b6f,c5df7dbf-85ef-4935-81a7-c24daa809afe,89b3dc04-f6f7-48ba-bf2a-14f70ff5d16e,Covid_Evidence2020_03_21,45dce5251bd3ea6e908fa33ac9e6a8e17e6830215912ce1626cf4206e159819c,13,0,ordinal,U,1.0,1.0,U,U,U,0.5,1,10,U,"How difficult was this task for you, on the whole?",U
100054,7360da3cdcf83a48e365821654ef0750810f3483efb8e25ad792eed6f4bf0b6f,raw_307360da3cdcf83a48e365821654ef0750810f3483efb8e25ad792eed6f4bf0b6f,c5df7dbf-85ef-4935-81a7-c24daa809afe,89b3dc04-f6f7-48ba-bf2a-14f70ff5d16e,Covid_Evidence2020_03_21,45dce5251bd3ea6e908fa33ac9e6a8e17e6830215912ce1626cf4206e159819c,14,0,ordinal,U,1.0,1.0,U,U,U,0.5,1,10,U,"How confident are you about your answers, on the whole?",U
100055,3be14d67e2d88964904dcbe7df176bb81dacfc76a6f2e4ec66b45681c86c9301,raw_303be14d67e2d88964904dcbe7df176bb81dacfc76a6f2e4ec66b45681c86c9301,c7230f9c-9c32-4a0f-abf2-ec7b5e74ee9f,1e247233-4e92-45ad-bd49-c53fa930cb6d,Covid_Evidence2020_03_21,45dce5251bd3ea6e908fa33ac9e6a8e17e6830215912ce1626cf4206e159819c,1,73d7a14a-9ec6-404c-b2b7-a55508af3b76,checklist,1,1.0,0.0,[],NA,NA,1.0,2,3,NA,Is a general or singular causal claim made? Highlight the section(s) that supports your answer.,"General Causation (In general, X causes Y.)"
100055,3be14d67e2d88964904dcbe7df176bb81dacfc76a6f2e4ec66b45681c86c9301,raw_303be14d67e2d88964904dcbe7df176bb81dacfc76a6f2e4ec66b45681c86c9301,c7230f9c-9c32-4a0f-abf2-ec7b5e74ee9f,1e247233-4e92-45ad-bd49-c53fa930cb6d,Covid_Evidence2020_03_21,45dce5251bd3ea6e908fa33ac9e6a8e17e6830215912ce1626cf4206e159819c,1,0,checklist,L,0.0,1.0,L,L,L,0.0,2,3,L,Is a general or singular causal claim made? Highlight the section(s) that supports your answer.,L
100055,3be14d67e2d88964904dcbe7df176bb81dacfc76a6f2e4ec66b45681c86c9301,raw_303be14d67e2d88964904dcbe7df176bb81dacfc76a6f2e4ec66b45681c86c9301,c7230f9c-9c32-4a0f-abf2-ec7b5e74ee9f,1e247233-4e92-45ad-bd49-c53fa930cb6d,Covid_Evidence2020_03_21,45dce5251bd3ea6e908fa33ac9e6a8e17e6830215912ce1626cf4206e159819c,1,0,checklist,L,0.0,1.0,L,L,L,0.0,2,3,L,Is a general or singular causal claim made? Highlight the section(s) that supports your answer.,L
100055,3be14d67e2d88964904dcbe7df176bb81dacfc76a6f2e4ec66b45681c86c9301,raw_303be14d67e2d88964904dcbe7df176bb81dacfc76a6f2e4ec66b45681c86c9301,c7230f9c-9c32-4a0f-abf2-ec7b5e74ee9f,1e247233-4e92-45ad-bd49-c53fa930cb6d,Covid_Evidence2020_03_21,45dce5251bd3ea6e908fa33ac9e6a8e17e6830215912ce1626cf4206e159819c,2,5a1fb1f4-d8b7-45c0-bce5-7d4c3b91c55f,checklist,1,0.375,0.625,[],NA,NA,0.375,8,9,NA,What evidence is given for the primary causal claim? Select all that apply.,Correlation
100055,3be14d67e2d88964904dcbe7df176bb81dacfc76a6f2e4ec66b45681c86c9301,raw_303be14d67e2d88964904dcbe7df176bb81dacfc76a6f2e4ec66b45681c86c9301,c7230f9c-9c32-4a0f-abf2-ec7b5e74ee9f,1e247233-4e92-45ad-bd49-c53fa930cb6d,Covid_Evidence2020_03_21,45dce5251bd3ea6e908fa33ac9e6a8e17e6830215912ce1626cf4206e159819c,2,0,checklist,L,0.0,1.0,L,L,L,0.0,8,9,L,What evidence is given for the primary causal claim? Select all that apply.,L
100055,3be14d67e2d88964904dcbe7df176bb81dacfc76a6f2e4ec66b45681c86c9301,raw_303be14d67e2d88964904dcbe7df176bb81dacfc76a6f2e4ec66b45681c86c9301,c7230f9c-9c32-4a0f-abf2-ec7b5e74ee9f,1e247233-4e92-45ad-bd49-c53fa930cb6d,Covid_Evidence2020_03_21,45dce5251bd3ea6e908fa33ac9e6a8e17e6830215912ce1626cf4206e159819c,2,0,checklist,M,0.25,0.75,M,M,M,0.125,8,9,M,What evidence is given for the primary causal claim? Select all that apply.,M
100055,3be14d67e2d88964904dcbe7df176bb81dacfc76a6f2e4ec66b45681c86c9301,raw_303be14d67e2d88964904dcbe7df176bb81dacfc76a6f2e4ec66b45681c86c9301,c7230f9c-9c32-4a0f-abf2-ec7b5e74ee9f,1e247233-4e92-45ad-bd49-c53fa930cb6d,Covid_Evidence2020_03_21,45dce5251bd3ea6e908fa33ac9e6a8e17e6830215912ce1626cf4206e159819c,2,0,checklist,L,0.0,1.0,L,L,L,0.0,8,9,L,What evidence is given for the primary causal claim? Select all that apply.,L
100055,3be14d67e2d88964904dcbe7df176bb81dacfc76a6f2e4ec66b45681c86c9301,raw_303be14d67e2d88964904dcbe7df176bb81dacfc76a6f2e4ec66b45681c86c9301,c7230f9c-9c32-4a0f-abf2-ec7b5e74ee9f,1e247233-4e92-45ad-bd49-c53fa930cb6d,Covid_Evidence2020_03_21,45dce5251bd3ea6e908fa33ac9e6a8e17e6830215912ce1626cf4206e159819c,2,0,checklist,L,0.0,1.0,L,L,L,0.0,8,9,L,What evidence is given for the primary causal claim? Select all that apply.,L
100055,3be14d67e2d88964904dcbe7df176bb81dacfc76a6f2e4ec66b45681c86c9301,raw_303be14d67e2d88964904dcbe7df176bb81dacfc76a6f2e4ec66b45681c86c9301,c7230f9c-9c32-4a0f-abf2-ec7b5e74ee9f,1e247233-4e92-45ad-bd49-c53fa930cb6d,Covid_Evidence2020_03_21,45dce5251bd3ea6e908fa33ac9e6a8e17e6830215912ce1626cf4206e159819c,2,0,checklist,M,0.25,0.75,M,M,M,0.125,8,9,M,What evidence is given for the primary causal claim? Select all that apply.,M
100055,3be14d67e2d88964904dcbe7df176bb81dacfc76a6f2e4ec66b45681c86c9301,raw_303be14d67e2d88964904dcbe7df176bb81dacfc76a6f2e4ec66b45681c86c9301,c7230f9c-9c32-4a0f-abf2-ec7b5e74ee9f,1e247233-4e92-45ad-bd49-c53fa930cb6d,Covid_Evidence2020_03_21,45dce5251bd3ea6e908fa33ac9e6a8e17e6830215912ce1626cf4206e159819c,2,0,checklist,L,0.0,1.0,L,L,L,0.0,8,9,L,What evidence is given for the primary causal claim? Select all that apply.,L
100055,3be14d67e2d88964904dcbe7df176bb81dacfc76a6f2e4ec66b45681c86c9301,raw_303be14d67e2d88964904dcbe7df176bb81dacfc76a6f2e4ec66b45681c86c9301,c7230f9c-9c32-4a0f-abf2-ec7b5e74ee9f,1e247233-4e92-45ad-bd49-c53fa930cb6d,Covid_Evidence2020_03_21,45dce5251bd3ea6e908fa33ac9e6a8e17e6830215912ce1626cf4206e159819c,2,0,checklist,L,0.125,0.875,L,L,L,0.0625,8,9,L,What evidence is given for the primary causal claim? Select all that apply.,L
100055,3be14d67e2d88964904dcbe7df176bb81dacfc76a6f2e4ec66b45681c86c9301,raw_303be14d67e2d88964904dcbe7df176bb81dacfc76a6f2e4ec66b45681c86c9301,c7230f9c-9c32-4a0f-abf2-ec7b5e74ee9f,1e247233-4e92-45ad-bd49-c53fa930cb6d,Covid_Evidence2020_03_21,45dce5251bd3ea6e908fa33ac9e6a8e17e6830215912ce1626cf4206e159819c,2,0,checklist,L,0.0,1.0,L,L,L,0.0,8,9,L,What evidence is given for the primary causal claim? Select all that apply.,L
100055,3be14d67e2d88964904dcbe7df176bb81dacfc76a6f2e4ec66b45681c86c9301,raw_303be14d67e2d88964904dcbe7df176bb81dacfc76a6f2e4ec66b45681c86c9301,c7230f9c-9c32-4a0f-abf2-ec7b5e74ee9f,1e247233-4e92-45ad-bd49-c53fa930cb6d,Covid_Evidence2020_03_21,45dce5251bd3ea6e908fa33ac9e6a8e17e6830215912ce1626cf4206e159819c,3,XXX,0,0,0,0,0,0,0,0.0,0,0,0,What other evidence is given?,zero
100055,3be14d67e2d88964904dcbe7df176bb81dacfc76a6f2e4ec66b45681c86c9301,raw_303be14d67e2d88964904dcbe7df176bb81dacfc76a6f2e4ec66b45681c86c9301,c7230f9c-9c32-4a0f-abf2-ec7b5e74ee9f,1e247233-4e92-45ad-bd49-c53fa930cb6d,Covid_Evidence2020_03_21,45dce5251bd3ea6e908fa33ac9e6a8e17e6830215912ce1626cf4206e159819c,4,0,ordinal,U,1.0,1.0,U,U,U,0.5,1,6,U,How representative is the sample of the population that the claim is made about?,U
100055,3be14d67e2d88964904dcbe7df176bb81dacfc76a6f2e4ec66b45681c86c9301,raw_303be14d67e2d88964904dcbe7df176bb81dacfc76a6f2e4ec66b45681c86c9301,c7230f9c-9c32-4a0f-abf2-ec7b5e74ee9f,1e247233-4e92-45ad-bd49-c53fa930cb6d,Covid_Evidence2020_03_21,45dce5251bd3ea6e908fa33ac9e6a8e17e6830215912ce1626cf4206e159819c,7,XXX,0,0,0,0,0,0,0,0.0,0,0,0,What is the best alternative explanation you can think of that could lead to the same set of evidence?,zero
100055,3be14d67e2d88964904dcbe7df176bb81dacfc76a6f2e4ec66b45681c86c9301,raw_303be14d67e2d88964904dcbe7df176bb81dacfc76a6f2e4ec66b45681c86c9301,c7230f9c-9c32-4a0f-abf2-ec7b5e74ee9f,1e247233-4e92-45ad-bd49-c53fa930cb6d,Covid_Evidence2020_03_21,45dce5251bd3ea6e908fa33ac9e6a8e17e6830215912ce1626cf4206e159819c,8,0,ordinal,U,1.0,1.0,U,U,U,0.5,1,5,U,"How likely is your alternative explanation for the same evidence, as compared to the author’s explanation?",U
100055,3be14d67e2d88964904dcbe7df176bb81dacfc76a6f2e4ec66b45681c86c9301,raw_303be14d67e2d88964904dcbe7df176bb81dacfc76a6f2e4ec66b45681c86c9301,c7230f9c-9c32-4a0f-abf2-ec7b5e74ee9f,1e247233-4e92-45ad-bd49-c53fa930cb6d,Covid_Evidence2020_03_21,45dce5251bd3ea6e908fa33ac9e6a8e17e6830215912ce1626cf4206e159819c,9,2226abe4-b7a9-4ea8-acfd-13387300f3fb,ordinal,1,1.0,1.0,[],NA,NA,1.0,2,3,NA,Is data presented as evidence for a pattern (e.g. A relationship between two variables)?,Yes
100055,3be14d67e2d88964904dcbe7df176bb81dacfc76a6f2e4ec66b45681c86c9301,raw_303be14d67e2d88964904dcbe7df176bb81dacfc76a6f2e4ec66b45681c86c9301,c7230f9c-9c32-4a0f-abf2-ec7b5e74ee9f,1e247233-4e92-45ad-bd49-c53fa930cb6d,Covid_Evidence2020_03_21,45dce5251bd3ea6e908fa33ac9e6a8e17e6830215912ce1626cf4206e159819c,10,0,ordinal,U,1.0,1.0,U,U,U,0.5,1,5,U,"Given the information you have, how likely is it that the apparent pattern is a result of random statistical variation or error (noise)?",U
100055,3be14d67e2d88964904dcbe7df176bb81dacfc76a6f2e4ec66b45681c86c9301,raw_303be14d67e2d88964904dcbe7df176bb81dacfc76a6f2e4ec66b45681c86c9301,c7230f9c-9c32-4a0f-abf2-ec7b5e74ee9f,1e247233-4e92-45ad-bd49-c53fa930cb6d,Covid_Evidence2020_03_21,45dce5251bd3ea6e908fa33ac9e6a8e17e6830215912ce1626cf4206e159819c,11,0,ordinal,U,1.0,1.0,U,U,U,0.5,1,5,U,"Given the information you have, how likely is it that the apparent pattern is a result of some systematic error (a systematic bias in the study that could not be cancelled out by collecting more data)?",U
100055,3be14d67e2d88964904dcbe7df176bb81dacfc76a6f2e4ec66b45681c86c9301,raw_303be14d67e2d88964904dcbe7df176bb81dacfc76a6f2e4ec66b45681c86c9301,c7230f9c-9c32-4a0f-abf2-ec7b5e74ee9f,1e247233-4e92-45ad-bd49-c53fa930cb6d,Covid_Evidence2020_03_21,45dce5251bd3ea6e908fa33ac9e6a8e17e6830215912ce1626cf4206e159819c,12,0,ordinal,U,1.0,1.0,U,U,U,0.5,1,4,U,Does the author suggest in any way that further evidence might improve our understanding of the topic?,U
100055,3be14d67e2d88964904dcbe7df176bb81dacfc76a6f2e4ec66b45681c86c9301,raw_303be14d67e2d88964904dcbe7df176bb81dacfc76a6f2e4ec66b45681c86c9301,c7230f9c-9c32-4a0f-abf2-ec7b5e74ee9f,1e247233-4e92-45ad-bd49-c53fa930cb6d,Covid_Evidence2020_03_21,45dce5251bd3ea6e908fa33ac9e6a8e17e6830215912ce1626cf4206e159819c,13,0,ordinal,U,1.0,1.0,U,U,U,0.5,1,10,U,"How difficult was this task for you, on the whole?",U
100055,3be14d67e2d88964904dcbe7df176bb81dacfc76a6f2e4ec66b45681c86c9301,raw_303be14d67e2d88964904dcbe7df176bb81dacfc76a6f2e4ec66b45681c86c9301,c7230f9c-9c32-4a0f-abf2-ec7b5e74ee9f,1e247233-4e92-45ad-bd49-c53fa930cb6d,Covid_Evidence2020_03_21,45dce5251bd3ea6e908fa33ac9e6a8e17e6830215912ce1626cf4206e159819c,14,0,ordinal,U,1.0,1.0,U,U,U,0.5,1,10,U,"How confident are you about your answers, on the whole?",U
100056,09a894f06d1157dd7a22a198c6ef78c2b9f4116266d2b0a177d7bb129a51f6e8,raw_3009a894f06d1157dd7a22a198c6ef78c2b9f4116266d2b0a177d7bb129a51f6e8,bb5c9329-144f-4d11-b54f-ca30121028a4,6c80ed7e-0379-4901-adeb-588a5959c3e8,Covid_Evidence2020_03_21,45dce5251bd3ea6e908fa33ac9e6a8e17e6830215912ce1626cf4206e159819c,1,0,checklist,U,0.0,1.0,U,U,U,0.0,1,3,U,Is a general or singular causal claim made? Highlight the section(s) that supports your answer.,U
100056,09a894f06d1157dd7a22a198c6ef78c2b9f4116266d2b0a177d7bb129a51f6e8,raw_3009a894f06d1157dd7a22a198c6ef78c2b9f4116266d2b0a177d7bb129a51f6e8,bb5c9329-144f-4d11-b54f-ca30121028a4,6c80ed7e-0379-4901-adeb-588a5959c3e8,Covid_Evidence2020_03_21,45dce5251bd3ea6e908fa33ac9e6a8e17e6830215912ce1626cf4206e159819c,1,0,checklist,U,0.0,1.0,U,U,U,0.0,1,3,U,Is a general or singular causal claim made? Highlight the section(s) that supports your answer.,U
100056,09a894f06d1157dd7a22a198c6ef78c2b9f4116266d2b0a177d7bb129a51f6e8,raw_3009a894f06d1157dd7a22a198c6ef78c2b9f4116266d2b0a177d7bb129a51f6e8,bb5c9329-144f-4d11-b54f-ca30121028a4,6c80ed7e-0379-4901-adeb-588a5959c3e8,Covid_Evidence2020_03_21,45dce5251bd3ea6e908fa33ac9e6a8e17e6830215912ce1626cf4206e159819c,1,0,checklist,U,1.0,0.0,U,U,U,0.5,1,3,U,Is a general or singular causal claim made? Highlight the section(s) that supports your answer.,U
100056,09a894f06d1157dd7a22a198c6ef78c2b9f4116266d2b0a177d7bb129a51f6e8,raw_3009a894f06d1157dd7a22a198c6ef78c2b9f4116266d2b0a177d7bb129a51f6e8,bb5c9329-144f-4d11-b54f-ca30121028a4,6c80ed7e-0379-4901-adeb-588a5959c3e8,Covid_Evidence2020_03_21,45dce5251bd3ea6e908fa33ac9e6a8e17e6830215912ce1626cf4206e159819c,9,0,ordinal,U,1.0,1.0,U,U,U,0.5,1,3,U,Is data presented as evidence for a pattern (e.g. A relationship between two variables)?,U
100056,09a894f06d1157dd7a22a198c6ef78c2b9f4116266d2b0a177d7bb129a51f6e8,raw_3009a894f06d1157dd7a22a198c6ef78c2b9f4116266d2b0a177d7bb129a51f6e8,bb5c9329-144f-4d11-b54f-ca30121028a4,6c80ed7e-0379-4901-adeb-588a5959c3e8,Covid_Evidence2020_03_21,45dce5251bd3ea6e908fa33ac9e6a8e17e6830215912ce1626cf4206e159819c,12,a0972088-cb65-4764-a4ee-3be2b2bd100a,ordinal,2,1.0,1.0,[],NA,NA,1.0,3,4,NA,Does the author suggest in any way that further evidence might improve our understanding of the topic?,"Yes, implicitly"
100056,09a894f06d1157dd7a22a198c6ef78c2b9f4116266d2b0a177d7bb129a51f6e8,raw_3009a894f06d1157dd7a22a198c6ef78c2b9f4116266d2b0a177d7bb129a51f6e8,bb5c9329-144f-4d11-b54f-ca30121028a4,6c80ed7e-0379-4901-adeb-588a5959c3e8,Covid_Evidence2020_03_21,45dce5251bd3ea6e908fa33ac9e6a8e17e6830215912ce1626cf4206e159819c,13,0,ordinal,U,1.0,1.0,U,U,U,0.5,1,10,U,"How difficult was this task for you, on the whole?",U
100056,09a894f06d1157dd7a22a198c6ef78c2b9f4116266d2b0a177d7bb129a51f6e8,raw_3009a894f06d1157dd7a22a198c6ef78c2b9f4116266d2b0a177d7bb129a51f6e8,bb5c9329-144f-4d11-b54f-ca30121028a4,6c80ed7e-0379-4901-adeb-588a5959c3e8,Covid_Evidence2020_03_21,45dce5251bd3ea6e908fa33ac9e6a8e17e6830215912ce1626cf4206e159819c,14,0,ordinal,U,1.0,1.0,U,U,U,0.5,1,10,U,"How confident are you about your answers, on the whole?",U
100056,09a894f06d1157dd7a22a198c6ef78c2b9f4116266d2b0a177d7bb129a51f6e8,raw_3009a894f06d1157dd7a22a198c6ef78c2b9f4116266d2b0a177d7bb129a51f6e8,441e43ab-6be0-4a3a-820d-72f07efee748,d05cb172-c6b8-405e-9fb2-9f1fe9339c84,Covid_Evidence2020_03_21,45dce5251bd3ea6e908fa33ac9e6a8e17e6830215912ce1626cf4206e159819c,1,0,checklist,U,1.0,0.0,U,U,U,0.5,1,3,U,Is a general or singular causal claim made? Highlight the section(s) that supports your answer.,U
100056,09a894f06d1157dd7a22a198c6ef78c2b9f4116266d2b0a177d7bb129a51f6e8,raw_3009a894f06d1157dd7a22a198c6ef78c2b9f4116266d2b0a177d7bb129a51f6e8,441e43ab-6be0-4a3a-820d-72f07efee748,d05cb172-c6b8-405e-9fb2-9f1fe9339c84,Covid_Evidence2020_03_21,45dce5251bd3ea6e908fa33ac9e6a8e17e6830215912ce1626cf4206e159819c,1,0,checklist,U,0.0,1.0,U,U,U,0.0,1,3,U,Is a general or singular causal claim made? Highlight the section(s) that supports your answer.,U
100056,09a894f06d1157dd7a22a198c6ef78c2b9f4116266d2b0a177d7bb129a51f6e8,raw_3009a894f06d1157dd7a22a198c6ef78c2b9f4116266d2b0a177d7bb129a51f6e8,441e43ab-6be0-4a3a-820d-72f07efee748,d05cb172-c6b8-405e-9fb2-9f1fe9339c84,Covid_Evidence2020_03_21,45dce5251bd3ea6e908fa33ac9e6a8e17e6830215912ce1626cf4206e159819c,1,0,checklist,U,0.0,1.0,U,U,U,0.0,1,3,U,Is a general or singular causal claim made? Highlight the section(s) that supports your answer.,U
100056,09a894f06d1157dd7a22a198c6ef78c2b9f4116266d2b0a177d7bb129a51f6e8,raw_3009a894f06d1157dd7a22a198c6ef78c2b9f4116266d2b0a177d7bb129a51f6e8,441e43ab-6be0-4a3a-820d-72f07efee748,d05cb172-c6b8-405e-9fb2-9f1fe9339c84,Covid_Evidence2020_03_21,45dce5251bd3ea6e908fa33ac9e6a8e17e6830215912ce1626cf4206e159819c,2,0,checklist,U,0.0,1.0,U,U,U,0.0,1,9,U,What evidence is given for the primary causal claim? Select all that apply.,U
100056,09a894f06d1157dd7a22a198c6ef78c2b9f4116266d2b0a177d7bb129a51f6e8,raw_3009a894f06d1157dd7a22a198c6ef78c2b9f4116266d2b0a177d7bb129a51f6e8,441e43ab-6be0-4a3a-820d-72f07efee748,d05cb172-c6b8-405e-9fb2-9f1fe9339c84,Covid_Evidence2020_03_21,45dce5251bd3ea6e908fa33ac9e6a8e17e6830215912ce1626cf4206e159819c,2,0,checklist,U,0.0,1.0,U,U,U,0.0,1,9,U,What evidence is given for the primary causal claim? Select all that apply.,U
100056,09a894f06d1157dd7a22a198c6ef78c2b9f4116266d2b0a177d7bb129a51f6e8,raw_3009a894f06d1157dd7a22a198c6ef78c2b9f4116266d2b0a177d7bb129a51f6e8,441e43ab-6be0-4a3a-820d-72f07efee748,d05cb172-c6b8-405e-9fb2-9f1fe9339c84,Covid_Evidence2020_03_21,45dce5251bd3ea6e908fa33ac9e6a8e17e6830215912ce1626cf4206e159819c,2,0,checklist,U,0.0,1.0,U,U,U,0.0,1,9,U,What evidence is given for the primary causal claim? Select all that apply.,U
100056,09a894f06d1157dd7a22a198c6ef78c2b9f4116266d2b0a177d7bb129a51f6e8,raw_3009a894f06d1157dd7a22a198c6ef78c2b9f4116266d2b0a177d7bb129a51f6e8,441e43ab-6be0-4a3a-820d-72f07efee748,d05cb172-c6b8-405e-9fb2-9f1fe9339c84,Covid_Evidence2020_03_21,45dce5251bd3ea6e908fa33ac9e6a8e17e6830215912ce1626cf4206e159819c,2,0,checklist,U,0.0,1.0,U,U,U,0.0,1,9,U,What evidence is given for the primary causal claim? Select all that apply.,U
100056,09a894f06d1157dd7a22a198c6ef78c2b9f4116266d2b0a177d7bb129a51f6e8,raw_3009a894f06d1157dd7a22a198c6ef78c2b9f4116266d2b0a177d7bb129a51f6e8,441e43ab-6be0-4a3a-820d-72f07efee748,d05cb172-c6b8-405e-9fb2-9f1fe9339c84,Covid_Evidence2020_03_21,45dce5251bd3ea6e908fa33ac9e6a8e17e6830215912ce1626cf4206e159819c,2,0,checklist,U,0.0,1.0,U,U,U,0.0,1,9,U,What evidence is given for the primary causal claim? Select all that apply.,U
100056,09a894f06d1157dd7a22a198c6ef78c2b9f4116266d2b0a177d7bb129a51f6e8,raw_3009a894f06d1157dd7a22a198c6ef78c2b9f4116266d2b0a177d7bb129a51f6e8,441e43ab-6be0-4a3a-820d-72f07efee748,d05cb172-c6b8-405e-9fb2-9f1fe9339c84,Covid_Evidence2020_03_21,45dce5251bd3ea6e908fa33ac9e6a8e17e6830215912ce1626cf4206e159819c,2,0,checklist,U,0.0,1.0,U,U,U,0.0,1,9,U,What evidence is given for the primary causal claim? Select all that apply.,U
100056,09a894f06d1157dd7a22a198c6ef78c2b9f4116266d2b0a177d7bb129a51f6e8,raw_3009a894f06d1157dd7a22a198c6ef78c2b9f4116266d2b0a177d7bb129a51f6e8,441e43ab-6be0-4a3a-820d-72f07efee748,d05cb172-c6b8-405e-9fb2-9f1fe9339c84,Covid_Evidence2020_03_21,45dce5251bd3ea6e908fa33ac9e6a8e17e6830215912ce1626cf4206e159819c,2,0,checklist,U,0.0,1.0,U,U,U,0.0,1,9,U,What evidence is given for the primary causal claim? Select all that apply.,U
100056,09a894f06d1157dd7a22a198c6ef78c2b9f4116266d2b0a177d7bb129a51f6e8,raw_3009a894f06d1157dd7a22a198c6ef78c2b9f4116266d2b0a177d7bb129a51f6e8,441e43ab-6be0-4a3a-820d-72f07efee748,d05cb172-c6b8-405e-9fb2-9f1fe9339c84,Covid_Evidence2020_03_21,45dce5251bd3ea6e908fa33ac9e6a8e17e6830215912ce1626cf4206e159819c,2,0,checklist,U,0.0,1.0,U,U,U,0.0,1,9,U,What evidence is given for the primary causal claim? Select all that apply.,U
100056,09a894f06d1157dd7a22a198c6ef78c2b9f4116266d2b0a177d7bb129a51f6e8,raw_3009a894f06d1157dd7a22a198c6ef78c2b9f4116266d2b0a177d7bb129a51f6e8,441e43ab-6be0-4a3a-820d-72f07efee748,d05cb172-c6b8-405e-9fb2-9f1fe9339c84,Covid_Evidence2020_03_21,45dce5251bd3ea6e908fa33ac9e6a8e17e6830215912ce1626cf4206e159819c,2,0,checklist,U,1.0,0.0,U,U,U,0.5,1,9,U,What evidence is given for the primary causal claim? Select all that apply.,U
100056,09a894f06d1157dd7a22a198c6ef78c2b9f4116266d2b0a177d7bb129a51f6e8,raw_3009a894f06d1157dd7a22a198c6ef78c2b9f4116266d2b0a177d7bb129a51f6e8,441e43ab-6be0-4a3a-820d-72f07efee748,d05cb172-c6b8-405e-9fb2-9f1fe9339c84,Covid_Evidence2020_03_21,45dce5251bd3ea6e908fa33ac9e6a8e17e6830215912ce1626cf4206e159819c,7,XXX,0,0,0,0,0,0,0,0.0,0,0,0,What is the best alternative explanation you can think of that could lead to the same set of evidence?,zero
100056,09a894f06d1157dd7a22a198c6ef78c2b9f4116266d2b0a177d7bb129a51f6e8,raw_3009a894f06d1157dd7a22a198c6ef78c2b9f4116266d2b0a177d7bb129a51f6e8,441e43ab-6be0-4a3a-820d-72f07efee748,d05cb172-c6b8-405e-9fb2-9f1fe9339c84,Covid_Evidence2020_03_21,45dce5251bd3ea6e908fa33ac9e6a8e17e6830215912ce1626cf4206e159819c,8,0,ordinal,U,1.0,1.0,U,U,U,0.5,1,5,U,"How likely is your alternative explanation for the same evidence, as compared to the author’s explanation?",U
100056,09a894f06d1157dd7a22a198c6ef78c2b9f4116266d2b0a177d7bb129a51f6e8,raw_3009a894f06d1157dd7a22a198c6ef78c2b9f4116266d2b0a177d7bb129a51f6e8,441e43ab-6be0-4a3a-820d-72f07efee748,d05cb172-c6b8-405e-9fb2-9f1fe9339c84,Covid_Evidence2020_03_21,45dce5251bd3ea6e908fa33ac9e6a8e17e6830215912ce1626cf4206e159819c,9,0,ordinal,U,1.0,1.0,U,U,U,0.5,1,3,U,Is data presented as evidence for a pattern (e.g. A relationship between two variables)?,U
100056,09a894f06d1157dd7a22a198c6ef78c2b9f4116266d2b0a177d7bb129a51f6e8,raw_3009a894f06d1157dd7a22a198c6ef78c2b9f4116266d2b0a177d7bb129a51f6e8,441e43ab-6be0-4a3a-820d-72f07efee748,d05cb172-c6b8-405e-9fb2-9f1fe9339c84,Covid_Evidence2020_03_21,45dce5251bd3ea6e908fa33ac9e6a8e17e6830215912ce1626cf4206e159819c,12,a0972088-cb65-4764-a4ee-3be2b2bd100a,ordinal,2,1.0,1.0,[],NA,NA,1.0,2,4,NA,Does the author suggest in any way that further evidence might improve our understanding of the topic?,"Yes, implicitly"
100056,09a894f06d1157dd7a22a198c6ef78c2b9f4116266d2b0a177d7bb129a51f6e8,raw_3009a894f06d1157dd7a22a198c6ef78c2b9f4116266d2b0a177d7bb129a51f6e8,441e43ab-6be0-4a3a-820d-72f07efee748,d05cb172-c6b8-405e-9fb2-9f1fe9339c84,Covid_Evidence2020_03_21,45dce5251bd3ea6e908fa33ac9e6a8e17e6830215912ce1626cf4206e159819c,13,0,ordinal,U,1.0,1.0,U,U,U,0.5,1,10,U,"How difficult was this task for you, on the whole?",U
100056,09a894f06d1157dd7a22a198c6ef78c2b9f4116266d2b0a177d7bb129a51f6e8,raw_3009a894f06d1157dd7a22a198c6ef78c2b9f4116266d2b0a177d7bb129a51f6e8,441e43ab-6be0-4a3a-820d-72f07efee748,d05cb172-c6b8-405e-9fb2-9f1fe9339c84,Covid_Evidence2020_03_21,45dce5251bd3ea6e908fa33ac9e6a8e17e6830215912ce1626cf4206e159819c,14,0,ordinal,U,1.0,1.0,U,U,U,0.5,1,10,U,"How confident are you about your answers, on the whole?",U
100057,7d1747829a65cd4dad0faf30a704875a125e9decce3b3bcc82f151193923aad8,raw_307d1747829a65cd4dad0faf30a704875a125e9decce3b3bcc82f151193923aad8,fe008311-4d69-465a-85e0-f14455a827a4,fbd00939-47d3-4ff4-9d49-18087c7cd94c,Covid_Evidence2020_03_21,45dce5251bd3ea6e908fa33ac9e6a8e17e6830215912ce1626cf4206e159819c,1,0,checklist,U,0.0,1.0,U,U,U,0.0,1,3,U,Is a general or singular causal claim made? Highlight the section(s) that supports your answer.,U
100057,7d1747829a65cd4dad0faf30a704875a125e9decce3b3bcc82f151193923aad8,raw_307d1747829a65cd4dad0faf30a704875a125e9decce3b3bcc82f151193923aad8,fe008311-4d69-465a-85e0-f14455a827a4,fbd00939-47d3-4ff4-9d49-18087c7cd94c,Covid_Evidence2020_03_21,45dce5251bd3ea6e908fa33ac9e6a8e17e6830215912ce1626cf4206e159819c,1,0,checklist,U,0.0,1.0,U,U,U,0.0,1,3,U,Is a general or singular causal claim made? Highlight the section(s) that supports your answer.,U
100057,7d1747829a65cd4dad0faf30a704875a125e9decce3b3bcc82f151193923aad8,raw_307d1747829a65cd4dad0faf30a704875a125e9decce3b3bcc82f151193923aad8,fe008311-4d69-465a-85e0-f14455a827a4,fbd00939-47d3-4ff4-9d49-18087c7cd94c,Covid_Evidence2020_03_21,45dce5251bd3ea6e908fa33ac9e6a8e17e6830215912ce1626cf4206e159819c,1,0,checklist,U,1.0,0.0,U,U,U,0.5,1,3,U,Is a general or singular causal claim made? Highlight the section(s) that supports your answer.,U
100057,7d1747829a65cd4dad0faf30a704875a125e9decce3b3bcc82f151193923aad8,raw_307d1747829a65cd4dad0faf30a704875a125e9decce3b3bcc82f151193923aad8,fe008311-4d69-465a-85e0-f14455a827a4,fbd00939-47d3-4ff4-9d49-18087c7cd94c,Covid_Evidence2020_03_21,45dce5251bd3ea6e908fa33ac9e6a8e17e6830215912ce1626cf4206e159819c,9,0,ordinal,U,1.0,1.0,U,U,U,0.5,1,3,U,Is data presented as evidence for a pattern (e.g. A relationship between two variables)?,U
100057,7d1747829a65cd4dad0faf30a704875a125e9decce3b3bcc82f151193923aad8,raw_307d1747829a65cd4dad0faf30a704875a125e9decce3b3bcc82f151193923aad8,fe008311-4d69-465a-85e0-f14455a827a4,fbd00939-47d3-4ff4-9d49-18087c7cd94c,Covid_Evidence2020_03_21,45dce5251bd3ea6e908fa33ac9e6a8e17e6830215912ce1626cf4206e159819c,12,0,ordinal,U,1.0,1.0,U,U,U,0.5,1,4,U,Does the author suggest in any way that further evidence might improve our understanding of the topic?,U
100057,7d1747829a65cd4dad0faf30a704875a125e9decce3b3bcc82f151193923aad8,raw_307d1747829a65cd4dad0faf30a704875a125e9decce3b3bcc82f151193923aad8,fe008311-4d69-465a-85e0-f14455a827a4,fbd00939-47d3-4ff4-9d49-18087c7cd94c,Covid_Evidence2020_03_21,45dce5251bd3ea6e908fa33ac9e6a8e17e6830215912ce1626cf4206e159819c,13,0,ordinal,U,1.0,1.0,U,U,U,0.5,1,10,U,"How difficult was this task for you, on the whole?",U
100057,7d1747829a65cd4dad0faf30a704875a125e9decce3b3bcc82f151193923aad8,raw_307d1747829a65cd4dad0faf30a704875a125e9decce3b3bcc82f151193923aad8,fe008311-4d69-465a-85e0-f14455a827a4,fbd00939-47d3-4ff4-9d49-18087c7cd94c,Covid_Evidence2020_03_21,45dce5251bd3ea6e908fa33ac9e6a8e17e6830215912ce1626cf4206e159819c,14,0,ordinal,U,1.0,1.0,U,U,U,0.5,1,10,U,"How confident are you about your answers, on the whole?",U
100057,7d1747829a65cd4dad0faf30a704875a125e9decce3b3bcc82f151193923aad8,raw_307d1747829a65cd4dad0faf30a704875a125e9decce3b3bcc82f151193923aad8,b70500ce-f185-42bf-bced-76b4f968def0,d7cc4264-1b79-40fd-841d-3a231fedd6e6,Covid_Evidence2020_03_21,45dce5251bd3ea6e908fa33ac9e6a8e17e6830215912ce1626cf4206e159819c,1,0,checklist,U,1.0,0.0,U,U,U,0.5,1,3,U,Is a general or singular causal claim made? Highlight the section(s) that supports your answer.,U
100057,7d1747829a65cd4dad0faf30a704875a125e9decce3b3bcc82f151193923aad8,raw_307d1747829a65cd4dad0faf30a704875a125e9decce3b3bcc82f151193923aad8,b70500ce-f185-42bf-bced-76b4f968def0,d7cc4264-1b79-40fd-841d-3a231fedd6e6,Covid_Evidence2020_03_21,45dce5251bd3ea6e908fa33ac9e6a8e17e6830215912ce1626cf4206e159819c,1,0,checklist,U,0.0,1.0,U,U,U,0.0,1,3,U,Is a general or singular causal claim made? Highlight the section(s) that supports your answer.,U
100057,7d1747829a65cd4dad0faf30a704875a125e9decce3b3bcc82f151193923aad8,raw_307d1747829a65cd4dad0faf30a704875a125e9decce3b3bcc82f151193923aad8,b70500ce-f185-42bf-bced-76b4f968def0,d7cc4264-1b79-40fd-841d-3a231fedd6e6,Covid_Evidence2020_03_21,45dce5251bd3ea6e908fa33ac9e6a8e17e6830215912ce1626cf4206e159819c,1,0,checklist,U,0.0,1.0,U,U,U,0.0,1,3,U,Is a general or singular causal claim made? Highlight the section(s) that supports your answer.,U
100057,7d1747829a65cd4dad0faf30a704875a125e9decce3b3bcc82f151193923aad8,raw_307d1747829a65cd4dad0faf30a704875a125e9decce3b3bcc82f151193923aad8,b70500ce-f185-42bf-bced-76b4f968def0,d7cc4264-1b79-40fd-841d-3a231fedd6e6,Covid_Evidence2020_03_21,45dce5251bd3ea6e908fa33ac9e6a8e17e6830215912ce1626cf4206e159819c,2,0,checklist,L,0.0,1.0,L,L,L,0.0,2,9,L,What evidence is given for the primary causal claim? Select all that apply.,L
100057,7d1747829a65cd4dad0faf30a704875a125e9decce3b3bcc82f151193923aad8,raw_307d1747829a65cd4dad0faf30a704875a125e9decce3b3bcc82f151193923aad8,b70500ce-f185-42bf-bced-76b4f968def0,d7cc4264-1b79-40fd-841d-3a231fedd6e6,Covid_Evidence2020_03_21,45dce5251bd3ea6e908fa33ac9e6a8e17e6830215912ce1626cf4206e159819c,2,ba2d1638-2509-4ce8-9130-39ea26d1d424,checklist,2,0.5,0.5,[],NA,NA,0.5,2,9,NA,What evidence is given for the primary causal claim? Select all that apply.,Cause precedes effect
100057,7d1747829a65cd4dad0faf30a704875a125e9decce3b3bcc82f151193923aad8,raw_307d1747829a65cd4dad0faf30a704875a125e9decce3b3bcc82f151193923aad8,b70500ce-f185-42bf-bced-76b4f968def0,d7cc4264-1b79-40fd-841d-3a231fedd6e6,Covid_Evidence2020_03_21,45dce5251bd3ea6e908fa33ac9e6a8e17e6830215912ce1626cf4206e159819c,2,0,checklist,L,0.0,1.0,L,L,L,0.0,2,9,L,What evidence is given for the primary causal claim? Select all that apply.,L
100057,7d1747829a65cd4dad0faf30a704875a125e9decce3b3bcc82f151193923aad8,raw_307d1747829a65cd4dad0faf30a704875a125e9decce3b3bcc82f151193923aad8,b70500ce-f185-42bf-bced-76b4f968def0,d7cc4264-1b79-40fd-841d-3a231fedd6e6,Covid_Evidence2020_03_21,45dce5251bd3ea6e908fa33ac9e6a8e17e6830215912ce1626cf4206e159819c,2,0,checklist,L,0.0,1.0,L,L,L,0.0,2,9,L,What evidence is given for the primary causal claim? Select all that apply.,L
100057,7d1747829a65cd4dad0faf30a704875a125e9decce3b3bcc82f151193923aad8,raw_307d1747829a65cd4dad0faf30a704875a125e9decce3b3bcc82f151193923aad8,b70500ce-f185-42bf-bced-76b4f968def0,d7cc4264-1b79-40fd-841d-3a231fedd6e6,Covid_Evidence2020_03_21,45dce5251bd3ea6e908fa33ac9e6a8e17e6830215912ce1626cf4206e159819c,2,0,checklist,L,0.0,1.0,L,L,L,0.0,2,9,L,What evidence is given for the primary causal claim? Select all that apply.,L
100057,7d1747829a65cd4dad0faf30a704875a125e9decce3b3bcc82f151193923aad8,raw_307d1747829a65cd4dad0faf30a704875a125e9decce3b3bcc82f151193923aad8,b70500ce-f185-42bf-bced-76b4f968def0,d7cc4264-1b79-40fd-841d-3a231fedd6e6,Covid_Evidence2020_03_21,45dce5251bd3ea6e908fa33ac9e6a8e17e6830215912ce1626cf4206e159819c,2,0,checklist,L,0.0,1.0,L,L,L,0.0,2,9,L,What evidence is given for the primary causal claim? Select all that apply.,L
100057,7d1747829a65cd4dad0faf30a704875a125e9decce3b3bcc82f151193923aad8,raw_307d1747829a65cd4dad0faf30a704875a125e9decce3b3bcc82f151193923aad8,b70500ce-f185-42bf-bced-76b4f968def0,d7cc4264-1b79-40fd-841d-3a231fedd6e6,Covid_Evidence2020_03_21,45dce5251bd3ea6e908fa33ac9e6a8e17e6830215912ce1626cf4206e159819c,2,0,checklist,L,0.0,1.0,L,L,L,0.0,2,9,L,What evidence is given for the primary causal claim? Select all that apply.,L
100057,7d1747829a65cd4dad0faf30a704875a125e9decce3b3bcc82f151193923aad8,raw_307d1747829a65cd4dad0faf30a704875a125e9decce3b3bcc82f151193923aad8,b70500ce-f185-42bf-bced-76b4f968def0,d7cc4264-1b79-40fd-841d-3a231fedd6e6,Covid_Evidence2020_03_21,45dce5251bd3ea6e908fa33ac9e6a8e17e6830215912ce1626cf4206e159819c,2,857d25f3-1a9c-45a3-b9dc-5cdc41e9d438,checklist,8,0.5,0.5,[],NA,NA,0.5,2,9,NA,What evidence is given for the primary causal claim? Select all that apply.,Other evidence
100057,7d1747829a65cd4dad0faf30a704875a125e9decce3b3bcc82f151193923aad8,raw_307d1747829a65cd4dad0faf30a704875a125e9decce3b3bcc82f151193923aad8,b70500ce-f185-42bf-bced-76b4f968def0,d7cc4264-1b79-40fd-841d-3a231fedd6e6,Covid_Evidence2020_03_21,45dce5251bd3ea6e908fa33ac9e6a8e17e6830215912ce1626cf4206e159819c,2,0,checklist,L,0.0,1.0,L,L,L,0.0,2,9,L,What evidence is given for the primary causal claim? Select all that apply.,L
100057,7d1747829a65cd4dad0faf30a704875a125e9decce3b3bcc82f151193923aad8,raw_307d1747829a65cd4dad0faf30a704875a125e9decce3b3bcc82f151193923aad8,b70500ce-f185-42bf-bced-76b4f968def0,d7cc4264-1b79-40fd-841d-3a231fedd6e6,Covid_Evidence2020_03_21,45dce5251bd3ea6e908fa33ac9e6a8e17e6830215912ce1626cf4206e159819c,3,XXX,0,0,0,0,0,0,0,0.0,0,0,0,What other evidence is given?,zero
100057,7d1747829a65cd4dad0faf30a704875a125e9decce3b3bcc82f151193923aad8,raw_307d1747829a65cd4dad0faf30a704875a125e9decce3b3bcc82f151193923aad8,b70500ce-f185-42bf-bced-76b4f968def0,d7cc4264-1b79-40fd-841d-3a231fedd6e6,Covid_Evidence2020_03_21,45dce5251bd3ea6e908fa33ac9e6a8e17e6830215912ce1626cf4206e159819c,7,XXX,0,0,0,0,0,0,0,0.0,0,0,0,What is the best alternative explanation you can think of that could lead to the same set of evidence?,zero
100057,7d1747829a65cd4dad0faf30a704875a125e9decce3b3bcc82f151193923aad8,raw_307d1747829a65cd4dad0faf30a704875a125e9decce3b3bcc82f151193923aad8,b70500ce-f185-42bf-bced-76b4f968def0,d7cc4264-1b79-40fd-841d-3a231fedd6e6,Covid_Evidence2020_03_21,45dce5251bd3ea6e908fa33ac9e6a8e17e6830215912ce1626cf4206e159819c,8,0,ordinal,U,1.0,1.0,U,U,U,0.5,1,5,U,"How likely is your alternative explanation for the same evidence, as compared to the author’s explanation?",U
100057,7d1747829a65cd4dad0faf30a704875a125e9decce3b3bcc82f151193923aad8,raw_307d1747829a65cd4dad0faf30a704875a125e9decce3b3bcc82f151193923aad8,b70500ce-f185-42bf-bced-76b4f968def0,d7cc4264-1b79-40fd-841d-3a231fedd6e6,Covid_Evidence2020_03_21,45dce5251bd3ea6e908fa33ac9e6a8e17e6830215912ce1626cf4206e159819c,9,0,ordinal,U,1.0,1.0,U,U,U,0.5,1,3,U,Is data presented as evidence for a pattern (e.g. A relationship between two variables)?,U
100057,7d1747829a65cd4dad0faf30a704875a125e9decce3b3bcc82f151193923aad8,raw_307d1747829a65cd4dad0faf30a704875a125e9decce3b3bcc82f151193923aad8,b70500ce-f185-42bf-bced-76b4f968def0,d7cc4264-1b79-40fd-841d-3a231fedd6e6,Covid_Evidence2020_03_21,45dce5251bd3ea6e908fa33ac9e6a8e17e6830215912ce1626cf4206e159819c,10,0,ordinal,U,1.0,1.0,U,U,U,0.5,1,5,U,"Given the information you have, how likely is it that the apparent pattern is a result of random statistical variation or error (noise)?",U
100057,7d1747829a65cd4dad0faf30a704875a125e9decce3b3bcc82f151193923aad8,raw_307d1747829a65cd4dad0faf30a704875a125e9decce3b3bcc82f151193923aad8,b70500ce-f185-42bf-bced-76b4f968def0,d7cc4264-1b79-40fd-841d-3a231fedd6e6,Covid_Evidence2020_03_21,45dce5251bd3ea6e908fa33ac9e6a8e17e6830215912ce1626cf4206e159819c,11,0,ordinal,U,1.0,1.0,U,U,U,0.5,1,5,U,"Given the information you have, how likely is it that the apparent pattern is a result of some systematic error (a systematic bias in the study that could not be cancelled out by collecting more data)?",U
100057,7d1747829a65cd4dad0faf30a704875a125e9decce3b3bcc82f151193923aad8,raw_307d1747829a65cd4dad0faf30a704875a125e9decce3b3bcc82f151193923aad8,b70500ce-f185-42bf-bced-76b4f968def0,d7cc4264-1b79-40fd-841d-3a231fedd6e6,Covid_Evidence2020_03_21,45dce5251bd3ea6e908fa33ac9e6a8e17e6830215912ce1626cf4206e159819c,12,0,ordinal,U,1.0,1.0,U,U,U,0.5,1,4,U,Does the author suggest in any way that further evidence might improve our understanding of the topic?,U
100057,7d1747829a65cd4dad0faf30a704875a125e9decce3b3bcc82f151193923aad8,raw_307d1747829a65cd4dad0faf30a704875a125e9decce3b3bcc82f151193923aad8,b70500ce-f185-42bf-bced-76b4f968def0,d7cc4264-1b79-40fd-841d-3a231fedd6e6,Covid_Evidence2020_03_21,45dce5251bd3ea6e908fa33ac9e6a8e17e6830215912ce1626cf4206e159819c,13,0,ordinal,U,1.0,1.0,U,U,U,0.5,1,10,U,"How difficult was this task for you, on the whole?",U
100057,7d1747829a65cd4dad0faf30a704875a125e9decce3b3bcc82f151193923aad8,raw_307d1747829a65cd4dad0faf30a704875a125e9decce3b3bcc82f151193923aad8,b70500ce-f185-42bf-bced-76b4f968def0,d7cc4264-1b79-40fd-841d-3a231fedd6e6,Covid_Evidence2020_03_21,45dce5251bd3ea6e908fa33ac9e6a8e17e6830215912ce1626cf4206e159819c,14,0,ordinal,U,1.0,1.0,U,U,U,0.5,1,10,U,"How confident are you about your answers, on the whole?",U
100057,7d1747829a65cd4dad0faf30a704875a125e9decce3b3bcc82f151193923aad8,raw_307d1747829a65cd4dad0faf30a704875a125e9decce3b3bcc82f151193923aad8,d380d897-8b52-4a5b-a319-b27ea916b674,fbf07ed4-24ee-44c7-93c8-eed56df15250,Covid_Evidence2020_03_21,45dce5251bd3ea6e908fa33ac9e6a8e17e6830215912ce1626cf4206e159819c,1,0,checklist,U,0.0,1.0,U,U,U,0.0,1,3,U,Is a general or singular causal claim made? Highlight the section(s) that supports your answer.,U
100057,7d1747829a65cd4dad0faf30a704875a125e9decce3b3bcc82f151193923aad8,raw_307d1747829a65cd4dad0faf30a704875a125e9decce3b3bcc82f151193923aad8,d380d897-8b52-4a5b-a319-b27ea916b674,fbf07ed4-24ee-44c7-93c8-eed56df15250,Covid_Evidence2020_03_21,45dce5251bd3ea6e908fa33ac9e6a8e17e6830215912ce1626cf4206e159819c,1,0,checklist,U,0.0,1.0,U,U,U,0.0,1,3,U,Is a general or singular causal claim made? Highlight the section(s) that supports your answer.,U
100057,7d1747829a65cd4dad0faf30a704875a125e9decce3b3bcc82f151193923aad8,raw_307d1747829a65cd4dad0faf30a704875a125e9decce3b3bcc82f151193923aad8,d380d897-8b52-4a5b-a319-b27ea916b674,fbf07ed4-24ee-44c7-93c8-eed56df15250,Covid_Evidence2020_03_21,45dce5251bd3ea6e908fa33ac9e6a8e17e6830215912ce1626cf4206e159819c,1,0,checklist,U,1.0,0.0,U,U,U,0.5,1,3,U,Is a general or singular causal claim made? Highlight the section(s) that supports your answer.,U
100057,7d1747829a65cd4dad0faf30a704875a125e9decce3b3bcc82f151193923aad8,raw_307d1747829a65cd4dad0faf30a704875a125e9decce3b3bcc82f151193923aad8,d380d897-8b52-4a5b-a319-b27ea916b674,fbf07ed4-24ee-44c7-93c8-eed56df15250,Covid_Evidence2020_03_21,45dce5251bd3ea6e908fa33ac9e6a8e17e6830215912ce1626cf4206e159819c,9,0,ordinal,U,1.0,1.0,U,U,U,0.5,1,3,U,Is data presented as evidence for a pattern (e.g. A relationship between two variables)?,U
100057,7d1747829a65cd4dad0faf30a704875a125e9decce3b3bcc82f151193923aad8,raw_307d1747829a65cd4dad0faf30a704875a125e9decce3b3bcc82f151193923aad8,d380d897-8b52-4a5b-a319-b27ea916b674,fbf07ed4-24ee-44c7-93c8-eed56df15250,Covid_Evidence2020_03_21,45dce5251bd3ea6e908fa33ac9e6a8e17e6830215912ce1626cf4206e159819c,10,0,ordinal,U,1.0,1.0,U,U,U,0.5,1,5,U,"Given the information you have, how likely is it that the apparent pattern is a result of random statistical variation or error (noise)?",U
100057,7d1747829a65cd4dad0faf30a704875a125e9decce3b3bcc82f151193923aad8,raw_307d1747829a65cd4dad0faf30a704875a125e9decce3b3bcc82f151193923aad8,d380d897-8b52-4a5b-a319-b27ea916b674,fbf07ed4-24ee-44c7-93c8-eed56df15250,Covid_Evidence2020_03_21,45dce5251bd3ea6e908fa33ac9e6a8e17e6830215912ce1626cf4206e159819c,11,0,ordinal,U,1.0,1.0,U,U,U,0.5,1,5,U,"Given the information you have, how likely is it that the apparent pattern is a result of some systematic error (a systematic bias in the study that could not be cancelled out by collecting more data)?",U
100057,7d1747829a65cd4dad0faf30a704875a125e9decce3b3bcc82f151193923aad8,raw_307d1747829a65cd4dad0faf30a704875a125e9decce3b3bcc82f151193923aad8,d380d897-8b52-4a5b-a319-b27ea916b674,fbf07ed4-24ee-44c7-93c8-eed56df15250,Covid_Evidence2020_03_21,45dce5251bd3ea6e908fa33ac9e6a8e17e6830215912ce1626cf4206e159819c,12,0,ordinal,U,1.0,1.0,U,U,U,0.5,1,4,U,Does the author suggest in any way that further evidence might improve our understanding of the topic?,U
100057,7d1747829a65cd4dad0faf30a704875a125e9decce3b3bcc82f151193923aad8,raw_307d1747829a65cd4dad0faf30a704875a125e9decce3b3bcc82f151193923aad8,d380d897-8b52-4a5b-a319-b27ea916b674,fbf07ed4-24ee-44c7-93c8-eed56df15250,Covid_Evidence2020_03_21,45dce5251bd3ea6e908fa33ac9e6a8e17e6830215912ce1626cf4206e159819c,13,0,ordinal,U,1.0,1.0,U,U,U,0.5,1,10,U,"How difficult was this task for you, on the whole?",U
100057,7d1747829a65cd4dad0faf30a704875a125e9decce3b3bcc82f151193923aad8,raw_307d1747829a65cd4dad0faf30a704875a125e9decce3b3bcc82f151193923aad8,d380d897-8b52-4a5b-a319-b27ea916b674,fbf07ed4-24ee-44c7-93c8-eed56df15250,Covid_Evidence2020_03_21,45dce5251bd3ea6e908fa33ac9e6a8e17e6830215912ce1626cf4206e159819c,14,0,ordinal,U,1.0,1.0,U,U,U,0.5,1,10,U,"How confident are you about your answers, on the whole?",U
100057,7d1747829a65cd4dad0faf30a704875a125e9decce3b3bcc82f151193923aad8,raw_307d1747829a65cd4dad0faf30a704875a125e9decce3b3bcc82f151193923aad8,5985e15b-66bd-41c5-9659-86fab8376b8d,d152527a-3ebb-418b-822a-218084dccaef,Covid_Evidence2020_03_21,45dce5251bd3ea6e908fa33ac9e6a8e17e6830215912ce1626cf4206e159819c,1,0,checklist,U,1.0,0.0,U,U,U,0.5,1,3,U,Is a general or singular causal claim made? Highlight the section(s) that supports your answer.,U
100057,7d1747829a65cd4dad0faf30a704875a125e9decce3b3bcc82f151193923aad8,raw_307d1747829a65cd4dad0faf30a704875a125e9decce3b3bcc82f151193923aad8,5985e15b-66bd-41c5-9659-86fab8376b8d,d152527a-3ebb-418b-822a-218084dccaef,Covid_Evidence2020_03_21,45dce5251bd3ea6e908fa33ac9e6a8e17e6830215912ce1626cf4206e159819c,1,0,checklist,U,0.0,1.0,U,U,U,0.0,1,3,U,Is a general or singular causal claim made? Highlight the section(s) that supports your answer.,U
100057,7d1747829a65cd4dad0faf30a704875a125e9decce3b3bcc82f151193923aad8,raw_307d1747829a65cd4dad0faf30a704875a125e9decce3b3bcc82f151193923aad8,5985e15b-66bd-41c5-9659-86fab8376b8d,d152527a-3ebb-418b-822a-218084dccaef,Covid_Evidence2020_03_21,45dce5251bd3ea6e908fa33ac9e6a8e17e6830215912ce1626cf4206e159819c,1,0,checklist,U,0.0,1.0,U,U,U,0.0,1,3,U,Is a general or singular causal claim made? Highlight the section(s) that supports your answer.,U
100057,7d1747829a65cd4dad0faf30a704875a125e9decce3b3bcc82f151193923aad8,raw_307d1747829a65cd4dad0faf30a704875a125e9decce3b3bcc82f151193923aad8,5985e15b-66bd-41c5-9659-86fab8376b8d,d152527a-3ebb-418b-822a-218084dccaef,Covid_Evidence2020_03_21,45dce5251bd3ea6e908fa33ac9e6a8e17e6830215912ce1626cf4206e159819c,2,0,checklist,L,0.0,1.0,L,L,L,0.0,3,9,L,What evidence is given for the primary causal claim? Select all that apply.,L
100057,7d1747829a65cd4dad0faf30a704875a125e9decce3b3bcc82f151193923aad8,raw_307d1747829a65cd4dad0faf30a704875a125e9decce3b3bcc82f151193923aad8,5985e15b-66bd-41c5-9659-86fab8376b8d,d152527a-3ebb-418b-822a-218084dccaef,Covid_Evidence2020_03_21,45dce5251bd3ea6e908fa33ac9e6a8e17e6830215912ce1626cf4206e159819c,2,ba2d1638-2509-4ce8-9130-39ea26d1d424,checklist,2,0.3333333333333333,0.6666666666666667,[],NA,NA,0.3333333333333333,3,9,NA,What evidence is given for the primary causal claim? Select all that apply.,Cause precedes effect
100057,7d1747829a65cd4dad0faf30a704875a125e9decce3b3bcc82f151193923aad8,raw_307d1747829a65cd4dad0faf30a704875a125e9decce3b3bcc82f151193923aad8,5985e15b-66bd-41c5-9659-86fab8376b8d,d152527a-3ebb-418b-822a-218084dccaef,Covid_Evidence2020_03_21,45dce5251bd3ea6e908fa33ac9e6a8e17e6830215912ce1626cf4206e159819c,2,fee5e5ec-ce13-43e7-aca6-5babee4eb8a5,checklist,3,0.3333333333333333,0.6666666666666667,[],NA,NA,0.3333333333333333,3,9,NA,What evidence is given for the primary causal claim? Select all that apply.,The correlation appears across multiple independent contexts
100057,7d1747829a65cd4dad0faf30a704875a125e9decce3b3bcc82f151193923aad8,raw_307d1747829a65cd4dad0faf30a704875a125e9decce3b3bcc82f151193923aad8,5985e15b-66bd-41c5-9659-86fab8376b8d,d152527a-3ebb-418b-822a-218084dccaef,Covid_Evidence2020_03_21,45dce5251bd3ea6e908fa33ac9e6a8e17e6830215912ce1626cf4206e159819c,2,0,checklist,L,0.0,1.0,L,L,L,0.0,3,9,L,What evidence is given for the primary causal claim? Select all that apply.,L
100057,7d1747829a65cd4dad0faf30a704875a125e9decce3b3bcc82f151193923aad8,raw_307d1747829a65cd4dad0faf30a704875a125e9decce3b3bcc82f151193923aad8,5985e15b-66bd-41c5-9659-86fab8376b8d,d152527a-3ebb-418b-822a-218084dccaef,Covid_Evidence2020_03_21,45dce5251bd3ea6e908fa33ac9e6a8e17e6830215912ce1626cf4206e159819c,2,0,checklist,L,0.0,1.0,L,L,L,0.0,3,9,L,What evidence is given for the primary causal claim? Select all that apply.,L
100057,7d1747829a65cd4dad0faf30a704875a125e9decce3b3bcc82f151193923aad8,raw_307d1747829a65cd4dad0faf30a704875a125e9decce3b3bcc82f151193923aad8,5985e15b-66bd-41c5-9659-86fab8376b8d,d152527a-3ebb-418b-822a-218084dccaef,Covid_Evidence2020_03_21,45dce5251bd3ea6e908fa33ac9e6a8e17e6830215912ce1626cf4206e159819c,2,0,checklist,L,0.0,1.0,L,L,L,0.0,3,9,L,What evidence is given for the primary causal claim? Select all that apply.,L
100057,7d1747829a65cd4dad0faf30a704875a125e9decce3b3bcc82f151193923aad8,raw_307d1747829a65cd4dad0faf30a704875a125e9decce3b3bcc82f151193923aad8,5985e15b-66bd-41c5-9659-86fab8376b8d,d152527a-3ebb-418b-822a-218084dccaef,Covid_Evidence2020_03_21,45dce5251bd3ea6e908fa33ac9e6a8e17e6830215912ce1626cf4206e159819c,2,0,checklist,L,0.0,1.0,L,L,L,0.0,3,9,L,What evidence is given for the primary causal claim? Select all that apply.,L
100057,7d1747829a65cd4dad0faf30a704875a125e9decce3b3bcc82f151193923aad8,raw_307d1747829a65cd4dad0faf30a704875a125e9decce3b3bcc82f151193923aad8,5985e15b-66bd-41c5-9659-86fab8376b8d,d152527a-3ebb-418b-822a-218084dccaef,Covid_Evidence2020_03_21,45dce5251bd3ea6e908fa33ac9e6a8e17e6830215912ce1626cf4206e159819c,2,857d25f3-1a9c-45a3-b9dc-5cdc41e9d438,checklist,8,0.3333333333333333,0.6666666666666667,[],NA,NA,0.3333333333333333,3,9,NA,What evidence is given for the primary causal claim? Select all that apply.,Other evidence
100057,7d1747829a65cd4dad0faf30a704875a125e9decce3b3bcc82f151193923aad8,raw_307d1747829a65cd4dad0faf30a704875a125e9decce3b3bcc82f151193923aad8,5985e15b-66bd-41c5-9659-86fab8376b8d,d152527a-3ebb-418b-822a-218084dccaef,Covid_Evidence2020_03_21,45dce5251bd3ea6e908fa33ac9e6a8e17e6830215912ce1626cf4206e159819c,2,0,checklist,L,0.0,1.0,L,L,L,0.0,3,9,L,What evidence is given for the primary causal claim? Select all that apply.,L
100057,7d1747829a65cd4dad0faf30a704875a125e9decce3b3bcc82f151193923aad8,raw_307d1747829a65cd4dad0faf30a704875a125e9decce3b3bcc82f151193923aad8,5985e15b-66bd-41c5-9659-86fab8376b8d,d152527a-3ebb-418b-822a-218084dccaef,Covid_Evidence2020_03_21,45dce5251bd3ea6e908fa33ac9e6a8e17e6830215912ce1626cf4206e159819c,3,XXX,0,0,0,0,0,0,0,0.0,0,0,0,What other evidence is given?,zero
100057,7d1747829a65cd4dad0faf30a704875a125e9decce3b3bcc82f151193923aad8,raw_307d1747829a65cd4dad0faf30a704875a125e9decce3b3bcc82f151193923aad8,5985e15b-66bd-41c5-9659-86fab8376b8d,d152527a-3ebb-418b-822a-218084dccaef,Covid_Evidence2020_03_21,45dce5251bd3ea6e908fa33ac9e6a8e17e6830215912ce1626cf4206e159819c,7,XXX,0,0,0,0,0,0,0,0.0,0,0,0,What is the best alternative explanation you can think of that could lead to the same set of evidence?,zero
100057,7d1747829a65cd4dad0faf30a704875a125e9decce3b3bcc82f151193923aad8,raw_307d1747829a65cd4dad0faf30a704875a125e9decce3b3bcc82f151193923aad8,5985e15b-66bd-41c5-9659-86fab8376b8d,d152527a-3ebb-418b-822a-218084dccaef,Covid_Evidence2020_03_21,45dce5251bd3ea6e908fa33ac9e6a8e17e6830215912ce1626cf4206e159819c,8,0,ordinal,U,1.0,1.0,U,U,U,0.5,1,5,U,"How likely is your alternative explanation for the same evidence, as compared to the author’s explanation?",U
100057,7d1747829a65cd4dad0faf30a704875a125e9decce3b3bcc82f151193923aad8,raw_307d1747829a65cd4dad0faf30a704875a125e9decce3b3bcc82f151193923aad8,5985e15b-66bd-41c5-9659-86fab8376b8d,d152527a-3ebb-418b-822a-218084dccaef,Covid_Evidence2020_03_21,45dce5251bd3ea6e908fa33ac9e6a8e17e6830215912ce1626cf4206e159819c,9,0,ordinal,U,1.0,1.0,U,U,U,0.5,1,3,U,Is data presented as evidence for a pattern (e.g. A relationship between two variables)?,U
100057,7d1747829a65cd4dad0faf30a704875a125e9decce3b3bcc82f151193923aad8,raw_307d1747829a65cd4dad0faf30a704875a125e9decce3b3bcc82f151193923aad8,5985e15b-66bd-41c5-9659-86fab8376b8d,d152527a-3ebb-418b-822a-218084dccaef,Covid_Evidence2020_03_21,45dce5251bd3ea6e908fa33ac9e6a8e17e6830215912ce1626cf4206e159819c,12,0,ordinal,U,1.0,1.0,U,U,U,0.5,1,4,U,Does the author suggest in any way that further evidence might improve our understanding of the topic?,U
100057,7d1747829a65cd4dad0faf30a704875a125e9decce3b3bcc82f151193923aad8,raw_307d1747829a65cd4dad0faf30a704875a125e9decce3b3bcc82f151193923aad8,5985e15b-66bd-41c5-9659-86fab8376b8d,d152527a-3ebb-418b-822a-218084dccaef,Covid_Evidence2020_03_21,45dce5251bd3ea6e908fa33ac9e6a8e17e6830215912ce1626cf4206e159819c,13,0,ordinal,U,1.0,1.0,U,U,U,0.5,1,10,U,"How difficult was this task for you, on the whole?",U
100057,7d1747829a65cd4dad0faf30a704875a125e9decce3b3bcc82f151193923aad8,raw_307d1747829a65cd4dad0faf30a704875a125e9decce3b3bcc82f151193923aad8,5985e15b-66bd-41c5-9659-86fab8376b8d,d152527a-3ebb-418b-822a-218084dccaef,Covid_Evidence2020_03_21,45dce5251bd3ea6e908fa33ac9e6a8e17e6830215912ce1626cf4206e159819c,14,0,ordinal,U,1.0,1.0,U,U,U,0.5,1,10,U,"How confident are you about your answers, on the whole?",U
100058,be0b18a87d4370fa579180ef26dcb7080598f27f9ec76181f2cfd851f320da06,raw_30be0b18a87d4370fa579180ef26dcb7080598f27f9ec76181f2cfd851f320da06,f6e68259-8894-418e-b4c3-c785dc837aa5,79590ceb-176c-4d89-9f97-eb9ec5499e79,Covid_Evidence2020_03_21,45dce5251bd3ea6e908fa33ac9e6a8e17e6830215912ce1626cf4206e159819c,1,0,checklist,U,1.0,0.0,U,U,U,0.5,1,3,U,Is a general or singular causal claim made? Highlight the section(s) that supports your answer.,U
100058,be0b18a87d4370fa579180ef26dcb7080598f27f9ec76181f2cfd851f320da06,raw_30be0b18a87d4370fa579180ef26dcb7080598f27f9ec76181f2cfd851f320da06,f6e68259-8894-418e-b4c3-c785dc837aa5,79590ceb-176c-4d89-9f97-eb9ec5499e79,Covid_Evidence2020_03_21,45dce5251bd3ea6e908fa33ac9e6a8e17e6830215912ce1626cf4206e159819c,1,0,checklist,U,0.0,1.0,U,U,U,0.0,1,3,U,Is a general or singular causal claim made? Highlight the section(s) that supports your answer.,U
100058,be0b18a87d4370fa579180ef26dcb7080598f27f9ec76181f2cfd851f320da06,raw_30be0b18a87d4370fa579180ef26dcb7080598f27f9ec76181f2cfd851f320da06,f6e68259-8894-418e-b4c3-c785dc837aa5,79590ceb-176c-4d89-9f97-eb9ec5499e79,Covid_Evidence2020_03_21,45dce5251bd3ea6e908fa33ac9e6a8e17e6830215912ce1626cf4206e159819c,1,0,checklist,U,0.0,1.0,U,U,U,0.0,1,3,U,Is a general or singular causal claim made? Highlight the section(s) that supports your answer.,U
100058,be0b18a87d4370fa579180ef26dcb7080598f27f9ec76181f2cfd851f320da06,raw_30be0b18a87d4370fa579180ef26dcb7080598f27f9ec76181f2cfd851f320da06,f6e68259-8894-418e-b4c3-c785dc837aa5,79590ceb-176c-4d89-9f97-eb9ec5499e79,Covid_Evidence2020_03_21,45dce5251bd3ea6e908fa33ac9e6a8e17e6830215912ce1626cf4206e159819c,2,0,checklist,L,0.0,1.0,L,L,L,0.0,4,9,L,What evidence is given for the primary causal claim? Select all that apply.,L
100058,be0b18a87d4370fa579180ef26dcb7080598f27f9ec76181f2cfd851f320da06,raw_30be0b18a87d4370fa579180ef26dcb7080598f27f9ec76181f2cfd851f320da06,f6e68259-8894-418e-b4c3-c785dc837aa5,79590ceb-176c-4d89-9f97-eb9ec5499e79,Covid_Evidence2020_03_21,45dce5251bd3ea6e908fa33ac9e6a8e17e6830215912ce1626cf4206e159819c,2,ba2d1638-2509-4ce8-9130-39ea26d1d424,checklist,2,0.5,0.5,[],NA,NA,0.5,4,9,NA,What evidence is given for the primary causal claim? Select all that apply.,Cause precedes effect
100058,be0b18a87d4370fa579180ef26dcb7080598f27f9ec76181f2cfd851f320da06,raw_30be0b18a87d4370fa579180ef26dcb7080598f27f9ec76181f2cfd851f320da06,f6e68259-8894-418e-b4c3-c785dc837aa5,79590ceb-176c-4d89-9f97-eb9ec5499e79,Covid_Evidence2020_03_21,45dce5251bd3ea6e908fa33ac9e6a8e17e6830215912ce1626cf4206e159819c,2,0,checklist,L,0.0,1.0,L,L,L,0.0,4,9,L,What evidence is given for the primary causal claim? Select all that apply.,L
100058,be0b18a87d4370fa579180ef26dcb7080598f27f9ec76181f2cfd851f320da06,raw_30be0b18a87d4370fa579180ef26dcb7080598f27f9ec76181f2cfd851f320da06,f6e68259-8894-418e-b4c3-c785dc837aa5,79590ceb-176c-4d89-9f97-eb9ec5499e79,Covid_Evidence2020_03_21,45dce5251bd3ea6e908fa33ac9e6a8e17e6830215912ce1626cf4206e159819c,2,0,checklist,L,0.0,1.0,L,L,L,0.0,4,9,L,What evidence is given for the primary causal claim? Select all that apply.,L
100058,be0b18a87d4370fa579180ef26dcb7080598f27f9ec76181f2cfd851f320da06,raw_30be0b18a87d4370fa579180ef26dcb7080598f27f9ec76181f2cfd851f320da06,f6e68259-8894-418e-b4c3-c785dc837aa5,79590ceb-176c-4d89-9f97-eb9ec5499e79,Covid_Evidence2020_03_21,45dce5251bd3ea6e908fa33ac9e6a8e17e6830215912ce1626cf4206e159819c,2,780989ca-2765-4989-9cc3-08f3874489e0,checklist,5,0.5,0.5,[],NA,NA,0.5,4,9,NA,What evidence is given for the primary causal claim? Select all that apply.,An experimental study was conducted (natural experiments OK)
100058,be0b18a87d4370fa579180ef26dcb7080598f27f9ec76181f2cfd851f320da06,raw_30be0b18a87d4370fa579180ef26dcb7080598f27f9ec76181f2cfd851f320da06,f6e68259-8894-418e-b4c3-c785dc837aa5,79590ceb-176c-4d89-9f97-eb9ec5499e79,Covid_Evidence2020_03_21,45dce5251bd3ea6e908fa33ac9e6a8e17e6830215912ce1626cf4206e159819c,2,0,checklist,L,0.0,1.0,L,L,L,0.0,4,9,L,What evidence is given for the primary causal claim? Select all that apply.,L
100058,be0b18a87d4370fa579180ef26dcb7080598f27f9ec76181f2cfd851f320da06,raw_30be0b18a87d4370fa579180ef26dcb7080598f27f9ec76181f2cfd851f320da06,f6e68259-8894-418e-b4c3-c785dc837aa5,79590ceb-176c-4d89-9f97-eb9ec5499e79,Covid_Evidence2020_03_21,45dce5251bd3ea6e908fa33ac9e6a8e17e6830215912ce1626cf4206e159819c,2,0,checklist,L,0.0,1.0,L,L,L,0.0,4,9,L,What evidence is given for the primary causal claim? Select all that apply.,L
100058,be0b18a87d4370fa579180ef26dcb7080598f27f9ec76181f2cfd851f320da06,raw_30be0b18a87d4370fa579180ef26dcb7080598f27f9ec76181f2cfd851f320da06,f6e68259-8894-418e-b4c3-c785dc837aa5,79590ceb-176c-4d89-9f97-eb9ec5499e79,Covid_Evidence2020_03_21,45dce5251bd3ea6e908fa33ac9e6a8e17e6830215912ce1626cf4206e159819c,2,0,checklist,L,0.0,1.0,L,L,L,0.0,4,9,L,What evidence is given for the primary causal claim? Select all that apply.,L
100058,be0b18a87d4370fa579180ef26dcb7080598f27f9ec76181f2cfd851f320da06,raw_30be0b18a87d4370fa579180ef26dcb7080598f27f9ec76181f2cfd851f320da06,f6e68259-8894-418e-b4c3-c785dc837aa5,79590ceb-176c-4d89-9f97-eb9ec5499e79,Covid_Evidence2020_03_21,45dce5251bd3ea6e908fa33ac9e6a8e17e6830215912ce1626cf4206e159819c,2,0,checklist,L,0.0,1.0,L,L,L,0.0,4,9,L,What evidence is given for the primary causal claim? Select all that apply.,L
100058,be0b18a87d4370fa579180ef26dcb7080598f27f9ec76181f2cfd851f320da06,raw_30be0b18a87d4370fa579180ef26dcb7080598f27f9ec76181f2cfd851f320da06,f6e68259-8894-418e-b4c3-c785dc837aa5,79590ceb-176c-4d89-9f97-eb9ec5499e79,Covid_Evidence2020_03_21,45dce5251bd3ea6e908fa33ac9e6a8e17e6830215912ce1626cf4206e159819c,4,0,ordinal,U,1.0,1.0,U,U,U,0.5,1,6,U,How representative is the sample of the population that the claim is made about?,U
100058,be0b18a87d4370fa579180ef26dcb7080598f27f9ec76181f2cfd851f320da06,raw_30be0b18a87d4370fa579180ef26dcb7080598f27f9ec76181f2cfd851f320da06,f6e68259-8894-418e-b4c3-c785dc837aa5,79590ceb-176c-4d89-9f97-eb9ec5499e79,Covid_Evidence2020_03_21,45dce5251bd3ea6e908fa33ac9e6a8e17e6830215912ce1626cf4206e159819c,5,95756885-3992-445b-bd6b-07fa38624cb5,ordinal,1,1.0,1.0,[],NA,NA,1.0,2,5,NA,"Was there an adequate control? If so, highlight section.",Appropriate control
100058,be0b18a87d4370fa579180ef26dcb7080598f27f9ec76181f2cfd851f320da06,raw_30be0b18a87d4370fa579180ef26dcb7080598f27f9ec76181f2cfd851f320da06,f6e68259-8894-418e-b4c3-c785dc837aa5,79590ceb-176c-4d89-9f97-eb9ec5499e79,Covid_Evidence2020_03_21,45dce5251bd3ea6e908fa33ac9e6a8e17e6830215912ce1626cf4206e159819c,6,0,nominal,U,1.0,1.0,U,U,U,0.5,1,3,U,Was randomized assignment used?,U
100058,be0b18a87d4370fa579180ef26dcb7080598f27f9ec76181f2cfd851f320da06,raw_30be0b18a87d4370fa579180ef26dcb7080598f27f9ec76181f2cfd851f320da06,f6e68259-8894-418e-b4c3-c785dc837aa5,79590ceb-176c-4d89-9f97-eb9ec5499e79,Covid_Evidence2020_03_21,45dce5251bd3ea6e908fa33ac9e6a8e17e6830215912ce1626cf4206e159819c,7,XXX,0,0,0,0,0,0,0,0.0,0,0,0,What is the best alternative explanation you can think of that could lead to the same set of evidence?,zero
100058,be0b18a87d4370fa579180ef26dcb7080598f27f9ec76181f2cfd851f320da06,raw_30be0b18a87d4370fa579180ef26dcb7080598f27f9ec76181f2cfd851f320da06,f6e68259-8894-418e-b4c3-c785dc837aa5,79590ceb-176c-4d89-9f97-eb9ec5499e79,Covid_Evidence2020_03_21,45dce5251bd3ea6e908fa33ac9e6a8e17e6830215912ce1626cf4206e159819c,8,0,ordinal,U,1.0,1.0,U,U,U,0.5,1,5,U,"How likely is your alternative explanation for the same evidence, as compared to the author’s explanation?",U
100058,be0b18a87d4370fa579180ef26dcb7080598f27f9ec76181f2cfd851f320da06,raw_30be0b18a87d4370fa579180ef26dcb7080598f27f9ec76181f2cfd851f320da06,f6e68259-8894-418e-b4c3-c785dc837aa5,79590ceb-176c-4d89-9f97-eb9ec5499e79,Covid_Evidence2020_03_21,45dce5251bd3ea6e908fa33ac9e6a8e17e6830215912ce1626cf4206e159819c,9,0,ordinal,U,1.0,1.0,U,U,U,0.5,1,3,U,Is data presented as evidence for a pattern (e.g. A relationship between two variables)?,U
100058,be0b18a87d4370fa579180ef26dcb7080598f27f9ec76181f2cfd851f320da06,raw_30be0b18a87d4370fa579180ef26dcb7080598f27f9ec76181f2cfd851f320da06,f6e68259-8894-418e-b4c3-c785dc837aa5,79590ceb-176c-4d89-9f97-eb9ec5499e79,Covid_Evidence2020_03_21,45dce5251bd3ea6e908fa33ac9e6a8e17e6830215912ce1626cf4206e159819c,10,0,ordinal,U,1.0,1.0,U,U,U,0.5,1,5,U,"Given the information you have, how likely is it that the apparent pattern is a result of random statistical variation or error (noise)?",U
100058,be0b18a87d4370fa579180ef26dcb7080598f27f9ec76181f2cfd851f320da06,raw_30be0b18a87d4370fa579180ef26dcb7080598f27f9ec76181f2cfd851f320da06,f6e68259-8894-418e-b4c3-c785dc837aa5,79590ceb-176c-4d89-9f97-eb9ec5499e79,Covid_Evidence2020_03_21,45dce5251bd3ea6e908fa33ac9e6a8e17e6830215912ce1626cf4206e159819c,11,0,ordinal,U,1.0,1.0,U,U,U,0.5,1,5,U,"Given the information you have, how likely is it that the apparent pattern is a result of some systematic error (a systematic bias in the study that could not be cancelled out by collecting more data)?",U
100058,be0b18a87d4370fa579180ef26dcb7080598f27f9ec76181f2cfd851f320da06,raw_30be0b18a87d4370fa579180ef26dcb7080598f27f9ec76181f2cfd851f320da06,f6e68259-8894-418e-b4c3-c785dc837aa5,79590ceb-176c-4d89-9f97-eb9ec5499e79,Covid_Evidence2020_03_21,45dce5251bd3ea6e908fa33ac9e6a8e17e6830215912ce1626cf4206e159819c,12,0,ordinal,U,1.0,1.0,U,U,U,0.5,1,4,U,Does the author suggest in any way that further evidence might improve our understanding of the topic?,U
100058,be0b18a87d4370fa579180ef26dcb7080598f27f9ec76181f2cfd851f320da06,raw_30be0b18a87d4370fa579180ef26dcb7080598f27f9ec76181f2cfd851f320da06,f6e68259-8894-418e-b4c3-c785dc837aa5,79590ceb-176c-4d89-9f97-eb9ec5499e79,Covid_Evidence2020_03_21,45dce5251bd3ea6e908fa33ac9e6a8e17e6830215912ce1626cf4206e159819c,13,0,ordinal,U,1.0,1.0,U,U,U,0.5,1,10,U,"How difficult was this task for you, on the whole?",U
100058,be0b18a87d4370fa579180ef26dcb7080598f27f9ec76181f2cfd851f320da06,raw_30be0b18a87d4370fa579180ef26dcb7080598f27f9ec76181f2cfd851f320da06,f6e68259-8894-418e-b4c3-c785dc837aa5,79590ceb-176c-4d89-9f97-eb9ec5499e79,Covid_Evidence2020_03_21,45dce5251bd3ea6e908fa33ac9e6a8e17e6830215912ce1626cf4206e159819c,14,0,ordinal,U,1.0,1.0,U,U,U,0.5,1,10,U,"How confident are you about your answers, on the whole?",U
100058,be0b18a87d4370fa579180ef26dcb7080598f27f9ec76181f2cfd851f320da06,raw_30be0b18a87d4370fa579180ef26dcb7080598f27f9ec76181f2cfd851f320da06,5ce23012-9188-4884-a734-eeaf8dc19639,404c6a01-b3a5-44e0-bf41-9a031740fecc,Covid_Evidence2020_03_21,45dce5251bd3ea6e908fa33ac9e6a8e17e6830215912ce1626cf4206e159819c,1,0,checklist,U,1.0,0.0,U,U,U,0.5,1,3,U,Is a general or singular causal claim made? Highlight the section(s) that supports your answer.,U
100058,be0b18a87d4370fa579180ef26dcb7080598f27f9ec76181f2cfd851f320da06,raw_30be0b18a87d4370fa579180ef26dcb7080598f27f9ec76181f2cfd851f320da06,5ce23012-9188-4884-a734-eeaf8dc19639,404c6a01-b3a5-44e0-bf41-9a031740fecc,Covid_Evidence2020_03_21,45dce5251bd3ea6e908fa33ac9e6a8e17e6830215912ce1626cf4206e159819c,1,0,checklist,U,0.0,1.0,U,U,U,0.0,1,3,U,Is a general or singular causal claim made? Highlight the section(s) that supports your answer.,U
100058,be0b18a87d4370fa579180ef26dcb7080598f27f9ec76181f2cfd851f320da06,raw_30be0b18a87d4370fa579180ef26dcb7080598f27f9ec76181f2cfd851f320da06,5ce23012-9188-4884-a734-eeaf8dc19639,404c6a01-b3a5-44e0-bf41-9a031740fecc,Covid_Evidence2020_03_21,45dce5251bd3ea6e908fa33ac9e6a8e17e6830215912ce1626cf4206e159819c,1,0,checklist,U,0.0,1.0,U,U,U,0.0,1,3,U,Is a general or singular causal claim made? Highlight the section(s) that supports your answer.,U
100058,be0b18a87d4370fa579180ef26dcb7080598f27f9ec76181f2cfd851f320da06,raw_30be0b18a87d4370fa579180ef26dcb7080598f27f9ec76181f2cfd851f320da06,5ce23012-9188-4884-a734-eeaf8dc19639,404c6a01-b3a5-44e0-bf41-9a031740fecc,Covid_Evidence2020_03_21,45dce5251bd3ea6e908fa33ac9e6a8e17e6830215912ce1626cf4206e159819c,2,0,checklist,L,0.0,1.0,L,L,L,0.0,2,9,L,What evidence is given for the primary causal claim? Select all that apply.,L
100058,be0b18a87d4370fa579180ef26dcb7080598f27f9ec76181f2cfd851f320da06,raw_30be0b18a87d4370fa579180ef26dcb7080598f27f9ec76181f2cfd851f320da06,5ce23012-9188-4884-a734-eeaf8dc19639,404c6a01-b3a5-44e0-bf41-9a031740fecc,Covid_Evidence2020_03_21,45dce5251bd3ea6e908fa33ac9e6a8e17e6830215912ce1626cf4206e159819c,2,ba2d1638-2509-4ce8-9130-39ea26d1d424,checklist,2,0.5,0.5,[],NA,NA,0.5,2,9,NA,What evidence is given for the primary causal claim? Select all that apply.,Cause precedes effect
100058,be0b18a87d4370fa579180ef26dcb7080598f27f9ec76181f2cfd851f320da06,raw_30be0b18a87d4370fa579180ef26dcb7080598f27f9ec76181f2cfd851f320da06,5ce23012-9188-4884-a734-eeaf8dc19639,404c6a01-b3a5-44e0-bf41-9a031740fecc,Covid_Evidence2020_03_21,45dce5251bd3ea6e908fa33ac9e6a8e17e6830215912ce1626cf4206e159819c,2,fee5e5ec-ce13-43e7-aca6-5babee4eb8a5,checklist,3,0.5,0.5,[],NA,NA,0.5,2,9,NA,What evidence is given for the primary causal claim? Select all that apply.,The correlation appears across multiple independent contexts
100058,be0b18a87d4370fa579180ef26dcb7080598f27f9ec76181f2cfd851f320da06,raw_30be0b18a87d4370fa579180ef26dcb7080598f27f9ec76181f2cfd851f320da06,5ce23012-9188-4884-a734-eeaf8dc19639,404c6a01-b3a5-44e0-bf41-9a031740fecc,Covid_Evidence2020_03_21,45dce5251bd3ea6e908fa33ac9e6a8e17e6830215912ce1626cf4206e159819c,2,0,checklist,L,0.0,1.0,L,L,L,0.0,2,9,L,What evidence is given for the primary causal claim? Select all that apply.,L
100058,be0b18a87d4370fa579180ef26dcb7080598f27f9ec76181f2cfd851f320da06,raw_30be0b18a87d4370fa579180ef26dcb7080598f27f9ec76181f2cfd851f320da06,5ce23012-9188-4884-a734-eeaf8dc19639,404c6a01-b3a5-44e0-bf41-9a031740fecc,Covid_Evidence2020_03_21,45dce5251bd3ea6e908fa33ac9e6a8e17e6830215912ce1626cf4206e159819c,2,0,checklist,L,0.0,1.0,L,L,L,0.0,2,9,L,What evidence is given for the primary causal claim? Select all that apply.,L
100058,be0b18a87d4370fa579180ef26dcb7080598f27f9ec76181f2cfd851f320da06,raw_30be0b18a87d4370fa579180ef26dcb7080598f27f9ec76181f2cfd851f320da06,5ce23012-9188-4884-a734-eeaf8dc19639,404c6a01-b3a5-44e0-bf41-9a031740fecc,Covid_Evidence2020_03_21,45dce5251bd3ea6e908fa33ac9e6a8e17e6830215912ce1626cf4206e159819c,2,0,checklist,L,0.0,1.0,L,L,L,0.0,2,9,L,What evidence is given for the primary causal claim? Select all that apply.,L
100058,be0b18a87d4370fa579180ef26dcb7080598f27f9ec76181f2cfd851f320da06,raw_30be0b18a87d4370fa579180ef26dcb7080598f27f9ec76181f2cfd851f320da06,5ce23012-9188-4884-a734-eeaf8dc19639,404c6a01-b3a5-44e0-bf41-9a031740fecc,Covid_Evidence2020_03_21,45dce5251bd3ea6e908fa33ac9e6a8e17e6830215912ce1626cf4206e159819c,2,0,checklist,L,0.0,1.0,L,L,L,0.0,2,9,L,What evidence is given for the primary causal claim? Select all that apply.,L
100058,be0b18a87d4370fa579180ef26dcb7080598f27f9ec76181f2cfd851f320da06,raw_30be0b18a87d4370fa579180ef26dcb7080598f27f9ec76181f2cfd851f320da06,5ce23012-9188-4884-a734-eeaf8dc19639,404c6a01-b3a5-44e0-bf41-9a031740fecc,Covid_Evidence2020_03_21,45dce5251bd3ea6e908fa33ac9e6a8e17e6830215912ce1626cf4206e159819c,2,0,checklist,L,0.0,1.0,L,L,L,0.0,2,9,L,What evidence is given for the primary causal claim? Select all that apply.,L
100058,be0b18a87d4370fa579180ef26dcb7080598f27f9ec76181f2cfd851f320da06,raw_30be0b18a87d4370fa579180ef26dcb7080598f27f9ec76181f2cfd851f320da06,5ce23012-9188-4884-a734-eeaf8dc19639,404c6a01-b3a5-44e0-bf41-9a031740fecc,Covid_Evidence2020_03_21,45dce5251bd3ea6e908fa33ac9e6a8e17e6830215912ce1626cf4206e159819c,2,0,checklist,L,0.0,1.0,L,L,L,0.0,2,9,L,What evidence is given for the primary causal claim? Select all that apply.,L
100058,be0b18a87d4370fa579180ef26dcb7080598f27f9ec76181f2cfd851f320da06,raw_30be0b18a87d4370fa579180ef26dcb7080598f27f9ec76181f2cfd851f320da06,5ce23012-9188-4884-a734-eeaf8dc19639,404c6a01-b3a5-44e0-bf41-9a031740fecc,Covid_Evidence2020_03_21,45dce5251bd3ea6e908fa33ac9e6a8e17e6830215912ce1626cf4206e159819c,7,XXX,0,0,0,0,0,0,0,0.0,0,0,0,What is the best alternative explanation you can think of that could lead to the same set of evidence?,zero
100058,be0b18a87d4370fa579180ef26dcb7080598f27f9ec76181f2cfd851f320da06,raw_30be0b18a87d4370fa579180ef26dcb7080598f27f9ec76181f2cfd851f320da06,5ce23012-9188-4884-a734-eeaf8dc19639,404c6a01-b3a5-44e0-bf41-9a031740fecc,Covid_Evidence2020_03_21,45dce5251bd3ea6e908fa33ac9e6a8e17e6830215912ce1626cf4206e159819c,8,0,ordinal,U,1.0,1.0,U,U,U,0.5,1,5,U,"How likely is your alternative explanation for the same evidence, as compared to the author’s explanation?",U
100058,be0b18a87d4370fa579180ef26dcb7080598f27f9ec76181f2cfd851f320da06,raw_30be0b18a87d4370fa579180ef26dcb7080598f27f9ec76181f2cfd851f320da06,5ce23012-9188-4884-a734-eeaf8dc19639,404c6a01-b3a5-44e0-bf41-9a031740fecc,Covid_Evidence2020_03_21,45dce5251bd3ea6e908fa33ac9e6a8e17e6830215912ce1626cf4206e159819c,9,0,ordinal,U,1.0,1.0,U,U,U,0.5,1,3,U,Is data presented as evidence for a pattern (e.g. A relationship between two variables)?,U
100058,be0b18a87d4370fa579180ef26dcb7080598f27f9ec76181f2cfd851f320da06,raw_30be0b18a87d4370fa579180ef26dcb7080598f27f9ec76181f2cfd851f320da06,5ce23012-9188-4884-a734-eeaf8dc19639,404c6a01-b3a5-44e0-bf41-9a031740fecc,Covid_Evidence2020_03_21,45dce5251bd3ea6e908fa33ac9e6a8e17e6830215912ce1626cf4206e159819c,12,0,ordinal,U,1.0,1.0,U,U,U,0.5,1,4,U,Does the author suggest in any way that further evidence might improve our understanding of the topic?,U
100058,be0b18a87d4370fa579180ef26dcb7080598f27f9ec76181f2cfd851f320da06,raw_30be0b18a87d4370fa579180ef26dcb7080598f27f9ec76181f2cfd851f320da06,5ce23012-9188-4884-a734-eeaf8dc19639,404c6a01-b3a5-44e0-bf41-9a031740fecc,Covid_Evidence2020_03_21,45dce5251bd3ea6e908fa33ac9e6a8e17e6830215912ce1626cf4206e159819c,13,0,ordinal,U,1.0,1.0,U,U,U,0.5,1,10,U,"How difficult was this task for you, on the whole?",U
100058,be0b18a87d4370fa579180ef26dcb7080598f27f9ec76181f2cfd851f320da06,raw_30be0b18a87d4370fa579180ef26dcb7080598f27f9ec76181f2cfd851f320da06,5ce23012-9188-4884-a734-eeaf8dc19639,404c6a01-b3a5-44e0-bf41-9a031740fecc,Covid_Evidence2020_03_21,45dce5251bd3ea6e908fa33ac9e6a8e17e6830215912ce1626cf4206e159819c,14,0,ordinal,U,1.0,1.0,U,U,U,0.5,1,10,U,"How confident are you about your answers, on the whole?",U
