,article_num,article_sha256,article_id,quiz_task_uuid,tua_uuid,schema_namespace,schema_sha256,question_Number,answer_uuid,question_type,agreed_Answer,coding_perc_agreement,one_two_diff,highlighted_indices,alpha_unitizing_score,alpha_unitizing_score_inclusive,agreement_score,num_users,num_answer_choices,target_text,question_text,answer_content,prereq_passed
0,2005,47990959103662e94e796d979018922afddc880fb4b867c7ca2ac8aa2146e7c4,raw_3047990959103662e94e796d979018922afddc880fb4b867c7ca2ac8aa2146e7c4,a6012395-1d36-4cdd-bb4f-5bb7842cf10d,3d2ef8e4-6aa6-401d-988f-40612ce49f28,Covid_Languagev1.1,a6eca3a8c143a31e7b37337f744912e6d33c5b2f49cd29570daee3cfdb9a017c,1,0,checklist,L,0.0,1.0,L,L,L,0.0,3,13,L,"Which of the following appears in the bolded text to the left? Check all that apply, or none, and highlight the part of the passage in which you see each.",L,True
5,2005,47990959103662e94e796d979018922afddc880fb4b867c7ca2ac8aa2146e7c4,raw_3047990959103662e94e796d979018922afddc880fb4b867c7ca2ac8aa2146e7c4,a6012395-1d36-4cdd-bb4f-5bb7842cf10d,3d2ef8e4-6aa6-401d-988f-40612ce49f28,Covid_Languagev1.1,a6eca3a8c143a31e7b37337f744912e6d33c5b2f49cd29570daee3cfdb9a017c,1,0,checklist,L,0.0,1.0,L,L,L,0.0,3,13,L,"Which of the following appears in the bolded text to the left? Check all that apply, or none, and highlight the part of the passage in which you see each.",L,True
6,2005,47990959103662e94e796d979018922afddc880fb4b867c7ca2ac8aa2146e7c4,raw_3047990959103662e94e796d979018922afddc880fb4b867c7ca2ac8aa2146e7c4,a6012395-1d36-4cdd-bb4f-5bb7842cf10d,3d2ef8e4-6aa6-401d-988f-40612ce49f28,Covid_Languagev1.1,a6eca3a8c143a31e7b37337f744912e6d33c5b2f49cd29570daee3cfdb9a017c,1,0,checklist,L,0.0,1.0,L,L,L,0.0,3,13,L,"Which of the following appears in the bolded text to the left? Check all that apply, or none, and highlight the part of the passage in which you see each.",L,True
7,2005,47990959103662e94e796d979018922afddc880fb4b867c7ca2ac8aa2146e7c4,raw_3047990959103662e94e796d979018922afddc880fb4b867c7ca2ac8aa2146e7c4,a6012395-1d36-4cdd-bb4f-5bb7842cf10d,3d2ef8e4-6aa6-401d-988f-40612ce49f28,Covid_Languagev1.1,a6eca3a8c143a31e7b37337f744912e6d33c5b2f49cd29570daee3cfdb9a017c,1,0,checklist,L,0.0,1.0,L,L,L,0.0,3,13,L,"Which of the following appears in the bolded text to the left? Check all that apply, or none, and highlight the part of the passage in which you see each.",L,True
8,2005,47990959103662e94e796d979018922afddc880fb4b867c7ca2ac8aa2146e7c4,raw_3047990959103662e94e796d979018922afddc880fb4b867c7ca2ac8aa2146e7c4,a6012395-1d36-4cdd-bb4f-5bb7842cf10d,3d2ef8e4-6aa6-401d-988f-40612ce49f28,Covid_Languagev1.1,a6eca3a8c143a31e7b37337f744912e6d33c5b2f49cd29570daee3cfdb9a017c,1,0,checklist,L,0.0,1.0,L,L,L,0.0,3,13,L,"Which of the following appears in the bolded text to the left? Check all that apply, or none, and highlight the part of the passage in which you see each.",L,True
9,2005,47990959103662e94e796d979018922afddc880fb4b867c7ca2ac8aa2146e7c4,raw_3047990959103662e94e796d979018922afddc880fb4b867c7ca2ac8aa2146e7c4,a6012395-1d36-4cdd-bb4f-5bb7842cf10d,3d2ef8e4-6aa6-401d-988f-40612ce49f28,Covid_Languagev1.1,a6eca3a8c143a31e7b37337f744912e6d33c5b2f49cd29570daee3cfdb9a017c,1,0,checklist,L,0.0,1.0,L,L,L,0.0,3,13,L,"Which of the following appears in the bolded text to the left? Check all that apply, or none, and highlight the part of the passage in which you see each.",L,True
10,2005,47990959103662e94e796d979018922afddc880fb4b867c7ca2ac8aa2146e7c4,raw_3047990959103662e94e796d979018922afddc880fb4b867c7ca2ac8aa2146e7c4,a6012395-1d36-4cdd-bb4f-5bb7842cf10d,3d2ef8e4-6aa6-401d-988f-40612ce49f28,Covid_Languagev1.1,a6eca3a8c143a31e7b37337f744912e6d33c5b2f49cd29570daee3cfdb9a017c,1,ce7dd8c8-bb22-4b03-ad52-ec8db244a7cf,checklist,11,0.3333333333333333,0.6666666666666667,[],,,0.3333333333333333,3,13,,"Which of the following appears in the bolded text to the left? Check all that apply, or none, and highlight the part of the passage in which you see each.",Colorful but not misleading in any way,True
4,2005,47990959103662e94e796d979018922afddc880fb4b867c7ca2ac8aa2146e7c4,raw_3047990959103662e94e796d979018922afddc880fb4b867c7ca2ac8aa2146e7c4,a6012395-1d36-4cdd-bb4f-5bb7842cf10d,3d2ef8e4-6aa6-401d-988f-40612ce49f28,Covid_Languagev1.1,a6eca3a8c143a31e7b37337f744912e6d33c5b2f49cd29570daee3cfdb9a017c,1,0,checklist,L,0.0,1.0,L,L,L,0.0,3,13,L,"Which of the following appears in the bolded text to the left? Check all that apply, or none, and highlight the part of the passage in which you see each.",L,True
11,2005,47990959103662e94e796d979018922afddc880fb4b867c7ca2ac8aa2146e7c4,raw_3047990959103662e94e796d979018922afddc880fb4b867c7ca2ac8aa2146e7c4,a6012395-1d36-4cdd-bb4f-5bb7842cf10d,3d2ef8e4-6aa6-401d-988f-40612ce49f28,Covid_Languagev1.1,a6eca3a8c143a31e7b37337f744912e6d33c5b2f49cd29570daee3cfdb9a017c,1,0,checklist,L,0.0,1.0,L,L,L,0.0,3,13,L,"Which of the following appears in the bolded text to the left? Check all that apply, or none, and highlight the part of the passage in which you see each.",L,True
16,2005,47990959103662e94e796d979018922afddc880fb4b867c7ca2ac8aa2146e7c4,raw_3047990959103662e94e796d979018922afddc880fb4b867c7ca2ac8aa2146e7c4,06a60a10-cf7d-4d58-b57d-b99fa3e9cd40,090a112f-e19f-4f84-8058-28660c9f75ac,Covid_Languagev1.1,a6eca3a8c143a31e7b37337f744912e6d33c5b2f49cd29570daee3cfdb9a017c,1,0,checklist,L,0.0,1.0,L,L,L,0.0,8,13,L,"Which of the following appears in the bolded text to the left? Check all that apply, or none, and highlight the part of the passage in which you see each.",L,True
17,2005,47990959103662e94e796d979018922afddc880fb4b867c7ca2ac8aa2146e7c4,raw_3047990959103662e94e796d979018922afddc880fb4b867c7ca2ac8aa2146e7c4,06a60a10-cf7d-4d58-b57d-b99fa3e9cd40,090a112f-e19f-4f84-8058-28660c9f75ac,Covid_Languagev1.1,a6eca3a8c143a31e7b37337f744912e6d33c5b2f49cd29570daee3cfdb9a017c,1,0,checklist,M,0.25,0.75,M,M,M,0.125,8,13,M,"Which of the following appears in the bolded text to the left? Check all that apply, or none, and highlight the part of the passage in which you see each.",M,True
18,2005,47990959103662e94e796d979018922afddc880fb4b867c7ca2ac8aa2146e7c4,raw_3047990959103662e94e796d979018922afddc880fb4b867c7ca2ac8aa2146e7c4,06a60a10-cf7d-4d58-b57d-b99fa3e9cd40,090a112f-e19f-4f84-8058-28660c9f75ac,Covid_Languagev1.1,a6eca3a8c143a31e7b37337f744912e6d33c5b2f49cd29570daee3cfdb9a017c,1,0,checklist,M,0.25,0.75,M,M,M,0.125,8,13,M,"Which of the following appears in the bolded text to the left? Check all that apply, or none, and highlight the part of the passage in which you see each.",M,True
43,2005,47990959103662e94e796d979018922afddc880fb4b867c7ca2ac8aa2146e7c4,raw_3047990959103662e94e796d979018922afddc880fb4b867c7ca2ac8aa2146e7c4,cbe5ccd4-d275-4025-b44e-f4a99b49b298,a01c764d-1b95-46b5-a83b-111d9ab0c844,Covid_Languagev1.1,a6eca3a8c143a31e7b37337f744912e6d33c5b2f49cd29570daee3cfdb9a017c,1,0,checklist,L,0.0,1.0,L,L,L,0.0,4,13,L,"Which of the following appears in the bolded text to the left? Check all that apply, or none, and highlight the part of the passage in which you see each.",L,True
44,2005,47990959103662e94e796d979018922afddc880fb4b867c7ca2ac8aa2146e7c4,raw_3047990959103662e94e796d979018922afddc880fb4b867c7ca2ac8aa2146e7c4,cbe5ccd4-d275-4025-b44e-f4a99b49b298,a01c764d-1b95-46b5-a83b-111d9ab0c844,Covid_Languagev1.1,a6eca3a8c143a31e7b37337f744912e6d33c5b2f49cd29570daee3cfdb9a017c,1,0,checklist,M,0.25,0.75,M,M,M,0.125,4,13,M,"Which of the following appears in the bolded text to the left? Check all that apply, or none, and highlight the part of the passage in which you see each.",M,True
37,2005,47990959103662e94e796d979018922afddc880fb4b867c7ca2ac8aa2146e7c4,raw_3047990959103662e94e796d979018922afddc880fb4b867c7ca2ac8aa2146e7c4,cbe5ccd4-d275-4025-b44e-f4a99b49b298,a01c764d-1b95-46b5-a83b-111d9ab0c844,Covid_Languagev1.1,a6eca3a8c143a31e7b37337f744912e6d33c5b2f49cd29570daee3cfdb9a017c,1,0,checklist,L,0.0,1.0,L,L,L,0.0,4,13,L,"Which of the following appears in the bolded text to the left? Check all that apply, or none, and highlight the part of the passage in which you see each.",L,True
12,2005,47990959103662e94e796d979018922afddc880fb4b867c7ca2ac8aa2146e7c4,raw_3047990959103662e94e796d979018922afddc880fb4b867c7ca2ac8aa2146e7c4,a6012395-1d36-4cdd-bb4f-5bb7842cf10d,3d2ef8e4-6aa6-401d-988f-40612ce49f28,Covid_Languagev1.1,a6eca3a8c143a31e7b37337f744912e6d33c5b2f49cd29570daee3cfdb9a017c,1,f2a393ae-f059-46bc-bd39-c4eadd7bdfcc,checklist,13,0.6666666666666666,0.33333333333333337,[],,,0.6666666666666666,3,13,,"Which of the following appears in the bolded text to the left? Check all that apply, or none, and highlight the part of the passage in which you see each.",Nothing wrong with language,True
3,2005,47990959103662e94e796d979018922afddc880fb4b867c7ca2ac8aa2146e7c4,raw_3047990959103662e94e796d979018922afddc880fb4b867c7ca2ac8aa2146e7c4,a6012395-1d36-4cdd-bb4f-5bb7842cf10d,3d2ef8e4-6aa6-401d-988f-40612ce49f28,Covid_Languagev1.1,a6eca3a8c143a31e7b37337f744912e6d33c5b2f49cd29570daee3cfdb9a017c,1,0,checklist,L,0.0,1.0,L,L,L,0.0,3,13,L,"Which of the following appears in the bolded text to the left? Check all that apply, or none, and highlight the part of the passage in which you see each.",L,True
2,2005,47990959103662e94e796d979018922afddc880fb4b867c7ca2ac8aa2146e7c4,raw_3047990959103662e94e796d979018922afddc880fb4b867c7ca2ac8aa2146e7c4,a6012395-1d36-4cdd-bb4f-5bb7842cf10d,3d2ef8e4-6aa6-401d-988f-40612ce49f28,Covid_Languagev1.1,a6eca3a8c143a31e7b37337f744912e6d33c5b2f49cd29570daee3cfdb9a017c,1,0,checklist,L,0.0,1.0,L,L,L,0.0,3,13,L,"Which of the following appears in the bolded text to the left? Check all that apply, or none, and highlight the part of the passage in which you see each.",L,True
1,2005,47990959103662e94e796d979018922afddc880fb4b867c7ca2ac8aa2146e7c4,raw_3047990959103662e94e796d979018922afddc880fb4b867c7ca2ac8aa2146e7c4,a6012395-1d36-4cdd-bb4f-5bb7842cf10d,3d2ef8e4-6aa6-401d-988f-40612ce49f28,Covid_Languagev1.1,a6eca3a8c143a31e7b37337f744912e6d33c5b2f49cd29570daee3cfdb9a017c,1,0,checklist,L,0.0,1.0,L,L,L,0.0,3,13,L,"Which of the following appears in the bolded text to the left? Check all that apply, or none, and highlight the part of the passage in which you see each.",L,True
25,2005,47990959103662e94e796d979018922afddc880fb4b867c7ca2ac8aa2146e7c4,raw_3047990959103662e94e796d979018922afddc880fb4b867c7ca2ac8aa2146e7c4,06a60a10-cf7d-4d58-b57d-b99fa3e9cd40,090a112f-e19f-4f84-8058-28660c9f75ac,Covid_Languagev1.1,a6eca3a8c143a31e7b37337f744912e6d33c5b2f49cd29570daee3cfdb9a017c,1,0,checklist,L,0.125,0.875,L,L,L,0.0625,8,13,L,"Which of the following appears in the bolded text to the left? Check all that apply, or none, and highlight the part of the passage in which you see each.",L,True
26,2005,47990959103662e94e796d979018922afddc880fb4b867c7ca2ac8aa2146e7c4,raw_3047990959103662e94e796d979018922afddc880fb4b867c7ca2ac8aa2146e7c4,06a60a10-cf7d-4d58-b57d-b99fa3e9cd40,090a112f-e19f-4f84-8058-28660c9f75ac,Covid_Languagev1.1,a6eca3a8c143a31e7b37337f744912e6d33c5b2f49cd29570daee3cfdb9a017c,1,0,checklist,L,0.0,1.0,L,L,L,0.0,8,13,L,"Which of the following appears in the bolded text to the left? Check all that apply, or none, and highlight the part of the passage in which you see each.",L,True
27,2005,47990959103662e94e796d979018922afddc880fb4b867c7ca2ac8aa2146e7c4,raw_3047990959103662e94e796d979018922afddc880fb4b867c7ca2ac8aa2146e7c4,06a60a10-cf7d-4d58-b57d-b99fa3e9cd40,090a112f-e19f-4f84-8058-28660c9f75ac,Covid_Languagev1.1,a6eca3a8c143a31e7b37337f744912e6d33c5b2f49cd29570daee3cfdb9a017c,1,0,checklist,L,0.0,1.0,L,L,L,0.0,8,13,L,"Which of the following appears in the bolded text to the left? Check all that apply, or none, and highlight the part of the passage in which you see each.",L,True
28,2005,47990959103662e94e796d979018922afddc880fb4b867c7ca2ac8aa2146e7c4,raw_3047990959103662e94e796d979018922afddc880fb4b867c7ca2ac8aa2146e7c4,06a60a10-cf7d-4d58-b57d-b99fa3e9cd40,090a112f-e19f-4f84-8058-28660c9f75ac,Covid_Languagev1.1,a6eca3a8c143a31e7b37337f744912e6d33c5b2f49cd29570daee3cfdb9a017c,1,0,checklist,L,0.125,0.875,L,L,L,0.0625,8,13,L,"Which of the following appears in the bolded text to the left? Check all that apply, or none, and highlight the part of the passage in which you see each.",L,True
35,2005,47990959103662e94e796d979018922afddc880fb4b867c7ca2ac8aa2146e7c4,raw_3047990959103662e94e796d979018922afddc880fb4b867c7ca2ac8aa2146e7c4,cbe5ccd4-d275-4025-b44e-f4a99b49b298,a01c764d-1b95-46b5-a83b-111d9ab0c844,Covid_Languagev1.1,a6eca3a8c143a31e7b37337f744912e6d33c5b2f49cd29570daee3cfdb9a017c,1,0,checklist,L,0.0,1.0,L,L,L,0.0,4,13,L,"Which of the following appears in the bolded text to the left? Check all that apply, or none, and highlight the part of the passage in which you see each.",L,True
72,2005,47990959103662e94e796d979018922afddc880fb4b867c7ca2ac8aa2146e7c4,raw_3047990959103662e94e796d979018922afddc880fb4b867c7ca2ac8aa2146e7c4,9f12ada4-435b-40f5-9e4b-a0662c5877a9,c0417cbe-e272-4faf-a4e4-95696e41e9e3,Covid_Languagev1.1,a6eca3a8c143a31e7b37337f744912e6d33c5b2f49cd29570daee3cfdb9a017c,1,0,checklist,L,0.0,1.0,L,L,L,0.0,4,13,L,"Which of the following appears in the bolded text to the left? Check all that apply, or none, and highlight the part of the passage in which you see each.",L,True
38,2005,47990959103662e94e796d979018922afddc880fb4b867c7ca2ac8aa2146e7c4,raw_3047990959103662e94e796d979018922afddc880fb4b867c7ca2ac8aa2146e7c4,cbe5ccd4-d275-4025-b44e-f4a99b49b298,a01c764d-1b95-46b5-a83b-111d9ab0c844,Covid_Languagev1.1,a6eca3a8c143a31e7b37337f744912e6d33c5b2f49cd29570daee3cfdb9a017c,1,0,checklist,L,0.0,1.0,L,L,L,0.0,4,13,L,"Which of the following appears in the bolded text to the left? Check all that apply, or none, and highlight the part of the passage in which you see each.",L,True
39,2005,47990959103662e94e796d979018922afddc880fb4b867c7ca2ac8aa2146e7c4,raw_3047990959103662e94e796d979018922afddc880fb4b867c7ca2ac8aa2146e7c4,cbe5ccd4-d275-4025-b44e-f4a99b49b298,a01c764d-1b95-46b5-a83b-111d9ab0c844,Covid_Languagev1.1,a6eca3a8c143a31e7b37337f744912e6d33c5b2f49cd29570daee3cfdb9a017c,1,0,checklist,L,0.0,1.0,L,L,L,0.0,4,13,L,"Which of the following appears in the bolded text to the left? Check all that apply, or none, and highlight the part of the passage in which you see each.",L,True
40,2005,47990959103662e94e796d979018922afddc880fb4b867c7ca2ac8aa2146e7c4,raw_3047990959103662e94e796d979018922afddc880fb4b867c7ca2ac8aa2146e7c4,cbe5ccd4-d275-4025-b44e-f4a99b49b298,a01c764d-1b95-46b5-a83b-111d9ab0c844,Covid_Languagev1.1,a6eca3a8c143a31e7b37337f744912e6d33c5b2f49cd29570daee3cfdb9a017c,1,0,checklist,L,0.0,1.0,L,L,L,0.0,4,13,L,"Which of the following appears in the bolded text to the left? Check all that apply, or none, and highlight the part of the passage in which you see each.",L,True
41,2005,47990959103662e94e796d979018922afddc880fb4b867c7ca2ac8aa2146e7c4,raw_3047990959103662e94e796d979018922afddc880fb4b867c7ca2ac8aa2146e7c4,cbe5ccd4-d275-4025-b44e-f4a99b49b298,a01c764d-1b95-46b5-a83b-111d9ab0c844,Covid_Languagev1.1,a6eca3a8c143a31e7b37337f744912e6d33c5b2f49cd29570daee3cfdb9a017c,1,0,checklist,L,0.0,1.0,L,L,L,0.0,4,13,L,"Which of the following appears in the bolded text to the left? Check all that apply, or none, and highlight the part of the passage in which you see each.",L,True
42,2005,47990959103662e94e796d979018922afddc880fb4b867c7ca2ac8aa2146e7c4,raw_3047990959103662e94e796d979018922afddc880fb4b867c7ca2ac8aa2146e7c4,cbe5ccd4-d275-4025-b44e-f4a99b49b298,a01c764d-1b95-46b5-a83b-111d9ab0c844,Covid_Languagev1.1,a6eca3a8c143a31e7b37337f744912e6d33c5b2f49cd29570daee3cfdb9a017c,1,0,checklist,L,0.0,1.0,L,L,L,0.0,4,13,L,"Which of the following appears in the bolded text to the left? Check all that apply, or none, and highlight the part of the passage in which you see each.",L,True
36,2005,47990959103662e94e796d979018922afddc880fb4b867c7ca2ac8aa2146e7c4,raw_3047990959103662e94e796d979018922afddc880fb4b867c7ca2ac8aa2146e7c4,cbe5ccd4-d275-4025-b44e-f4a99b49b298,a01c764d-1b95-46b5-a83b-111d9ab0c844,Covid_Languagev1.1,a6eca3a8c143a31e7b37337f744912e6d33c5b2f49cd29570daee3cfdb9a017c,1,0,checklist,L,0.0,1.0,L,L,L,0.0,4,13,L,"Which of the following appears in the bolded text to the left? Check all that apply, or none, and highlight the part of the passage in which you see each.",L,True
21,2005,47990959103662e94e796d979018922afddc880fb4b867c7ca2ac8aa2146e7c4,raw_3047990959103662e94e796d979018922afddc880fb4b867c7ca2ac8aa2146e7c4,06a60a10-cf7d-4d58-b57d-b99fa3e9cd40,090a112f-e19f-4f84-8058-28660c9f75ac,Covid_Languagev1.1,a6eca3a8c143a31e7b37337f744912e6d33c5b2f49cd29570daee3cfdb9a017c,1,0,checklist,L,0.0,1.0,L,L,L,0.0,8,13,L,"Which of the following appears in the bolded text to the left? Check all that apply, or none, and highlight the part of the passage in which you see each.",L,True
20,2005,47990959103662e94e796d979018922afddc880fb4b867c7ca2ac8aa2146e7c4,raw_3047990959103662e94e796d979018922afddc880fb4b867c7ca2ac8aa2146e7c4,06a60a10-cf7d-4d58-b57d-b99fa3e9cd40,090a112f-e19f-4f84-8058-28660c9f75ac,Covid_Languagev1.1,a6eca3a8c143a31e7b37337f744912e6d33c5b2f49cd29570daee3cfdb9a017c,1,0,checklist,L,0.0,1.0,L,L,L,0.0,8,13,L,"Which of the following appears in the bolded text to the left? Check all that apply, or none, and highlight the part of the passage in which you see each.",L,True
19,2005,47990959103662e94e796d979018922afddc880fb4b867c7ca2ac8aa2146e7c4,raw_3047990959103662e94e796d979018922afddc880fb4b867c7ca2ac8aa2146e7c4,06a60a10-cf7d-4d58-b57d-b99fa3e9cd40,090a112f-e19f-4f84-8058-28660c9f75ac,Covid_Languagev1.1,a6eca3a8c143a31e7b37337f744912e6d33c5b2f49cd29570daee3cfdb9a017c,1,0,checklist,L,0.0,1.0,L,L,L,0.0,8,13,L,"Which of the following appears in the bolded text to the left? Check all that apply, or none, and highlight the part of the passage in which you see each.",L,True
46,2005,47990959103662e94e796d979018922afddc880fb4b867c7ca2ac8aa2146e7c4,raw_3047990959103662e94e796d979018922afddc880fb4b867c7ca2ac8aa2146e7c4,cbe5ccd4-d275-4025-b44e-f4a99b49b298,a01c764d-1b95-46b5-a83b-111d9ab0c844,Covid_Languagev1.1,a6eca3a8c143a31e7b37337f744912e6d33c5b2f49cd29570daee3cfdb9a017c,1,956d8df7-aaae-49b2-b908-283f441aa2fd,checklist,12,0.5,0.5,[],,,0.5,4,13,,"Which of the following appears in the bolded text to the left? Check all that apply, or none, and highlight the part of the passage in which you see each.",Other problem with language,True
70,2005,47990959103662e94e796d979018922afddc880fb4b867c7ca2ac8aa2146e7c4,raw_3047990959103662e94e796d979018922afddc880fb4b867c7ca2ac8aa2146e7c4,9f12ada4-435b-40f5-9e4b-a0662c5877a9,c0417cbe-e272-4faf-a4e4-95696e41e9e3,Covid_Languagev1.1,a6eca3a8c143a31e7b37337f744912e6d33c5b2f49cd29570daee3cfdb9a017c,1,0,checklist,L,0.0,1.0,L,L,L,0.0,4,13,L,"Which of the following appears in the bolded text to the left? Check all that apply, or none, and highlight the part of the passage in which you see each.",L,True
69,2005,47990959103662e94e796d979018922afddc880fb4b867c7ca2ac8aa2146e7c4,raw_3047990959103662e94e796d979018922afddc880fb4b867c7ca2ac8aa2146e7c4,9f12ada4-435b-40f5-9e4b-a0662c5877a9,c0417cbe-e272-4faf-a4e4-95696e41e9e3,Covid_Languagev1.1,a6eca3a8c143a31e7b37337f744912e6d33c5b2f49cd29570daee3cfdb9a017c,1,0,checklist,L,0.0,1.0,L,L,L,0.0,4,13,L,"Which of the following appears in the bolded text to the left? Check all that apply, or none, and highlight the part of the passage in which you see each.",L,True
68,2005,47990959103662e94e796d979018922afddc880fb4b867c7ca2ac8aa2146e7c4,raw_3047990959103662e94e796d979018922afddc880fb4b867c7ca2ac8aa2146e7c4,9f12ada4-435b-40f5-9e4b-a0662c5877a9,c0417cbe-e272-4faf-a4e4-95696e41e9e3,Covid_Languagev1.1,a6eca3a8c143a31e7b37337f744912e6d33c5b2f49cd29570daee3cfdb9a017c,1,0,checklist,L,0.0,1.0,L,L,L,0.0,4,13,L,"Which of the following appears in the bolded text to the left? Check all that apply, or none, and highlight the part of the passage in which you see each.",L,True
99,2005,47990959103662e94e796d979018922afddc880fb4b867c7ca2ac8aa2146e7c4,raw_3047990959103662e94e796d979018922afddc880fb4b867c7ca2ac8aa2146e7c4,849998f9-bf3e-4d3a-a834-da809e74ca2d,20b2a14e-e354-441a-b055-b767520a4594,Covid_Languagev1.1,a6eca3a8c143a31e7b37337f744912e6d33c5b2f49cd29570daee3cfdb9a017c,12,1199a2a4-c9c4-4e74-a4c6-a43535f5b7aa,ordinal,1,1.0,1.0,[],,,1.0,4,4,,"Does the passage contain a particularly neutral, circumspect, or measured account of a frequently heated issue? If so, please offer them kudos.",Nope,True
31,2005,47990959103662e94e796d979018922afddc880fb4b867c7ca2ac8aa2146e7c4,raw_3047990959103662e94e796d979018922afddc880fb4b867c7ca2ac8aa2146e7c4,06a60a10-cf7d-4d58-b57d-b99fa3e9cd40,090a112f-e19f-4f84-8058-28660c9f75ac,Covid_Languagev1.1,a6eca3a8c143a31e7b37337f744912e6d33c5b2f49cd29570daee3cfdb9a017c,12,1199a2a4-c9c4-4e74-a4c6-a43535f5b7aa,ordinal,1,0.8073549220576042,0.8073549220576042,[],,,0.8073549220576042,4,4,,"Does the passage contain a particularly neutral, circumspect, or measured account of a frequently heated issue? If so, please offer them kudos.",Nope,True
65,2005,47990959103662e94e796d979018922afddc880fb4b867c7ca2ac8aa2146e7c4,raw_3047990959103662e94e796d979018922afddc880fb4b867c7ca2ac8aa2146e7c4,82ef0986-46ce-4b8b-9551-74b750f35465,cc697ff1-ab8b-4797-a833-775558e27d33,Covid_Languagev1.1,a6eca3a8c143a31e7b37337f744912e6d33c5b2f49cd29570daee3cfdb9a017c,12,1199a2a4-c9c4-4e74-a4c6-a43535f5b7aa,ordinal,1,1.0,1.0,[],,,1.0,4,4,,"Does the passage contain a particularly neutral, circumspect, or measured account of a frequently heated issue? If so, please offer them kudos.",Nope,True
66,2005,47990959103662e94e796d979018922afddc880fb4b867c7ca2ac8aa2146e7c4,raw_3047990959103662e94e796d979018922afddc880fb4b867c7ca2ac8aa2146e7c4,82ef0986-46ce-4b8b-9551-74b750f35465,cc697ff1-ab8b-4797-a833-775558e27d33,Covid_Languagev1.1,a6eca3a8c143a31e7b37337f744912e6d33c5b2f49cd29570daee3cfdb9a017c,14,1bccf571-1344-428c-ac8e-de833661d9c4,ordinal,1,0.6812563391048414,0.6812563391048414,[],,,0.6812563391048414,4,10,,"How difficult was this task for you, on the whole?",1: Easiest thing I've ever done in a classroom setting,True
82,2005,47990959103662e94e796d979018922afddc880fb4b867c7ca2ac8aa2146e7c4,raw_3047990959103662e94e796d979018922afddc880fb4b867c7ca2ac8aa2146e7c4,9f12ada4-435b-40f5-9e4b-a0662c5877a9,c0417cbe-e272-4faf-a4e4-95696e41e9e3,Covid_Languagev1.1,a6eca3a8c143a31e7b37337f744912e6d33c5b2f49cd29570daee3cfdb9a017c,14,f8b9aa2b-b0c4-478b-a31a-eabc42101dcb,ordinal,2,0.9444869106665612,0.9444869106665612,[],,,0.9444869106665612,4,10,,"How difficult was this task for you, on the whole?",2,True
33,2005,47990959103662e94e796d979018922afddc880fb4b867c7ca2ac8aa2146e7c4,raw_3047990959103662e94e796d979018922afddc880fb4b867c7ca2ac8aa2146e7c4,06a60a10-cf7d-4d58-b57d-b99fa3e9cd40,090a112f-e19f-4f84-8058-28660c9f75ac,Covid_Languagev1.1,a6eca3a8c143a31e7b37337f744912e6d33c5b2f49cd29570daee3cfdb9a017c,14,8983ed40-7485-4a46-b87f-df64af2061f8,ordinal,3,0.5793418468765298,0.5793418468765298,[],,,0.5793418468765298,4,10,,"How difficult was this task for you, on the whole?",3,True
14,2005,47990959103662e94e796d979018922afddc880fb4b867c7ca2ac8aa2146e7c4,raw_3047990959103662e94e796d979018922afddc880fb4b867c7ca2ac8aa2146e7c4,a6012395-1d36-4cdd-bb4f-5bb7842cf10d,3d2ef8e4-6aa6-401d-988f-40612ce49f28,Covid_Languagev1.1,a6eca3a8c143a31e7b37337f744912e6d33c5b2f49cd29570daee3cfdb9a017c,14,f8b9aa2b-b0c4-478b-a31a-eabc42101dcb,ordinal,2,0.7088951336339767,0.7088951336339767,[],,,0.7088951336339767,4,10,,"How difficult was this task for you, on the whole?",2,True
50,2005,47990959103662e94e796d979018922afddc880fb4b867c7ca2ac8aa2146e7c4,raw_3047990959103662e94e796d979018922afddc880fb4b867c7ca2ac8aa2146e7c4,cbe5ccd4-d275-4025-b44e-f4a99b49b298,a01c764d-1b95-46b5-a83b-111d9ab0c844,Covid_Languagev1.1,a6eca3a8c143a31e7b37337f744912e6d33c5b2f49cd29570daee3cfdb9a017c,14,f8b9aa2b-b0c4-478b-a31a-eabc42101dcb,ordinal,2,0.6592750310140829,0.6592750310140829,[],,,0.6592750310140829,4,10,,"How difficult was this task for you, on the whole?",2,True
100,2005,47990959103662e94e796d979018922afddc880fb4b867c7ca2ac8aa2146e7c4,raw_3047990959103662e94e796d979018922afddc880fb4b867c7ca2ac8aa2146e7c4,849998f9-bf3e-4d3a-a834-da809e74ca2d,20b2a14e-e354-441a-b055-b767520a4594,Covid_Languagev1.1,a6eca3a8c143a31e7b37337f744912e6d33c5b2f49cd29570daee3cfdb9a017c,14,1bccf571-1344-428c-ac8e-de833661d9c4,ordinal,1,0.7630344058337939,0.7630344058337939,[],,,0.7630344058337939,4,10,,"How difficult was this task for you, on the whole?",1: Easiest thing I've ever done in a classroom setting,True
34,2005,47990959103662e94e796d979018922afddc880fb4b867c7ca2ac8aa2146e7c4,raw_3047990959103662e94e796d979018922afddc880fb4b867c7ca2ac8aa2146e7c4,06a60a10-cf7d-4d58-b57d-b99fa3e9cd40,090a112f-e19f-4f84-8058-28660c9f75ac,Covid_Languagev1.1,a6eca3a8c143a31e7b37337f744912e6d33c5b2f49cd29570daee3cfdb9a017c,15,2e6d8c3f-c8e5-485e-bf50-0827f607c446,ordinal,9,0.8641922986196168,0.8641922986196168,[],,,0.8641922986196168,4,10,,"How confident are you about your answers, on the whole?",9,True
83,2005,47990959103662e94e796d979018922afddc880fb4b867c7ca2ac8aa2146e7c4,raw_3047990959103662e94e796d979018922afddc880fb4b867c7ca2ac8aa2146e7c4,9f12ada4-435b-40f5-9e4b-a0662c5877a9,c0417cbe-e272-4faf-a4e4-95696e41e9e3,Covid_Languagev1.1,a6eca3a8c143a31e7b37337f744912e6d33c5b2f49cd29570daee3cfdb9a017c,15,fcb8fe36-923f-47b7-b67e-e4061e97c2f4,ordinal,8,0.8864698968789163,0.8864698968789163,[],,,0.8864698968789163,4,10,,"How confident are you about your answers, on the whole?",8,True
15,2005,47990959103662e94e796d979018922afddc880fb4b867c7ca2ac8aa2146e7c4,raw_3047990959103662e94e796d979018922afddc880fb4b867c7ca2ac8aa2146e7c4,a6012395-1d36-4cdd-bb4f-5bb7842cf10d,3d2ef8e4-6aa6-401d-988f-40612ce49f28,Covid_Languagev1.1,a6eca3a8c143a31e7b37337f744912e6d33c5b2f49cd29570daee3cfdb9a017c,15,82a67310-fc33-41da-9658-a0ec596bfc31,ordinal,7,0.8864698968789163,0.8864698968789163,[],,,0.8864698968789163,4,10,,"How confident are you about your answers, on the whole?",7,True
67,2005,47990959103662e94e796d979018922afddc880fb4b867c7ca2ac8aa2146e7c4,raw_3047990959103662e94e796d979018922afddc880fb4b867c7ca2ac8aa2146e7c4,82ef0986-46ce-4b8b-9551-74b750f35465,cc697ff1-ab8b-4797-a833-775558e27d33,Covid_Languagev1.1,a6eca3a8c143a31e7b37337f744912e6d33c5b2f49cd29570daee3cfdb9a017c,15,fcb8fe36-923f-47b7-b67e-e4061e97c2f4,ordinal,8,0.8641922986196168,0.8641922986196168,[],,,0.8641922986196168,4,10,,"How confident are you about your answers, on the whole?",8,True
51,2005,47990959103662e94e796d979018922afddc880fb4b867c7ca2ac8aa2146e7c4,raw_3047990959103662e94e796d979018922afddc880fb4b867c7ca2ac8aa2146e7c4,cbe5ccd4-d275-4025-b44e-f4a99b49b298,a01c764d-1b95-46b5-a83b-111d9ab0c844,Covid_Languagev1.1,a6eca3a8c143a31e7b37337f744912e6d33c5b2f49cd29570daee3cfdb9a017c,15,fcb8fe36-923f-47b7-b67e-e4061e97c2f4,ordinal,8,0.8641922986196168,0.8641922986196168,[],,,0.8641922986196168,4,10,,"How confident are you about your answers, on the whole?",8,True
101,2005,47990959103662e94e796d979018922afddc880fb4b867c7ca2ac8aa2146e7c4,raw_3047990959103662e94e796d979018922afddc880fb4b867c7ca2ac8aa2146e7c4,849998f9-bf3e-4d3a-a834-da809e74ca2d,20b2a14e-e354-441a-b055-b767520a4594,Covid_Languagev1.1,a6eca3a8c143a31e7b37337f744912e6d33c5b2f49cd29570daee3cfdb9a017c,15,553e859b-9292-4603-b6c4-b149816fe32b,ordinal,6,0.7630344058337939,0.7630344058337939,[],,,0.7630344058337939,4,10,,"How confident are you about your answers, on the whole?",6,True
48,2005,47990959103662e94e796d979018922afddc880fb4b867c7ca2ac8aa2146e7c4,raw_3047990959103662e94e796d979018922afddc880fb4b867c7ca2ac8aa2146e7c4,cbe5ccd4-d275-4025-b44e-f4a99b49b298,a01c764d-1b95-46b5-a83b-111d9ab0c844,Covid_Languagev1.1,a6eca3a8c143a31e7b37337f744912e6d33c5b2f49cd29570daee3cfdb9a017c,12,1199a2a4-c9c4-4e74-a4c6-a43535f5b7aa,ordinal,1,0.8552778762416621,0.8552778762416621,[],,,0.8552778762416621,4,4,,"Does the passage contain a particularly neutral, circumspect, or measured account of a frequently heated issue? If so, please offer them kudos.",Nope,True
24,2005,47990959103662e94e796d979018922afddc880fb4b867c7ca2ac8aa2146e7c4,raw_3047990959103662e94e796d979018922afddc880fb4b867c7ca2ac8aa2146e7c4,06a60a10-cf7d-4d58-b57d-b99fa3e9cd40,090a112f-e19f-4f84-8058-28660c9f75ac,Covid_Languagev1.1,a6eca3a8c143a31e7b37337f744912e6d33c5b2f49cd29570daee3cfdb9a017c,1,0,checklist,L,0.0,1.0,L,L,L,0.0,8,13,L,"Which of the following appears in the bolded text to the left? Check all that apply, or none, and highlight the part of the passage in which you see each.",L,True
13,2005,47990959103662e94e796d979018922afddc880fb4b867c7ca2ac8aa2146e7c4,raw_3047990959103662e94e796d979018922afddc880fb4b867c7ca2ac8aa2146e7c4,a6012395-1d36-4cdd-bb4f-5bb7842cf10d,3d2ef8e4-6aa6-401d-988f-40612ce49f28,Covid_Languagev1.1,a6eca3a8c143a31e7b37337f744912e6d33c5b2f49cd29570daee3cfdb9a017c,12,1199a2a4-c9c4-4e74-a4c6-a43535f5b7aa,ordinal,1,0.4473069892144999,0.4473069892144999,[],,,0.4473069892144999,4,4,,"Does the passage contain a particularly neutral, circumspect, or measured account of a frequently heated issue? If so, please offer them kudos.",Nope,True
97,2005,47990959103662e94e796d979018922afddc880fb4b867c7ca2ac8aa2146e7c4,raw_3047990959103662e94e796d979018922afddc880fb4b867c7ca2ac8aa2146e7c4,849998f9-bf3e-4d3a-a834-da809e74ca2d,20b2a14e-e354-441a-b055-b767520a4594,Covid_Languagev1.1,a6eca3a8c143a31e7b37337f744912e6d33c5b2f49cd29570daee3cfdb9a017c,3,8f0eadd5-9198-4193-a740-d4e672ce67c9,ordinal,3,0.8648259251435817,0.8648259251435817,[],,,0.8648259251435817,3,5,,How much does the exaggeration misrepresent reality?,Some misrepresentation,True
64,2005,47990959103662e94e796d979018922afddc880fb4b867c7ca2ac8aa2146e7c4,raw_3047990959103662e94e796d979018922afddc880fb4b867c7ca2ac8aa2146e7c4,82ef0986-46ce-4b8b-9551-74b750f35465,cc697ff1-ab8b-4797-a833-775558e27d33,Covid_Languagev1.1,a6eca3a8c143a31e7b37337f744912e6d33c5b2f49cd29570daee3cfdb9a017c,1,0,checklist,L,0.0,1.0,L,L,L,0.0,4,13,L,"Which of the following appears in the bolded text to the left? Check all that apply, or none, and highlight the part of the passage in which you see each.",L,True
63,2005,47990959103662e94e796d979018922afddc880fb4b867c7ca2ac8aa2146e7c4,raw_3047990959103662e94e796d979018922afddc880fb4b867c7ca2ac8aa2146e7c4,82ef0986-46ce-4b8b-9551-74b750f35465,cc697ff1-ab8b-4797-a833-775558e27d33,Covid_Languagev1.1,a6eca3a8c143a31e7b37337f744912e6d33c5b2f49cd29570daee3cfdb9a017c,1,0,checklist,L,0.0,1.0,L,L,L,0.0,4,13,L,"Which of the following appears in the bolded text to the left? Check all that apply, or none, and highlight the part of the passage in which you see each.",L,True
62,2005,47990959103662e94e796d979018922afddc880fb4b867c7ca2ac8aa2146e7c4,raw_3047990959103662e94e796d979018922afddc880fb4b867c7ca2ac8aa2146e7c4,82ef0986-46ce-4b8b-9551-74b750f35465,cc697ff1-ab8b-4797-a833-775558e27d33,Covid_Languagev1.1,a6eca3a8c143a31e7b37337f744912e6d33c5b2f49cd29570daee3cfdb9a017c,1,ce7dd8c8-bb22-4b03-ad52-ec8db244a7cf,checklist,11,0.75,0.25,[],,,0.75,4,13,,"Which of the following appears in the bolded text to the left? Check all that apply, or none, and highlight the part of the passage in which you see each.",Colorful but not misleading in any way,True
61,2005,47990959103662e94e796d979018922afddc880fb4b867c7ca2ac8aa2146e7c4,raw_3047990959103662e94e796d979018922afddc880fb4b867c7ca2ac8aa2146e7c4,82ef0986-46ce-4b8b-9551-74b750f35465,cc697ff1-ab8b-4797-a833-775558e27d33,Covid_Languagev1.1,a6eca3a8c143a31e7b37337f744912e6d33c5b2f49cd29570daee3cfdb9a017c,1,0,checklist,L,0.0,1.0,L,L,L,0.0,4,13,L,"Which of the following appears in the bolded text to the left? Check all that apply, or none, and highlight the part of the passage in which you see each.",L,True
60,2005,47990959103662e94e796d979018922afddc880fb4b867c7ca2ac8aa2146e7c4,raw_3047990959103662e94e796d979018922afddc880fb4b867c7ca2ac8aa2146e7c4,82ef0986-46ce-4b8b-9551-74b750f35465,cc697ff1-ab8b-4797-a833-775558e27d33,Covid_Languagev1.1,a6eca3a8c143a31e7b37337f744912e6d33c5b2f49cd29570daee3cfdb9a017c,1,0,checklist,L,0.0,1.0,L,L,L,0.0,4,13,L,"Which of the following appears in the bolded text to the left? Check all that apply, or none, and highlight the part of the passage in which you see each.",L,True
59,2005,47990959103662e94e796d979018922afddc880fb4b867c7ca2ac8aa2146e7c4,raw_3047990959103662e94e796d979018922afddc880fb4b867c7ca2ac8aa2146e7c4,82ef0986-46ce-4b8b-9551-74b750f35465,cc697ff1-ab8b-4797-a833-775558e27d33,Covid_Languagev1.1,a6eca3a8c143a31e7b37337f744912e6d33c5b2f49cd29570daee3cfdb9a017c,1,0,checklist,L,0.0,1.0,L,L,L,0.0,4,13,L,"Which of the following appears in the bolded text to the left? Check all that apply, or none, and highlight the part of the passage in which you see each.",L,True
58,2005,47990959103662e94e796d979018922afddc880fb4b867c7ca2ac8aa2146e7c4,raw_3047990959103662e94e796d979018922afddc880fb4b867c7ca2ac8aa2146e7c4,82ef0986-46ce-4b8b-9551-74b750f35465,cc697ff1-ab8b-4797-a833-775558e27d33,Covid_Languagev1.1,a6eca3a8c143a31e7b37337f744912e6d33c5b2f49cd29570daee3cfdb9a017c,1,0,checklist,L,0.0,1.0,L,L,L,0.0,4,13,L,"Which of the following appears in the bolded text to the left? Check all that apply, or none, and highlight the part of the passage in which you see each.",L,True
57,2005,47990959103662e94e796d979018922afddc880fb4b867c7ca2ac8aa2146e7c4,raw_3047990959103662e94e796d979018922afddc880fb4b867c7ca2ac8aa2146e7c4,82ef0986-46ce-4b8b-9551-74b750f35465,cc697ff1-ab8b-4797-a833-775558e27d33,Covid_Languagev1.1,a6eca3a8c143a31e7b37337f744912e6d33c5b2f49cd29570daee3cfdb9a017c,1,0,checklist,L,0.0,1.0,L,L,L,0.0,4,13,L,"Which of the following appears in the bolded text to the left? Check all that apply, or none, and highlight the part of the passage in which you see each.",L,True
56,2005,47990959103662e94e796d979018922afddc880fb4b867c7ca2ac8aa2146e7c4,raw_3047990959103662e94e796d979018922afddc880fb4b867c7ca2ac8aa2146e7c4,82ef0986-46ce-4b8b-9551-74b750f35465,cc697ff1-ab8b-4797-a833-775558e27d33,Covid_Languagev1.1,a6eca3a8c143a31e7b37337f744912e6d33c5b2f49cd29570daee3cfdb9a017c,1,0,checklist,M,0.25,0.75,M,M,M,0.125,4,13,M,"Which of the following appears in the bolded text to the left? Check all that apply, or none, and highlight the part of the passage in which you see each.",M,True
45,2005,47990959103662e94e796d979018922afddc880fb4b867c7ca2ac8aa2146e7c4,raw_3047990959103662e94e796d979018922afddc880fb4b867c7ca2ac8aa2146e7c4,cbe5ccd4-d275-4025-b44e-f4a99b49b298,a01c764d-1b95-46b5-a83b-111d9ab0c844,Covid_Languagev1.1,a6eca3a8c143a31e7b37337f744912e6d33c5b2f49cd29570daee3cfdb9a017c,1,0,checklist,L,0.0,1.0,L,L,L,0.0,4,13,L,"Which of the following appears in the bolded text to the left? Check all that apply, or none, and highlight the part of the passage in which you see each.",L,True
54,2005,47990959103662e94e796d979018922afddc880fb4b867c7ca2ac8aa2146e7c4,raw_3047990959103662e94e796d979018922afddc880fb4b867c7ca2ac8aa2146e7c4,82ef0986-46ce-4b8b-9551-74b750f35465,cc697ff1-ab8b-4797-a833-775558e27d33,Covid_Languagev1.1,a6eca3a8c143a31e7b37337f744912e6d33c5b2f49cd29570daee3cfdb9a017c,1,0,checklist,L,0.0,1.0,L,L,L,0.0,4,13,L,"Which of the following appears in the bolded text to the left? Check all that apply, or none, and highlight the part of the passage in which you see each.",L,True
53,2005,47990959103662e94e796d979018922afddc880fb4b867c7ca2ac8aa2146e7c4,raw_3047990959103662e94e796d979018922afddc880fb4b867c7ca2ac8aa2146e7c4,82ef0986-46ce-4b8b-9551-74b750f35465,cc697ff1-ab8b-4797-a833-775558e27d33,Covid_Languagev1.1,a6eca3a8c143a31e7b37337f744912e6d33c5b2f49cd29570daee3cfdb9a017c,1,0,checklist,L,0.0,1.0,L,L,L,0.0,4,13,L,"Which of the following appears in the bolded text to the left? Check all that apply, or none, and highlight the part of the passage in which you see each.",L,True
55,2005,47990959103662e94e796d979018922afddc880fb4b867c7ca2ac8aa2146e7c4,raw_3047990959103662e94e796d979018922afddc880fb4b867c7ca2ac8aa2146e7c4,82ef0986-46ce-4b8b-9551-74b750f35465,cc697ff1-ab8b-4797-a833-775558e27d33,Covid_Languagev1.1,a6eca3a8c143a31e7b37337f744912e6d33c5b2f49cd29570daee3cfdb9a017c,1,0,checklist,L,0.0,1.0,L,L,L,0.0,4,13,L,"Which of the following appears in the bolded text to the left? Check all that apply, or none, and highlight the part of the passage in which you see each.",L,True
52,2005,47990959103662e94e796d979018922afddc880fb4b867c7ca2ac8aa2146e7c4,raw_3047990959103662e94e796d979018922afddc880fb4b867c7ca2ac8aa2146e7c4,82ef0986-46ce-4b8b-9551-74b750f35465,cc697ff1-ab8b-4797-a833-775558e27d33,Covid_Languagev1.1,a6eca3a8c143a31e7b37337f744912e6d33c5b2f49cd29570daee3cfdb9a017c,1,0,checklist,L,0.0,1.0,L,L,L,0.0,4,13,L,"Which of the following appears in the bolded text to the left? Check all that apply, or none, and highlight the part of the passage in which you see each.",L,True
47,2005,47990959103662e94e796d979018922afddc880fb4b867c7ca2ac8aa2146e7c4,raw_3047990959103662e94e796d979018922afddc880fb4b867c7ca2ac8aa2146e7c4,cbe5ccd4-d275-4025-b44e-f4a99b49b298,a01c764d-1b95-46b5-a83b-111d9ab0c844,Covid_Languagev1.1,a6eca3a8c143a31e7b37337f744912e6d33c5b2f49cd29570daee3cfdb9a017c,1,0,checklist,M,0.25,0.75,M,M,M,0.125,4,13,M,"Which of the following appears in the bolded text to the left? Check all that apply, or none, and highlight the part of the passage in which you see each.",M,True
81,2005,47990959103662e94e796d979018922afddc880fb4b867c7ca2ac8aa2146e7c4,raw_3047990959103662e94e796d979018922afddc880fb4b867c7ca2ac8aa2146e7c4,9f12ada4-435b-40f5-9e4b-a0662c5877a9,c0417cbe-e272-4faf-a4e4-95696e41e9e3,Covid_Languagev1.1,a6eca3a8c143a31e7b37337f744912e6d33c5b2f49cd29570daee3cfdb9a017c,12,1199a2a4-c9c4-4e74-a4c6-a43535f5b7aa,ordinal,1,1.0,1.0,[],,,1.0,4,4,,"Does the passage contain a particularly neutral, circumspect, or measured account of a frequently heated issue? If so, please offer them kudos.",Nope,True
23,2005,47990959103662e94e796d979018922afddc880fb4b867c7ca2ac8aa2146e7c4,raw_3047990959103662e94e796d979018922afddc880fb4b867c7ca2ac8aa2146e7c4,06a60a10-cf7d-4d58-b57d-b99fa3e9cd40,090a112f-e19f-4f84-8058-28660c9f75ac,Covid_Languagev1.1,a6eca3a8c143a31e7b37337f744912e6d33c5b2f49cd29570daee3cfdb9a017c,1,0,checklist,L,0.0,1.0,L,L,L,0.0,8,13,L,"Which of the following appears in the bolded text to the left? Check all that apply, or none, and highlight the part of the passage in which you see each.",L,True
22,2005,47990959103662e94e796d979018922afddc880fb4b867c7ca2ac8aa2146e7c4,raw_3047990959103662e94e796d979018922afddc880fb4b867c7ca2ac8aa2146e7c4,06a60a10-cf7d-4d58-b57d-b99fa3e9cd40,090a112f-e19f-4f84-8058-28660c9f75ac,Covid_Languagev1.1,a6eca3a8c143a31e7b37337f744912e6d33c5b2f49cd29570daee3cfdb9a017c,1,0,checklist,M,0.25,0.75,M,M,M,0.125,8,13,M,"Which of the following appears in the bolded text to the left? Check all that apply, or none, and highlight the part of the passage in which you see each.",M,True
87,2005,47990959103662e94e796d979018922afddc880fb4b867c7ca2ac8aa2146e7c4,raw_3047990959103662e94e796d979018922afddc880fb4b867c7ca2ac8aa2146e7c4,849998f9-bf3e-4d3a-a834-da809e74ca2d,20b2a14e-e354-441a-b055-b767520a4594,Covid_Languagev1.1,a6eca3a8c143a31e7b37337f744912e6d33c5b2f49cd29570daee3cfdb9a017c,1,0,checklist,L,0.0,1.0,L,L,L,0.0,6,13,L,"Which of the following appears in the bolded text to the left? Check all that apply, or none, and highlight the part of the passage in which you see each.",L,True
92,2005,47990959103662e94e796d979018922afddc880fb4b867c7ca2ac8aa2146e7c4,raw_3047990959103662e94e796d979018922afddc880fb4b867c7ca2ac8aa2146e7c4,849998f9-bf3e-4d3a-a834-da809e74ca2d,20b2a14e-e354-441a-b055-b767520a4594,Covid_Languagev1.1,a6eca3a8c143a31e7b37337f744912e6d33c5b2f49cd29570daee3cfdb9a017c,1,0,checklist,L,0.0,1.0,L,L,L,0.0,6,13,L,"Which of the following appears in the bolded text to the left? Check all that apply, or none, and highlight the part of the passage in which you see each.",L,True
71,2005,47990959103662e94e796d979018922afddc880fb4b867c7ca2ac8aa2146e7c4,raw_3047990959103662e94e796d979018922afddc880fb4b867c7ca2ac8aa2146e7c4,9f12ada4-435b-40f5-9e4b-a0662c5877a9,c0417cbe-e272-4faf-a4e4-95696e41e9e3,Covid_Languagev1.1,a6eca3a8c143a31e7b37337f744912e6d33c5b2f49cd29570daee3cfdb9a017c,1,0,checklist,L,0.0,1.0,L,L,L,0.0,4,13,L,"Which of the following appears in the bolded text to the left? Check all that apply, or none, and highlight the part of the passage in which you see each.",L,True
90,2005,47990959103662e94e796d979018922afddc880fb4b867c7ca2ac8aa2146e7c4,raw_3047990959103662e94e796d979018922afddc880fb4b867c7ca2ac8aa2146e7c4,849998f9-bf3e-4d3a-a834-da809e74ca2d,20b2a14e-e354-441a-b055-b767520a4594,Covid_Languagev1.1,a6eca3a8c143a31e7b37337f744912e6d33c5b2f49cd29570daee3cfdb9a017c,1,0,checklist,M,0.16666666666666666,0.8333333333333334,M,M,M,0.08333333333333333,6,13,M,"Which of the following appears in the bolded text to the left? Check all that apply, or none, and highlight the part of the passage in which you see each.",M,True
89,2005,47990959103662e94e796d979018922afddc880fb4b867c7ca2ac8aa2146e7c4,raw_3047990959103662e94e796d979018922afddc880fb4b867c7ca2ac8aa2146e7c4,849998f9-bf3e-4d3a-a834-da809e74ca2d,20b2a14e-e354-441a-b055-b767520a4594,Covid_Languagev1.1,a6eca3a8c143a31e7b37337f744912e6d33c5b2f49cd29570daee3cfdb9a017c,1,0,checklist,L,0.0,1.0,L,L,L,0.0,6,13,L,"Which of the following appears in the bolded text to the left? Check all that apply, or none, and highlight the part of the passage in which you see each.",L,True
88,2005,47990959103662e94e796d979018922afddc880fb4b867c7ca2ac8aa2146e7c4,raw_3047990959103662e94e796d979018922afddc880fb4b867c7ca2ac8aa2146e7c4,849998f9-bf3e-4d3a-a834-da809e74ca2d,20b2a14e-e354-441a-b055-b767520a4594,Covid_Languagev1.1,a6eca3a8c143a31e7b37337f744912e6d33c5b2f49cd29570daee3cfdb9a017c,1,0,checklist,L,0.0,1.0,L,L,L,0.0,6,13,L,"Which of the following appears in the bolded text to the left? Check all that apply, or none, and highlight the part of the passage in which you see each.",L,True
86,2005,47990959103662e94e796d979018922afddc880fb4b867c7ca2ac8aa2146e7c4,raw_3047990959103662e94e796d979018922afddc880fb4b867c7ca2ac8aa2146e7c4,849998f9-bf3e-4d3a-a834-da809e74ca2d,20b2a14e-e354-441a-b055-b767520a4594,Covid_Languagev1.1,a6eca3a8c143a31e7b37337f744912e6d33c5b2f49cd29570daee3cfdb9a017c,1,0,checklist,M,0.16666666666666666,0.8333333333333334,M,M,M,0.08333333333333333,6,13,M,"Which of the following appears in the bolded text to the left? Check all that apply, or none, and highlight the part of the passage in which you see each.",M,True
85,2005,47990959103662e94e796d979018922afddc880fb4b867c7ca2ac8aa2146e7c4,raw_3047990959103662e94e796d979018922afddc880fb4b867c7ca2ac8aa2146e7c4,849998f9-bf3e-4d3a-a834-da809e74ca2d,20b2a14e-e354-441a-b055-b767520a4594,Covid_Languagev1.1,a6eca3a8c143a31e7b37337f744912e6d33c5b2f49cd29570daee3cfdb9a017c,1,8a1d3be8-2887-4f4c-8347-493c0f2493c2,checklist,2,0.5,0.5,[],,,0.5,6,13,,"Which of the following appears in the bolded text to the left? Check all that apply, or none, and highlight the part of the passage in which you see each.",Exaggeration,True
84,2005,47990959103662e94e796d979018922afddc880fb4b867c7ca2ac8aa2146e7c4,raw_3047990959103662e94e796d979018922afddc880fb4b867c7ca2ac8aa2146e7c4,849998f9-bf3e-4d3a-a834-da809e74ca2d,20b2a14e-e354-441a-b055-b767520a4594,Covid_Languagev1.1,a6eca3a8c143a31e7b37337f744912e6d33c5b2f49cd29570daee3cfdb9a017c,1,0,checklist,L,0.0,1.0,L,L,L,0.0,6,13,L,"Which of the following appears in the bolded text to the left? Check all that apply, or none, and highlight the part of the passage in which you see each.",L,True
80,2005,47990959103662e94e796d979018922afddc880fb4b867c7ca2ac8aa2146e7c4,raw_3047990959103662e94e796d979018922afddc880fb4b867c7ca2ac8aa2146e7c4,9f12ada4-435b-40f5-9e4b-a0662c5877a9,c0417cbe-e272-4faf-a4e4-95696e41e9e3,Covid_Languagev1.1,a6eca3a8c143a31e7b37337f744912e6d33c5b2f49cd29570daee3cfdb9a017c,1,f2a393ae-f059-46bc-bd39-c4eadd7bdfcc,checklist,13,1.0,0.0,[],,,1.0,4,13,,"Which of the following appears in the bolded text to the left? Check all that apply, or none, and highlight the part of the passage in which you see each.",Nothing wrong with language,True
79,2005,47990959103662e94e796d979018922afddc880fb4b867c7ca2ac8aa2146e7c4,raw_3047990959103662e94e796d979018922afddc880fb4b867c7ca2ac8aa2146e7c4,9f12ada4-435b-40f5-9e4b-a0662c5877a9,c0417cbe-e272-4faf-a4e4-95696e41e9e3,Covid_Languagev1.1,a6eca3a8c143a31e7b37337f744912e6d33c5b2f49cd29570daee3cfdb9a017c,1,0,checklist,L,0.0,1.0,L,L,L,0.0,4,13,L,"Which of the following appears in the bolded text to the left? Check all that apply, or none, and highlight the part of the passage in which you see each.",L,True
78,2005,47990959103662e94e796d979018922afddc880fb4b867c7ca2ac8aa2146e7c4,raw_3047990959103662e94e796d979018922afddc880fb4b867c7ca2ac8aa2146e7c4,9f12ada4-435b-40f5-9e4b-a0662c5877a9,c0417cbe-e272-4faf-a4e4-95696e41e9e3,Covid_Languagev1.1,a6eca3a8c143a31e7b37337f744912e6d33c5b2f49cd29570daee3cfdb9a017c,1,0,checklist,L,0.0,1.0,L,L,L,0.0,4,13,L,"Which of the following appears in the bolded text to the left? Check all that apply, or none, and highlight the part of the passage in which you see each.",L,True
77,2005,47990959103662e94e796d979018922afddc880fb4b867c7ca2ac8aa2146e7c4,raw_3047990959103662e94e796d979018922afddc880fb4b867c7ca2ac8aa2146e7c4,9f12ada4-435b-40f5-9e4b-a0662c5877a9,c0417cbe-e272-4faf-a4e4-95696e41e9e3,Covid_Languagev1.1,a6eca3a8c143a31e7b37337f744912e6d33c5b2f49cd29570daee3cfdb9a017c,1,0,checklist,L,0.0,1.0,L,L,L,0.0,4,13,L,"Which of the following appears in the bolded text to the left? Check all that apply, or none, and highlight the part of the passage in which you see each.",L,True
76,2005,47990959103662e94e796d979018922afddc880fb4b867c7ca2ac8aa2146e7c4,raw_3047990959103662e94e796d979018922afddc880fb4b867c7ca2ac8aa2146e7c4,9f12ada4-435b-40f5-9e4b-a0662c5877a9,c0417cbe-e272-4faf-a4e4-95696e41e9e3,Covid_Languagev1.1,a6eca3a8c143a31e7b37337f744912e6d33c5b2f49cd29570daee3cfdb9a017c,1,0,checklist,L,0.0,1.0,L,L,L,0.0,4,13,L,"Which of the following appears in the bolded text to the left? Check all that apply, or none, and highlight the part of the passage in which you see each.",L,True
75,2005,47990959103662e94e796d979018922afddc880fb4b867c7ca2ac8aa2146e7c4,raw_3047990959103662e94e796d979018922afddc880fb4b867c7ca2ac8aa2146e7c4,9f12ada4-435b-40f5-9e4b-a0662c5877a9,c0417cbe-e272-4faf-a4e4-95696e41e9e3,Covid_Languagev1.1,a6eca3a8c143a31e7b37337f744912e6d33c5b2f49cd29570daee3cfdb9a017c,1,0,checklist,L,0.0,1.0,L,L,L,0.0,4,13,L,"Which of the following appears in the bolded text to the left? Check all that apply, or none, and highlight the part of the passage in which you see each.",L,True
94,2005,47990959103662e94e796d979018922afddc880fb4b867c7ca2ac8aa2146e7c4,raw_3047990959103662e94e796d979018922afddc880fb4b867c7ca2ac8aa2146e7c4,849998f9-bf3e-4d3a-a834-da809e74ca2d,20b2a14e-e354-441a-b055-b767520a4594,Covid_Languagev1.1,a6eca3a8c143a31e7b37337f744912e6d33c5b2f49cd29570daee3cfdb9a017c,1,0,checklist,M,0.16666666666666666,0.8333333333333334,M,M,M,0.08333333333333333,6,13,M,"Which of the following appears in the bolded text to the left? Check all that apply, or none, and highlight the part of the passage in which you see each.",M,True
95,2005,47990959103662e94e796d979018922afddc880fb4b867c7ca2ac8aa2146e7c4,raw_3047990959103662e94e796d979018922afddc880fb4b867c7ca2ac8aa2146e7c4,849998f9-bf3e-4d3a-a834-da809e74ca2d,20b2a14e-e354-441a-b055-b767520a4594,Covid_Languagev1.1,a6eca3a8c143a31e7b37337f744912e6d33c5b2f49cd29570daee3cfdb9a017c,1,0,checklist,L,0.0,1.0,L,L,L,0.0,6,13,L,"Which of the following appears in the bolded text to the left? Check all that apply, or none, and highlight the part of the passage in which you see each.",L,True
96,2005,47990959103662e94e796d979018922afddc880fb4b867c7ca2ac8aa2146e7c4,raw_3047990959103662e94e796d979018922afddc880fb4b867c7ca2ac8aa2146e7c4,849998f9-bf3e-4d3a-a834-da809e74ca2d,20b2a14e-e354-441a-b055-b767520a4594,Covid_Languagev1.1,a6eca3a8c143a31e7b37337f744912e6d33c5b2f49cd29570daee3cfdb9a017c,1,0,checklist,L,0.0,1.0,L,L,L,0.0,6,13,L,"Which of the following appears in the bolded text to the left? Check all that apply, or none, and highlight the part of the passage in which you see each.",L,True
93,2005,47990959103662e94e796d979018922afddc880fb4b867c7ca2ac8aa2146e7c4,raw_3047990959103662e94e796d979018922afddc880fb4b867c7ca2ac8aa2146e7c4,849998f9-bf3e-4d3a-a834-da809e74ca2d,20b2a14e-e354-441a-b055-b767520a4594,Covid_Languagev1.1,a6eca3a8c143a31e7b37337f744912e6d33c5b2f49cd29570daee3cfdb9a017c,1,0,checklist,L,0.0,1.0,L,L,L,0.0,6,13,L,"Which of the following appears in the bolded text to the left? Check all that apply, or none, and highlight the part of the passage in which you see each.",L,True
74,2005,47990959103662e94e796d979018922afddc880fb4b867c7ca2ac8aa2146e7c4,raw_3047990959103662e94e796d979018922afddc880fb4b867c7ca2ac8aa2146e7c4,9f12ada4-435b-40f5-9e4b-a0662c5877a9,c0417cbe-e272-4faf-a4e4-95696e41e9e3,Covid_Languagev1.1,a6eca3a8c143a31e7b37337f744912e6d33c5b2f49cd29570daee3cfdb9a017c,1,0,checklist,L,0.0,1.0,L,L,L,0.0,4,13,L,"Which of the following appears in the bolded text to the left? Check all that apply, or none, and highlight the part of the passage in which you see each.",L,True
91,2005,47990959103662e94e796d979018922afddc880fb4b867c7ca2ac8aa2146e7c4,raw_3047990959103662e94e796d979018922afddc880fb4b867c7ca2ac8aa2146e7c4,849998f9-bf3e-4d3a-a834-da809e74ca2d,20b2a14e-e354-441a-b055-b767520a4594,Covid_Languagev1.1,a6eca3a8c143a31e7b37337f744912e6d33c5b2f49cd29570daee3cfdb9a017c,1,0,checklist,L,0.0,1.0,L,L,L,0.0,6,13,L,"Which of the following appears in the bolded text to the left? Check all that apply, or none, and highlight the part of the passage in which you see each.",L,True
73,2005,47990959103662e94e796d979018922afddc880fb4b867c7ca2ac8aa2146e7c4,raw_3047990959103662e94e796d979018922afddc880fb4b867c7ca2ac8aa2146e7c4,9f12ada4-435b-40f5-9e4b-a0662c5877a9,c0417cbe-e272-4faf-a4e4-95696e41e9e3,Covid_Languagev1.1,a6eca3a8c143a31e7b37337f744912e6d33c5b2f49cd29570daee3cfdb9a017c,1,0,checklist,L,0.0,1.0,L,L,L,0.0,4,13,L,"Which of the following appears in the bolded text to the left? Check all that apply, or none, and highlight the part of the passage in which you see each.",L,True
149,100054,7360da3cdcf83a48e365821654ef0750810f3483efb8e25ad792eed6f4bf0b6f,raw_307360da3cdcf83a48e365821654ef0750810f3483efb8e25ad792eed6f4bf0b6f,377e7638-d1b1-4f2c-ad56-f02be2bb2de5,3530f88a-6f3f-46c0-a840-8a7b94afa968,Covid_Languagev1.1,a6eca3a8c143a31e7b37337f744912e6d33c5b2f49cd29570daee3cfdb9a017c,1,0,checklist,M,0.25,0.75,M,M,M,0.125,4,13,M,"Which of the following appears in the bolded text to the left? Check all that apply, or none, and highlight the part of the passage in which you see each.",M,True
153,100054,7360da3cdcf83a48e365821654ef0750810f3483efb8e25ad792eed6f4bf0b6f,raw_307360da3cdcf83a48e365821654ef0750810f3483efb8e25ad792eed6f4bf0b6f,377e7638-d1b1-4f2c-ad56-f02be2bb2de5,3530f88a-6f3f-46c0-a840-8a7b94afa968,Covid_Languagev1.1,a6eca3a8c143a31e7b37337f744912e6d33c5b2f49cd29570daee3cfdb9a017c,3,974a3ced-959f-439f-ab88-abe65741870c,ordinal,2,0.6780719051126377,0.6780719051126377,[],,,0.6780719051126377,2,5,,How much does the exaggeration misrepresent reality?,Considerable misrepresentation,True
145,100054,7360da3cdcf83a48e365821654ef0750810f3483efb8e25ad792eed6f4bf0b6f,raw_307360da3cdcf83a48e365821654ef0750810f3483efb8e25ad792eed6f4bf0b6f,377e7638-d1b1-4f2c-ad56-f02be2bb2de5,3530f88a-6f3f-46c0-a840-8a7b94afa968,Covid_Languagev1.1,a6eca3a8c143a31e7b37337f744912e6d33c5b2f49cd29570daee3cfdb9a017c,1,0,checklist,L,0.0,1.0,L,L,L,0.0,4,13,L,"Which of the following appears in the bolded text to the left? Check all that apply, or none, and highlight the part of the passage in which you see each.",L,True
154,100054,7360da3cdcf83a48e365821654ef0750810f3483efb8e25ad792eed6f4bf0b6f,raw_307360da3cdcf83a48e365821654ef0750810f3483efb8e25ad792eed6f4bf0b6f,377e7638-d1b1-4f2c-ad56-f02be2bb2de5,3530f88a-6f3f-46c0-a840-8a7b94afa968,Covid_Languagev1.1,a6eca3a8c143a31e7b37337f744912e6d33c5b2f49cd29570daee3cfdb9a017c,12,1199a2a4-c9c4-4e74-a4c6-a43535f5b7aa,ordinal,1,1.0,1.0,[],,,1.0,4,4,,"Does the passage contain a particularly neutral, circumspect, or measured account of a frequently heated issue? If so, please offer them kudos.",Nope,True
146,100054,7360da3cdcf83a48e365821654ef0750810f3483efb8e25ad792eed6f4bf0b6f,raw_307360da3cdcf83a48e365821654ef0750810f3483efb8e25ad792eed6f4bf0b6f,377e7638-d1b1-4f2c-ad56-f02be2bb2de5,3530f88a-6f3f-46c0-a840-8a7b94afa968,Covid_Languagev1.1,a6eca3a8c143a31e7b37337f744912e6d33c5b2f49cd29570daee3cfdb9a017c,1,0,checklist,L,0.0,1.0,L,L,L,0.0,4,13,L,"Which of the following appears in the bolded text to the left? Check all that apply, or none, and highlight the part of the passage in which you see each.",L,True
119,100054,7360da3cdcf83a48e365821654ef0750810f3483efb8e25ad792eed6f4bf0b6f,raw_307360da3cdcf83a48e365821654ef0750810f3483efb8e25ad792eed6f4bf0b6f,44032133-a9cd-4baa-a10d-2aab5cbf6372,63c97812-de47-4ce1-a810-44599ea5c747,Covid_Languagev1.1,a6eca3a8c143a31e7b37337f744912e6d33c5b2f49cd29570daee3cfdb9a017c,12,1199a2a4-c9c4-4e74-a4c6-a43535f5b7aa,ordinal,1,1.0,1.0,[],,,1.0,4,4,,"Does the passage contain a particularly neutral, circumspect, or measured account of a frequently heated issue? If so, please offer them kudos.",Nope,True
126,100054,7360da3cdcf83a48e365821654ef0750810f3483efb8e25ad792eed6f4bf0b6f,raw_307360da3cdcf83a48e365821654ef0750810f3483efb8e25ad792eed6f4bf0b6f,795381ec-411a-48e6-af52-5ed9fbf3d8b2,b02ccc86-7e39-43b4-9de5-178e9695f0cf,Covid_Languagev1.1,a6eca3a8c143a31e7b37337f744912e6d33c5b2f49cd29570daee3cfdb9a017c,1,0,checklist,L,0.0,1.0,L,L,L,0.0,4,13,L,"Which of the following appears in the bolded text to the left? Check all that apply, or none, and highlight the part of the passage in which you see each.",L,True
136,100054,7360da3cdcf83a48e365821654ef0750810f3483efb8e25ad792eed6f4bf0b6f,raw_307360da3cdcf83a48e365821654ef0750810f3483efb8e25ad792eed6f4bf0b6f,795381ec-411a-48e6-af52-5ed9fbf3d8b2,b02ccc86-7e39-43b4-9de5-178e9695f0cf,Covid_Languagev1.1,a6eca3a8c143a31e7b37337f744912e6d33c5b2f49cd29570daee3cfdb9a017c,12,1199a2a4-c9c4-4e74-a4c6-a43535f5b7aa,ordinal,1,1.0,1.0,[],,,1.0,4,4,,"Does the passage contain a particularly neutral, circumspect, or measured account of a frequently heated issue? If so, please offer them kudos.",Nope,True
110,100054,7360da3cdcf83a48e365821654ef0750810f3483efb8e25ad792eed6f4bf0b6f,raw_307360da3cdcf83a48e365821654ef0750810f3483efb8e25ad792eed6f4bf0b6f,44032133-a9cd-4baa-a10d-2aab5cbf6372,63c97812-de47-4ce1-a810-44599ea5c747,Covid_Languagev1.1,a6eca3a8c143a31e7b37337f744912e6d33c5b2f49cd29570daee3cfdb9a017c,1,0,checklist,L,0.0,1.0,L,L,L,0.0,11,13,L,"Which of the following appears in the bolded text to the left? Check all that apply, or none, and highlight the part of the passage in which you see each.",L,True
123,100054,7360da3cdcf83a48e365821654ef0750810f3483efb8e25ad792eed6f4bf0b6f,raw_307360da3cdcf83a48e365821654ef0750810f3483efb8e25ad792eed6f4bf0b6f,795381ec-411a-48e6-af52-5ed9fbf3d8b2,b02ccc86-7e39-43b4-9de5-178e9695f0cf,Covid_Languagev1.1,a6eca3a8c143a31e7b37337f744912e6d33c5b2f49cd29570daee3cfdb9a017c,1,0,checklist,L,0.0,1.0,L,L,L,0.0,4,13,L,"Which of the following appears in the bolded text to the left? Check all that apply, or none, and highlight the part of the passage in which you see each.",L,True
122,100054,7360da3cdcf83a48e365821654ef0750810f3483efb8e25ad792eed6f4bf0b6f,raw_307360da3cdcf83a48e365821654ef0750810f3483efb8e25ad792eed6f4bf0b6f,795381ec-411a-48e6-af52-5ed9fbf3d8b2,b02ccc86-7e39-43b4-9de5-178e9695f0cf,Covid_Languagev1.1,a6eca3a8c143a31e7b37337f744912e6d33c5b2f49cd29570daee3cfdb9a017c,1,0,checklist,L,0.0,1.0,L,L,L,0.0,4,13,L,"Which of the following appears in the bolded text to the left? Check all that apply, or none, and highlight the part of the passage in which you see each.",L,True
114,100054,7360da3cdcf83a48e365821654ef0750810f3483efb8e25ad792eed6f4bf0b6f,raw_307360da3cdcf83a48e365821654ef0750810f3483efb8e25ad792eed6f4bf0b6f,44032133-a9cd-4baa-a10d-2aab5cbf6372,63c97812-de47-4ce1-a810-44599ea5c747,Covid_Languagev1.1,a6eca3a8c143a31e7b37337f744912e6d33c5b2f49cd29570daee3cfdb9a017c,1,0,checklist,L,0.0,1.0,L,L,L,0.0,11,13,L,"Which of the following appears in the bolded text to the left? Check all that apply, or none, and highlight the part of the passage in which you see each.",L,True
113,100054,7360da3cdcf83a48e365821654ef0750810f3483efb8e25ad792eed6f4bf0b6f,raw_307360da3cdcf83a48e365821654ef0750810f3483efb8e25ad792eed6f4bf0b6f,44032133-a9cd-4baa-a10d-2aab5cbf6372,63c97812-de47-4ce1-a810-44599ea5c747,Covid_Languagev1.1,a6eca3a8c143a31e7b37337f744912e6d33c5b2f49cd29570daee3cfdb9a017c,1,0,checklist,L,0.0,1.0,L,L,L,0.0,11,13,L,"Which of the following appears in the bolded text to the left? Check all that apply, or none, and highlight the part of the passage in which you see each.",L,True
148,100054,7360da3cdcf83a48e365821654ef0750810f3483efb8e25ad792eed6f4bf0b6f,raw_307360da3cdcf83a48e365821654ef0750810f3483efb8e25ad792eed6f4bf0b6f,377e7638-d1b1-4f2c-ad56-f02be2bb2de5,3530f88a-6f3f-46c0-a840-8a7b94afa968,Covid_Languagev1.1,a6eca3a8c143a31e7b37337f744912e6d33c5b2f49cd29570daee3cfdb9a017c,1,0,checklist,L,0.0,1.0,L,L,L,0.0,4,13,L,"Which of the following appears in the bolded text to the left? Check all that apply, or none, and highlight the part of the passage in which you see each.",L,True
112,100054,7360da3cdcf83a48e365821654ef0750810f3483efb8e25ad792eed6f4bf0b6f,raw_307360da3cdcf83a48e365821654ef0750810f3483efb8e25ad792eed6f4bf0b6f,44032133-a9cd-4baa-a10d-2aab5cbf6372,63c97812-de47-4ce1-a810-44599ea5c747,Covid_Languagev1.1,a6eca3a8c143a31e7b37337f744912e6d33c5b2f49cd29570daee3cfdb9a017c,1,0,checklist,M,0.2727272727272727,0.7272727272727273,M,M,M,0.13636363636363635,11,13,M,"Which of the following appears in the bolded text to the left? Check all that apply, or none, and highlight the part of the passage in which you see each.",M,True
155,100054,7360da3cdcf83a48e365821654ef0750810f3483efb8e25ad792eed6f4bf0b6f,raw_307360da3cdcf83a48e365821654ef0750810f3483efb8e25ad792eed6f4bf0b6f,377e7638-d1b1-4f2c-ad56-f02be2bb2de5,3530f88a-6f3f-46c0-a840-8a7b94afa968,Covid_Languagev1.1,a6eca3a8c143a31e7b37337f744912e6d33c5b2f49cd29570daee3cfdb9a017c,14,1bccf571-1344-428c-ac8e-de833661d9c4,ordinal,1,0.7630344058337939,0.7630344058337939,[],,,0.7630344058337939,4,10,,"How difficult was this task for you, on the whole?",1: Easiest thing I've ever done in a classroom setting,True
120,100054,7360da3cdcf83a48e365821654ef0750810f3483efb8e25ad792eed6f4bf0b6f,raw_307360da3cdcf83a48e365821654ef0750810f3483efb8e25ad792eed6f4bf0b6f,44032133-a9cd-4baa-a10d-2aab5cbf6372,63c97812-de47-4ce1-a810-44599ea5c747,Covid_Languagev1.1,a6eca3a8c143a31e7b37337f744912e6d33c5b2f49cd29570daee3cfdb9a017c,14,8983ed40-7485-4a46-b87f-df64af2061f8,ordinal,3,0.8006240210491449,0.8006240210491449,[],,,0.8006240210491449,4,10,,"How difficult was this task for you, on the whole?",3,True
109,100054,7360da3cdcf83a48e365821654ef0750810f3483efb8e25ad792eed6f4bf0b6f,raw_307360da3cdcf83a48e365821654ef0750810f3483efb8e25ad792eed6f4bf0b6f,44032133-a9cd-4baa-a10d-2aab5cbf6372,63c97812-de47-4ce1-a810-44599ea5c747,Covid_Languagev1.1,a6eca3a8c143a31e7b37337f744912e6d33c5b2f49cd29570daee3cfdb9a017c,1,0,checklist,L,0.0,1.0,L,L,L,0.0,11,13,L,"Which of the following appears in the bolded text to the left? Check all that apply, or none, and highlight the part of the passage in which you see each.",L,True
102,100054,7360da3cdcf83a48e365821654ef0750810f3483efb8e25ad792eed6f4bf0b6f,raw_307360da3cdcf83a48e365821654ef0750810f3483efb8e25ad792eed6f4bf0b6f,44032133-a9cd-4baa-a10d-2aab5cbf6372,63c97812-de47-4ce1-a810-44599ea5c747,Covid_Languagev1.1,a6eca3a8c143a31e7b37337f744912e6d33c5b2f49cd29570daee3cfdb9a017c,1,0,checklist,M,0.18181818181818185,0.8181818181818181,M,M,M,0.09090909090909093,11,13,M,"Which of the following appears in the bolded text to the left? Check all that apply, or none, and highlight the part of the passage in which you see each.",M,True
137,100054,7360da3cdcf83a48e365821654ef0750810f3483efb8e25ad792eed6f4bf0b6f,raw_307360da3cdcf83a48e365821654ef0750810f3483efb8e25ad792eed6f4bf0b6f,795381ec-411a-48e6-af52-5ed9fbf3d8b2,b02ccc86-7e39-43b4-9de5-178e9695f0cf,Covid_Languagev1.1,a6eca3a8c143a31e7b37337f744912e6d33c5b2f49cd29570daee3cfdb9a017c,14,f8b9aa2b-b0c4-478b-a31a-eabc42101dcb,ordinal,2,0.9444869106665612,0.9444869106665612,[],,,0.9444869106665612,4,10,,"How difficult was this task for you, on the whole?",2,True
108,100054,7360da3cdcf83a48e365821654ef0750810f3483efb8e25ad792eed6f4bf0b6f,raw_307360da3cdcf83a48e365821654ef0750810f3483efb8e25ad792eed6f4bf0b6f,44032133-a9cd-4baa-a10d-2aab5cbf6372,63c97812-de47-4ce1-a810-44599ea5c747,Covid_Languagev1.1,a6eca3a8c143a31e7b37337f744912e6d33c5b2f49cd29570daee3cfdb9a017c,1,0,checklist,L,0.0,1.0,L,L,L,0.0,11,13,L,"Which of the following appears in the bolded text to the left? Check all that apply, or none, and highlight the part of the passage in which you see each.",L,True
107,100054,7360da3cdcf83a48e365821654ef0750810f3483efb8e25ad792eed6f4bf0b6f,raw_307360da3cdcf83a48e365821654ef0750810f3483efb8e25ad792eed6f4bf0b6f,44032133-a9cd-4baa-a10d-2aab5cbf6372,63c97812-de47-4ce1-a810-44599ea5c747,Covid_Languagev1.1,a6eca3a8c143a31e7b37337f744912e6d33c5b2f49cd29570daee3cfdb9a017c,1,0,checklist,L,0.0,1.0,L,L,L,0.0,11,13,L,"Which of the following appears in the bolded text to the left? Check all that apply, or none, and highlight the part of the passage in which you see each.",L,True
106,100054,7360da3cdcf83a48e365821654ef0750810f3483efb8e25ad792eed6f4bf0b6f,raw_307360da3cdcf83a48e365821654ef0750810f3483efb8e25ad792eed6f4bf0b6f,44032133-a9cd-4baa-a10d-2aab5cbf6372,63c97812-de47-4ce1-a810-44599ea5c747,Covid_Languagev1.1,a6eca3a8c143a31e7b37337f744912e6d33c5b2f49cd29570daee3cfdb9a017c,1,0,checklist,L,0.0,1.0,L,L,L,0.0,11,13,L,"Which of the following appears in the bolded text to the left? Check all that apply, or none, and highlight the part of the passage in which you see each.",L,True
121,100054,7360da3cdcf83a48e365821654ef0750810f3483efb8e25ad792eed6f4bf0b6f,raw_307360da3cdcf83a48e365821654ef0750810f3483efb8e25ad792eed6f4bf0b6f,44032133-a9cd-4baa-a10d-2aab5cbf6372,63c97812-de47-4ce1-a810-44599ea5c747,Covid_Languagev1.1,a6eca3a8c143a31e7b37337f744912e6d33c5b2f49cd29570daee3cfdb9a017c,15,fcb8fe36-923f-47b7-b67e-e4061e97c2f4,ordinal,8,0.8390359525563189,0.8390359525563189,[],,,0.8390359525563189,4,10,,"How confident are you about your answers, on the whole?",8,True
105,100054,7360da3cdcf83a48e365821654ef0750810f3483efb8e25ad792eed6f4bf0b6f,raw_307360da3cdcf83a48e365821654ef0750810f3483efb8e25ad792eed6f4bf0b6f,44032133-a9cd-4baa-a10d-2aab5cbf6372,63c97812-de47-4ce1-a810-44599ea5c747,Covid_Languagev1.1,a6eca3a8c143a31e7b37337f744912e6d33c5b2f49cd29570daee3cfdb9a017c,1,0,checklist,M,0.2727272727272727,0.7272727272727273,M,M,M,0.13636363636363635,11,13,M,"Which of the following appears in the bolded text to the left? Check all that apply, or none, and highlight the part of the passage in which you see each.",M,True
104,100054,7360da3cdcf83a48e365821654ef0750810f3483efb8e25ad792eed6f4bf0b6f,raw_307360da3cdcf83a48e365821654ef0750810f3483efb8e25ad792eed6f4bf0b6f,44032133-a9cd-4baa-a10d-2aab5cbf6372,63c97812-de47-4ce1-a810-44599ea5c747,Covid_Languagev1.1,a6eca3a8c143a31e7b37337f744912e6d33c5b2f49cd29570daee3cfdb9a017c,1,0,checklist,L,0.09090909090909093,0.9090909090909092,L,L,L,0.045454545454545456,11,13,L,"Which of the following appears in the bolded text to the left? Check all that apply, or none, and highlight the part of the passage in which you see each.",L,True
103,100054,7360da3cdcf83a48e365821654ef0750810f3483efb8e25ad792eed6f4bf0b6f,raw_307360da3cdcf83a48e365821654ef0750810f3483efb8e25ad792eed6f4bf0b6f,44032133-a9cd-4baa-a10d-2aab5cbf6372,63c97812-de47-4ce1-a810-44599ea5c747,Covid_Languagev1.1,a6eca3a8c143a31e7b37337f744912e6d33c5b2f49cd29570daee3cfdb9a017c,1,0,checklist,M,0.18181818181818185,0.8181818181818181,M,M,M,0.09090909090909093,11,13,M,"Which of the following appears in the bolded text to the left? Check all that apply, or none, and highlight the part of the passage in which you see each.",M,True
138,100054,7360da3cdcf83a48e365821654ef0750810f3483efb8e25ad792eed6f4bf0b6f,raw_307360da3cdcf83a48e365821654ef0750810f3483efb8e25ad792eed6f4bf0b6f,795381ec-411a-48e6-af52-5ed9fbf3d8b2,b02ccc86-7e39-43b4-9de5-178e9695f0cf,Covid_Languagev1.1,a6eca3a8c143a31e7b37337f744912e6d33c5b2f49cd29570daee3cfdb9a017c,15,fcb8fe36-923f-47b7-b67e-e4061e97c2f4,ordinal,8,0.8864698968789163,0.8864698968789163,[],,,0.8864698968789163,4,10,,"How confident are you about your answers, on the whole?",8,True
111,100054,7360da3cdcf83a48e365821654ef0750810f3483efb8e25ad792eed6f4bf0b6f,raw_307360da3cdcf83a48e365821654ef0750810f3483efb8e25ad792eed6f4bf0b6f,44032133-a9cd-4baa-a10d-2aab5cbf6372,63c97812-de47-4ce1-a810-44599ea5c747,Covid_Languagev1.1,a6eca3a8c143a31e7b37337f744912e6d33c5b2f49cd29570daee3cfdb9a017c,1,0,checklist,L,0.0,1.0,L,L,L,0.0,11,13,L,"Which of the following appears in the bolded text to the left? Check all that apply, or none, and highlight the part of the passage in which you see each.",L,True
156,100054,7360da3cdcf83a48e365821654ef0750810f3483efb8e25ad792eed6f4bf0b6f,raw_307360da3cdcf83a48e365821654ef0750810f3483efb8e25ad792eed6f4bf0b6f,377e7638-d1b1-4f2c-ad56-f02be2bb2de5,3530f88a-6f3f-46c0-a840-8a7b94afa968,Covid_Languagev1.1,a6eca3a8c143a31e7b37337f744912e6d33c5b2f49cd29570daee3cfdb9a017c,15,bb75e9ce-c656-4eaa-a895-8f258f335de1,ordinal,3,0.6035000473475728,0.6035000473475728,[],,,0.6035000473475728,4,10,,"How confident are you about your answers, on the whole?",3,True
144,100054,7360da3cdcf83a48e365821654ef0750810f3483efb8e25ad792eed6f4bf0b6f,raw_307360da3cdcf83a48e365821654ef0750810f3483efb8e25ad792eed6f4bf0b6f,377e7638-d1b1-4f2c-ad56-f02be2bb2de5,3530f88a-6f3f-46c0-a840-8a7b94afa968,Covid_Languagev1.1,a6eca3a8c143a31e7b37337f744912e6d33c5b2f49cd29570daee3cfdb9a017c,1,0,checklist,L,0.0,1.0,L,L,L,0.0,4,13,L,"Which of the following appears in the bolded text to the left? Check all that apply, or none, and highlight the part of the passage in which you see each.",L,True
142,100054,7360da3cdcf83a48e365821654ef0750810f3483efb8e25ad792eed6f4bf0b6f,raw_307360da3cdcf83a48e365821654ef0750810f3483efb8e25ad792eed6f4bf0b6f,377e7638-d1b1-4f2c-ad56-f02be2bb2de5,3530f88a-6f3f-46c0-a840-8a7b94afa968,Covid_Languagev1.1,a6eca3a8c143a31e7b37337f744912e6d33c5b2f49cd29570daee3cfdb9a017c,1,0,checklist,L,0.0,1.0,L,L,L,0.0,4,13,L,"Which of the following appears in the bolded text to the left? Check all that apply, or none, and highlight the part of the passage in which you see each.",L,True
150,100054,7360da3cdcf83a48e365821654ef0750810f3483efb8e25ad792eed6f4bf0b6f,raw_307360da3cdcf83a48e365821654ef0750810f3483efb8e25ad792eed6f4bf0b6f,377e7638-d1b1-4f2c-ad56-f02be2bb2de5,3530f88a-6f3f-46c0-a840-8a7b94afa968,Covid_Languagev1.1,a6eca3a8c143a31e7b37337f744912e6d33c5b2f49cd29570daee3cfdb9a017c,1,0,checklist,L,0.0,1.0,L,L,L,0.0,4,13,L,"Which of the following appears in the bolded text to the left? Check all that apply, or none, and highlight the part of the passage in which you see each.",L,True
143,100054,7360da3cdcf83a48e365821654ef0750810f3483efb8e25ad792eed6f4bf0b6f,raw_307360da3cdcf83a48e365821654ef0750810f3483efb8e25ad792eed6f4bf0b6f,377e7638-d1b1-4f2c-ad56-f02be2bb2de5,3530f88a-6f3f-46c0-a840-8a7b94afa968,Covid_Languagev1.1,a6eca3a8c143a31e7b37337f744912e6d33c5b2f49cd29570daee3cfdb9a017c,1,0,checklist,L,0.0,1.0,L,L,L,0.0,4,13,L,"Which of the following appears in the bolded text to the left? Check all that apply, or none, and highlight the part of the passage in which you see each.",L,True
127,100054,7360da3cdcf83a48e365821654ef0750810f3483efb8e25ad792eed6f4bf0b6f,raw_307360da3cdcf83a48e365821654ef0750810f3483efb8e25ad792eed6f4bf0b6f,795381ec-411a-48e6-af52-5ed9fbf3d8b2,b02ccc86-7e39-43b4-9de5-178e9695f0cf,Covid_Languagev1.1,a6eca3a8c143a31e7b37337f744912e6d33c5b2f49cd29570daee3cfdb9a017c,1,0,checklist,L,0.0,1.0,L,L,L,0.0,4,13,L,"Which of the following appears in the bolded text to the left? Check all that apply, or none, and highlight the part of the passage in which you see each.",L,True
125,100054,7360da3cdcf83a48e365821654ef0750810f3483efb8e25ad792eed6f4bf0b6f,raw_307360da3cdcf83a48e365821654ef0750810f3483efb8e25ad792eed6f4bf0b6f,795381ec-411a-48e6-af52-5ed9fbf3d8b2,b02ccc86-7e39-43b4-9de5-178e9695f0cf,Covid_Languagev1.1,a6eca3a8c143a31e7b37337f744912e6d33c5b2f49cd29570daee3cfdb9a017c,1,0,checklist,L,0.0,1.0,L,L,L,0.0,4,13,L,"Which of the following appears in the bolded text to the left? Check all that apply, or none, and highlight the part of the passage in which you see each.",L,True
147,100054,7360da3cdcf83a48e365821654ef0750810f3483efb8e25ad792eed6f4bf0b6f,raw_307360da3cdcf83a48e365821654ef0750810f3483efb8e25ad792eed6f4bf0b6f,377e7638-d1b1-4f2c-ad56-f02be2bb2de5,3530f88a-6f3f-46c0-a840-8a7b94afa968,Covid_Languagev1.1,a6eca3a8c143a31e7b37337f744912e6d33c5b2f49cd29570daee3cfdb9a017c,1,0,checklist,L,0.0,1.0,L,L,L,0.0,4,13,L,"Which of the following appears in the bolded text to the left? Check all that apply, or none, and highlight the part of the passage in which you see each.",L,True
124,100054,7360da3cdcf83a48e365821654ef0750810f3483efb8e25ad792eed6f4bf0b6f,raw_307360da3cdcf83a48e365821654ef0750810f3483efb8e25ad792eed6f4bf0b6f,795381ec-411a-48e6-af52-5ed9fbf3d8b2,b02ccc86-7e39-43b4-9de5-178e9695f0cf,Covid_Languagev1.1,a6eca3a8c143a31e7b37337f744912e6d33c5b2f49cd29570daee3cfdb9a017c,1,0,checklist,L,0.0,1.0,L,L,L,0.0,4,13,L,"Which of the following appears in the bolded text to the left? Check all that apply, or none, and highlight the part of the passage in which you see each.",L,True
128,100054,7360da3cdcf83a48e365821654ef0750810f3483efb8e25ad792eed6f4bf0b6f,raw_307360da3cdcf83a48e365821654ef0750810f3483efb8e25ad792eed6f4bf0b6f,795381ec-411a-48e6-af52-5ed9fbf3d8b2,b02ccc86-7e39-43b4-9de5-178e9695f0cf,Covid_Languagev1.1,a6eca3a8c143a31e7b37337f744912e6d33c5b2f49cd29570daee3cfdb9a017c,1,0,checklist,M,0.25,0.75,M,M,M,0.125,4,13,M,"Which of the following appears in the bolded text to the left? Check all that apply, or none, and highlight the part of the passage in which you see each.",M,True
129,100054,7360da3cdcf83a48e365821654ef0750810f3483efb8e25ad792eed6f4bf0b6f,raw_307360da3cdcf83a48e365821654ef0750810f3483efb8e25ad792eed6f4bf0b6f,795381ec-411a-48e6-af52-5ed9fbf3d8b2,b02ccc86-7e39-43b4-9de5-178e9695f0cf,Covid_Languagev1.1,a6eca3a8c143a31e7b37337f744912e6d33c5b2f49cd29570daee3cfdb9a017c,1,0,checklist,L,0.0,1.0,L,L,L,0.0,4,13,L,"Which of the following appears in the bolded text to the left? Check all that apply, or none, and highlight the part of the passage in which you see each.",L,True
151,100054,7360da3cdcf83a48e365821654ef0750810f3483efb8e25ad792eed6f4bf0b6f,raw_307360da3cdcf83a48e365821654ef0750810f3483efb8e25ad792eed6f4bf0b6f,377e7638-d1b1-4f2c-ad56-f02be2bb2de5,3530f88a-6f3f-46c0-a840-8a7b94afa968,Covid_Languagev1.1,a6eca3a8c143a31e7b37337f744912e6d33c5b2f49cd29570daee3cfdb9a017c,1,0,checklist,L,0.0,1.0,L,L,L,0.0,4,13,L,"Which of the following appears in the bolded text to the left? Check all that apply, or none, and highlight the part of the passage in which you see each.",L,True
131,100054,7360da3cdcf83a48e365821654ef0750810f3483efb8e25ad792eed6f4bf0b6f,raw_307360da3cdcf83a48e365821654ef0750810f3483efb8e25ad792eed6f4bf0b6f,795381ec-411a-48e6-af52-5ed9fbf3d8b2,b02ccc86-7e39-43b4-9de5-178e9695f0cf,Covid_Languagev1.1,a6eca3a8c143a31e7b37337f744912e6d33c5b2f49cd29570daee3cfdb9a017c,1,0,checklist,L,0.0,1.0,L,L,L,0.0,4,13,L,"Which of the following appears in the bolded text to the left? Check all that apply, or none, and highlight the part of the passage in which you see each.",L,True
132,100054,7360da3cdcf83a48e365821654ef0750810f3483efb8e25ad792eed6f4bf0b6f,raw_307360da3cdcf83a48e365821654ef0750810f3483efb8e25ad792eed6f4bf0b6f,795381ec-411a-48e6-af52-5ed9fbf3d8b2,b02ccc86-7e39-43b4-9de5-178e9695f0cf,Covid_Languagev1.1,a6eca3a8c143a31e7b37337f744912e6d33c5b2f49cd29570daee3cfdb9a017c,1,0,checklist,L,0.0,1.0,L,L,L,0.0,4,13,L,"Which of the following appears in the bolded text to the left? Check all that apply, or none, and highlight the part of the passage in which you see each.",L,True
133,100054,7360da3cdcf83a48e365821654ef0750810f3483efb8e25ad792eed6f4bf0b6f,raw_307360da3cdcf83a48e365821654ef0750810f3483efb8e25ad792eed6f4bf0b6f,795381ec-411a-48e6-af52-5ed9fbf3d8b2,b02ccc86-7e39-43b4-9de5-178e9695f0cf,Covid_Languagev1.1,a6eca3a8c143a31e7b37337f744912e6d33c5b2f49cd29570daee3cfdb9a017c,1,0,checklist,L,0.0,1.0,L,L,L,0.0,4,13,L,"Which of the following appears in the bolded text to the left? Check all that apply, or none, and highlight the part of the passage in which you see each.",L,True
134,100054,7360da3cdcf83a48e365821654ef0750810f3483efb8e25ad792eed6f4bf0b6f,raw_307360da3cdcf83a48e365821654ef0750810f3483efb8e25ad792eed6f4bf0b6f,795381ec-411a-48e6-af52-5ed9fbf3d8b2,b02ccc86-7e39-43b4-9de5-178e9695f0cf,Covid_Languagev1.1,a6eca3a8c143a31e7b37337f744912e6d33c5b2f49cd29570daee3cfdb9a017c,1,f2a393ae-f059-46bc-bd39-c4eadd7bdfcc,checklist,13,0.75,0.25,[],,,0.75,4,13,,"Which of the following appears in the bolded text to the left? Check all that apply, or none, and highlight the part of the passage in which you see each.",Nothing wrong with language,True
139,100054,7360da3cdcf83a48e365821654ef0750810f3483efb8e25ad792eed6f4bf0b6f,raw_307360da3cdcf83a48e365821654ef0750810f3483efb8e25ad792eed6f4bf0b6f,377e7638-d1b1-4f2c-ad56-f02be2bb2de5,3530f88a-6f3f-46c0-a840-8a7b94afa968,Covid_Languagev1.1,a6eca3a8c143a31e7b37337f744912e6d33c5b2f49cd29570daee3cfdb9a017c,1,0,checklist,M,0.25,0.75,M,M,M,0.125,4,13,M,"Which of the following appears in the bolded text to the left? Check all that apply, or none, and highlight the part of the passage in which you see each.",M,True
140,100054,7360da3cdcf83a48e365821654ef0750810f3483efb8e25ad792eed6f4bf0b6f,raw_307360da3cdcf83a48e365821654ef0750810f3483efb8e25ad792eed6f4bf0b6f,377e7638-d1b1-4f2c-ad56-f02be2bb2de5,3530f88a-6f3f-46c0-a840-8a7b94afa968,Covid_Languagev1.1,a6eca3a8c143a31e7b37337f744912e6d33c5b2f49cd29570daee3cfdb9a017c,1,8a1d3be8-2887-4f4c-8347-493c0f2493c2,checklist,2,0.5,0.5,[],,,0.5,4,13,,"Which of the following appears in the bolded text to the left? Check all that apply, or none, and highlight the part of the passage in which you see each.",Exaggeration,True
130,100054,7360da3cdcf83a48e365821654ef0750810f3483efb8e25ad792eed6f4bf0b6f,raw_307360da3cdcf83a48e365821654ef0750810f3483efb8e25ad792eed6f4bf0b6f,795381ec-411a-48e6-af52-5ed9fbf3d8b2,b02ccc86-7e39-43b4-9de5-178e9695f0cf,Covid_Languagev1.1,a6eca3a8c143a31e7b37337f744912e6d33c5b2f49cd29570daee3cfdb9a017c,1,0,checklist,L,0.0,1.0,L,L,L,0.0,4,13,L,"Which of the following appears in the bolded text to the left? Check all that apply, or none, and highlight the part of the passage in which you see each.",L,True
141,100054,7360da3cdcf83a48e365821654ef0750810f3483efb8e25ad792eed6f4bf0b6f,raw_307360da3cdcf83a48e365821654ef0750810f3483efb8e25ad792eed6f4bf0b6f,377e7638-d1b1-4f2c-ad56-f02be2bb2de5,3530f88a-6f3f-46c0-a840-8a7b94afa968,Covid_Languagev1.1,a6eca3a8c143a31e7b37337f744912e6d33c5b2f49cd29570daee3cfdb9a017c,1,0,checklist,L,0.0,1.0,L,L,L,0.0,4,13,L,"Which of the following appears in the bolded text to the left? Check all that apply, or none, and highlight the part of the passage in which you see each.",L,True
172,100055,3be14d67e2d88964904dcbe7df176bb81dacfc76a6f2e4ec66b45681c86c9301,raw_303be14d67e2d88964904dcbe7df176bb81dacfc76a6f2e4ec66b45681c86c9301,fccc2c8e-9be9-4e9f-8bf7-b298fd326cdc,5dc960c2-fa14-4523-9f6b-d96ee5ff442c,Covid_Languagev1.1,a6eca3a8c143a31e7b37337f744912e6d33c5b2f49cd29570daee3cfdb9a017c,12,1199a2a4-c9c4-4e74-a4c6-a43535f5b7aa,ordinal,1,1.0,1.0,[],,,1.0,4,4,,"Does the passage contain a particularly neutral, circumspect, or measured account of a frequently heated issue? If so, please offer them kudos.",Nope,True
163,100055,3be14d67e2d88964904dcbe7df176bb81dacfc76a6f2e4ec66b45681c86c9301,raw_303be14d67e2d88964904dcbe7df176bb81dacfc76a6f2e4ec66b45681c86c9301,fccc2c8e-9be9-4e9f-8bf7-b298fd326cdc,5dc960c2-fa14-4523-9f6b-d96ee5ff442c,Covid_Languagev1.1,a6eca3a8c143a31e7b37337f744912e6d33c5b2f49cd29570daee3cfdb9a017c,1,0,checklist,L,0.0,1.0,L,L,L,0.0,7,13,L,"Which of the following appears in the bolded text to the left? Check all that apply, or none, and highlight the part of the passage in which you see each.",L,True
169,100055,3be14d67e2d88964904dcbe7df176bb81dacfc76a6f2e4ec66b45681c86c9301,raw_303be14d67e2d88964904dcbe7df176bb81dacfc76a6f2e4ec66b45681c86c9301,fccc2c8e-9be9-4e9f-8bf7-b298fd326cdc,5dc960c2-fa14-4523-9f6b-d96ee5ff442c,Covid_Languagev1.1,a6eca3a8c143a31e7b37337f744912e6d33c5b2f49cd29570daee3cfdb9a017c,1,0,checklist,L,0.0,1.0,L,L,L,0.0,7,13,L,"Which of the following appears in the bolded text to the left? Check all that apply, or none, and highlight the part of the passage in which you see each.",L,True
168,100055,3be14d67e2d88964904dcbe7df176bb81dacfc76a6f2e4ec66b45681c86c9301,raw_303be14d67e2d88964904dcbe7df176bb81dacfc76a6f2e4ec66b45681c86c9301,fccc2c8e-9be9-4e9f-8bf7-b298fd326cdc,5dc960c2-fa14-4523-9f6b-d96ee5ff442c,Covid_Languagev1.1,a6eca3a8c143a31e7b37337f744912e6d33c5b2f49cd29570daee3cfdb9a017c,1,0,checklist,L,0.0,1.0,L,L,L,0.0,7,13,L,"Which of the following appears in the bolded text to the left? Check all that apply, or none, and highlight the part of the passage in which you see each.",L,True
167,100055,3be14d67e2d88964904dcbe7df176bb81dacfc76a6f2e4ec66b45681c86c9301,raw_303be14d67e2d88964904dcbe7df176bb81dacfc76a6f2e4ec66b45681c86c9301,fccc2c8e-9be9-4e9f-8bf7-b298fd326cdc,5dc960c2-fa14-4523-9f6b-d96ee5ff442c,Covid_Languagev1.1,a6eca3a8c143a31e7b37337f744912e6d33c5b2f49cd29570daee3cfdb9a017c,1,ce7dd8c8-bb22-4b03-ad52-ec8db244a7cf,checklist,11,0.42857142857142855,0.5714285714285714,[],,,0.42857142857142855,7,13,,"Which of the following appears in the bolded text to the left? Check all that apply, or none, and highlight the part of the passage in which you see each.",Colorful but not misleading in any way,True
166,100055,3be14d67e2d88964904dcbe7df176bb81dacfc76a6f2e4ec66b45681c86c9301,raw_303be14d67e2d88964904dcbe7df176bb81dacfc76a6f2e4ec66b45681c86c9301,fccc2c8e-9be9-4e9f-8bf7-b298fd326cdc,5dc960c2-fa14-4523-9f6b-d96ee5ff442c,Covid_Languagev1.1,a6eca3a8c143a31e7b37337f744912e6d33c5b2f49cd29570daee3cfdb9a017c,1,0,checklist,L,0.0,1.0,L,L,L,0.0,7,13,L,"Which of the following appears in the bolded text to the left? Check all that apply, or none, and highlight the part of the passage in which you see each.",L,True
165,100055,3be14d67e2d88964904dcbe7df176bb81dacfc76a6f2e4ec66b45681c86c9301,raw_303be14d67e2d88964904dcbe7df176bb81dacfc76a6f2e4ec66b45681c86c9301,fccc2c8e-9be9-4e9f-8bf7-b298fd326cdc,5dc960c2-fa14-4523-9f6b-d96ee5ff442c,Covid_Languagev1.1,a6eca3a8c143a31e7b37337f744912e6d33c5b2f49cd29570daee3cfdb9a017c,1,0,checklist,L,0.0,1.0,L,L,L,0.0,7,13,L,"Which of the following appears in the bolded text to the left? Check all that apply, or none, and highlight the part of the passage in which you see each.",L,True
164,100055,3be14d67e2d88964904dcbe7df176bb81dacfc76a6f2e4ec66b45681c86c9301,raw_303be14d67e2d88964904dcbe7df176bb81dacfc76a6f2e4ec66b45681c86c9301,fccc2c8e-9be9-4e9f-8bf7-b298fd326cdc,5dc960c2-fa14-4523-9f6b-d96ee5ff442c,Covid_Languagev1.1,a6eca3a8c143a31e7b37337f744912e6d33c5b2f49cd29570daee3cfdb9a017c,1,0,checklist,L,0.0,1.0,L,L,L,0.0,7,13,L,"Which of the following appears in the bolded text to the left? Check all that apply, or none, and highlight the part of the passage in which you see each.",L,True
160,100055,3be14d67e2d88964904dcbe7df176bb81dacfc76a6f2e4ec66b45681c86c9301,raw_303be14d67e2d88964904dcbe7df176bb81dacfc76a6f2e4ec66b45681c86c9301,fccc2c8e-9be9-4e9f-8bf7-b298fd326cdc,5dc960c2-fa14-4523-9f6b-d96ee5ff442c,Covid_Languagev1.1,a6eca3a8c143a31e7b37337f744912e6d33c5b2f49cd29570daee3cfdb9a017c,1,0,checklist,L,0.0,1.0,L,L,L,0.0,7,13,L,"Which of the following appears in the bolded text to the left? Check all that apply, or none, and highlight the part of the passage in which you see each.",L,True
161,100055,3be14d67e2d88964904dcbe7df176bb81dacfc76a6f2e4ec66b45681c86c9301,raw_303be14d67e2d88964904dcbe7df176bb81dacfc76a6f2e4ec66b45681c86c9301,fccc2c8e-9be9-4e9f-8bf7-b298fd326cdc,5dc960c2-fa14-4523-9f6b-d96ee5ff442c,Covid_Languagev1.1,a6eca3a8c143a31e7b37337f744912e6d33c5b2f49cd29570daee3cfdb9a017c,1,0,checklist,L,0.0,1.0,L,L,L,0.0,7,13,L,"Which of the following appears in the bolded text to the left? Check all that apply, or none, and highlight the part of the passage in which you see each.",L,True
159,100055,3be14d67e2d88964904dcbe7df176bb81dacfc76a6f2e4ec66b45681c86c9301,raw_303be14d67e2d88964904dcbe7df176bb81dacfc76a6f2e4ec66b45681c86c9301,fccc2c8e-9be9-4e9f-8bf7-b298fd326cdc,5dc960c2-fa14-4523-9f6b-d96ee5ff442c,Covid_Languagev1.1,a6eca3a8c143a31e7b37337f744912e6d33c5b2f49cd29570daee3cfdb9a017c,1,0,checklist,L,0.0,1.0,L,L,L,0.0,7,13,L,"Which of the following appears in the bolded text to the left? Check all that apply, or none, and highlight the part of the passage in which you see each.",L,True
173,100055,3be14d67e2d88964904dcbe7df176bb81dacfc76a6f2e4ec66b45681c86c9301,raw_303be14d67e2d88964904dcbe7df176bb81dacfc76a6f2e4ec66b45681c86c9301,fccc2c8e-9be9-4e9f-8bf7-b298fd326cdc,5dc960c2-fa14-4523-9f6b-d96ee5ff442c,Covid_Languagev1.1,a6eca3a8c143a31e7b37337f744912e6d33c5b2f49cd29570daee3cfdb9a017c,14,1bccf571-1344-428c-ac8e-de833661d9c4,ordinal,1,0.6752486235420666,0.6752486235420666,[],,,0.6752486235420666,4,10,,"How difficult was this task for you, on the whole?",1: Easiest thing I've ever done in a classroom setting,True
158,100055,3be14d67e2d88964904dcbe7df176bb81dacfc76a6f2e4ec66b45681c86c9301,raw_303be14d67e2d88964904dcbe7df176bb81dacfc76a6f2e4ec66b45681c86c9301,fccc2c8e-9be9-4e9f-8bf7-b298fd326cdc,5dc960c2-fa14-4523-9f6b-d96ee5ff442c,Covid_Languagev1.1,a6eca3a8c143a31e7b37337f744912e6d33c5b2f49cd29570daee3cfdb9a017c,1,0,checklist,L,0.14285714285714285,0.8571428571428572,L,L,L,0.07142857142857142,7,13,L,"Which of the following appears in the bolded text to the left? Check all that apply, or none, and highlight the part of the passage in which you see each.",L,True
157,100055,3be14d67e2d88964904dcbe7df176bb81dacfc76a6f2e4ec66b45681c86c9301,raw_303be14d67e2d88964904dcbe7df176bb81dacfc76a6f2e4ec66b45681c86c9301,fccc2c8e-9be9-4e9f-8bf7-b298fd326cdc,5dc960c2-fa14-4523-9f6b-d96ee5ff442c,Covid_Languagev1.1,a6eca3a8c143a31e7b37337f744912e6d33c5b2f49cd29570daee3cfdb9a017c,1,492f4aa4-d54c-46b2-8bc7-1e9676b607e9,checklist,1,0.42857142857142855,0.5714285714285714,[],,,0.42857142857142855,7,13,,"Which of the following appears in the bolded text to the left? Check all that apply, or none, and highlight the part of the passage in which you see each.",Metaphorical Language,True
170,100055,3be14d67e2d88964904dcbe7df176bb81dacfc76a6f2e4ec66b45681c86c9301,raw_303be14d67e2d88964904dcbe7df176bb81dacfc76a6f2e4ec66b45681c86c9301,fccc2c8e-9be9-4e9f-8bf7-b298fd326cdc,5dc960c2-fa14-4523-9f6b-d96ee5ff442c,Covid_Languagev1.1,a6eca3a8c143a31e7b37337f744912e6d33c5b2f49cd29570daee3cfdb9a017c,2,de0fd3bb-5b55-41b7-81a4-f0daad69ba69,ordinal,4,1.0,1.0,[],,,1.0,3,5,,"The use of metaphorical language (e.g., metaphors of war, disease, infection, invasion, alien, decay, etc) is....",MILDLY excessive/inappropriate,True
162,100055,3be14d67e2d88964904dcbe7df176bb81dacfc76a6f2e4ec66b45681c86c9301,raw_303be14d67e2d88964904dcbe7df176bb81dacfc76a6f2e4ec66b45681c86c9301,fccc2c8e-9be9-4e9f-8bf7-b298fd326cdc,5dc960c2-fa14-4523-9f6b-d96ee5ff442c,Covid_Languagev1.1,a6eca3a8c143a31e7b37337f744912e6d33c5b2f49cd29570daee3cfdb9a017c,1,0,checklist,L,0.0,1.0,L,L,L,0.0,7,13,L,"Which of the following appears in the bolded text to the left? Check all that apply, or none, and highlight the part of the passage in which you see each.",L,True
174,100055,3be14d67e2d88964904dcbe7df176bb81dacfc76a6f2e4ec66b45681c86c9301,raw_303be14d67e2d88964904dcbe7df176bb81dacfc76a6f2e4ec66b45681c86c9301,fccc2c8e-9be9-4e9f-8bf7-b298fd326cdc,5dc960c2-fa14-4523-9f6b-d96ee5ff442c,Covid_Languagev1.1,a6eca3a8c143a31e7b37337f744912e6d33c5b2f49cd29570daee3cfdb9a017c,15,4444a121-f326-4b1a-9e00-d11b9db56d42,ordinal,4,0.7050029255581973,0.7050029255581973,[],,,0.7050029255581973,4,10,,"How confident are you about your answers, on the whole?",4,True
